# Collective test starting: alltoall_perf
# nThread 1 nGpus 1 minBytes 1048576 maxBytes 4294967296 step: 2(factor) warmup iters: 5 iters: 20 agg iters: 1 validation: 1 graph: 0
#
rccl-tests: Version HEAD:155f474
# Using devices
#  Rank  0 Group  0 Pid 160898 on ip-10-32-4-110 device  0 [0000:05:00] BW1000_H
#  Rank  1 Group  0 Pid 160905 on ip-10-32-4-110 device  1 [0000:2b:00] BW1000_H
#  Rank  2 Group  0 Pid 160900 on ip-10-32-4-110 device  2 [0000:14:00] BW1000_H
#  Rank  3 Group  0 Pid 160903 on ip-10-32-4-110 device  3 [0000:1c:00] BW1000_H
#  Rank  4 Group  0 Pid 160901 on ip-10-32-4-110 device  4 [0000:86:00] BW1000_H
#  Rank  5 Group  0 Pid 160904 on ip-10-32-4-110 device  5 [0000:b8:00] BW1000_H
#  Rank  6 Group  0 Pid 160902 on ip-10-32-4-110 device  6 [0000:bf:00] BW1000_H
#  Rank  7 Group  0 Pid 160899 on ip-10-32-4-110 device  7 [0000:9e:00] BW1000_H
#  Rank  8 Group  0 Pid  33211 on ip-10-32-4-76 device  0 [0000:05:00] BW1000_H
#  Rank  9 Group  0 Pid  33213 on ip-10-32-4-76 device  1 [0000:2b:00] BW1000_H
#  Rank 10 Group  0 Pid  33212 on ip-10-32-4-76 device  2 [0000:14:00] BW1000_H
#  Rank 11 Group  0 Pid  33214 on ip-10-32-4-76 device  3 [0000:1c:00] BW1000_H
#  Rank 12 Group  0 Pid  33216 on ip-10-32-4-76 device  4 [0000:86:00] BW1000_H
#  Rank 13 Group  0 Pid  33215 on ip-10-32-4-76 device  5 [0000:b8:00] BW1000_H
#  Rank 14 Group  0 Pid  33217 on ip-10-32-4-76 device  6 [0000:bf:00] BW1000_H
#  Rank 15 Group  0 Pid  33218 on ip-10-32-4-76 device  7 [0000:9e:00] BW1000_H
ip-10-32-4-110:160898:160898 [0] NCCL INFO Kernel version: 6.6.110-42.4.tl4.x86_64
ip-10-32-4-110:160898:160898 [0] NCCL INFO Hipruntime version: 70226365, firmware version: 62
ip-10-32-4-110:160898:160898 [0] NCCL INFO NCCL_SOCKET_IFNAME set to eth0
ip-10-32-4-110:160898:160898 [0] NCCL INFO ROCr version 1.11
ip-10-32-4-110:160898:160898 [0] NCCL INFO Dmabuf feature disabled without NCCL_DMABUF_ENABLE=1
ip-10-32-4-110:160898:160898 [0] NCCL INFO Kernel version: 6.6.110-42.4.tl4.x86_64
ip-10-32-4-110:160898:160898 [0] NCCL INFO RCCL version : 2.27.7-HEAD:3b793e3
HIP version  : 7.2.26365-0599bcb4
ROCm version : 7.2.3.0-0-18d184d
Hostname     : ip-10-32-4-110
Librccl path : /opt/dtk/lib/librccl.so.1
ip-10-32-4-110:160898:160939 [0] NCCL INFO NET/Plugin: Could not find: libnccl-net.so. 
ip-10-32-4-110:160898:160939 [0] NCCL INFO dlvsym failed on mlx5dv_get_data_direct_sysfs_path - /lib/x86_64-linux-gnu/libmlx5.so.1: undefined symbol: mlx5dv_get_data_direct_sysfs_path, version MLX5_1.25 version MLX5_1.25
ip-10-32-4-110:160898:160939 [0] NCCL INFO dlvsym failed on mlx5dv_reg_dmabuf_mr - /lib/x86_64-linux-gnu/libmlx5.so.1: undefined symbol: mlx5dv_reg_dmabuf_mr, version MLX5_1.25 version MLX5_1.25
ip-10-32-4-110:160898:160939 [0] NCCL INFO NET/IB: [0] mlx5_bond_0:uverbs0:1/RoCE provider=Mlx5 speed=200000 context=0x7fae58183180 pciPath=/sys/devices/pci0000:00/0000:00:01.1/0000:01:00.0/0000:02:01.0/0000:06:00.0 ar=0
ip-10-32-4-110:160898:160939 [0] NCCL INFO NET/IB : Made virtual device [0] name=mlx5_bond_0 speed=200000 ndevs=1
ip-10-32-4-110:160898:160939 [0] NCCL INFO NET/IB: [1] mlx5_bond_1:uverbs1:1/RoCE provider=Mlx5 speed=200000 context=0x7fae581c4820 pciPath=/sys/devices/pci0000:0e/0000:0e:03.1/0000:17:00.0/0000:18:00.0/0000:19:00.0 ar=0
ip-10-32-4-110:160898:160939 [0] NCCL INFO NET/IB : Made virtual device [1] name=mlx5_bond_1 speed=200000 ndevs=1
ip-10-32-4-110:160898:160939 [0] NCCL INFO NET/IB: [2] mlx5_bond_2:uverbs2:1/RoCE provider=Mlx5 speed=200000 context=0x7fae58205ec0 pciPath=/sys/devices/pci0000:80/0000:80:01.1/0000:81:00.0/0000:82:00.0/0000:83:00.0 ar=0
ip-10-32-4-110:160898:160939 [0] NCCL INFO NET/IB : Made virtual device [2] name=mlx5_bond_2 speed=200000 ndevs=1
ip-10-32-4-110:160898:160939 [0] NCCL INFO NET/IB: [3] mlx5_bond_3:uverbs3:1/RoCE provider=Mlx5 speed=200000 context=0x7fae58247560 pciPath=/sys/devices/pci0000:b2/0000:b2:03.1/0000:bb:00.0/0000:bc:01.0/0000:c0:00.0 ar=0
ip-10-32-4-110:160898:160939 [0] NCCL INFO NET/IB : Made virtual device [3] name=mlx5_bond_3 speed=200000 ndevs=1
ip-10-32-4-110:160898:160939 [0] NCCL INFO NET/IB : Using [0]mlx5_bond_0:1/RoCE [1]mlx5_bond_1:1/RoCE [2]mlx5_bond_2:1/RoCE [3]mlx5_bond_3:1/RoCE [RO]; OOB eth0:10.32.4.110<0>
ip-10-32-4-110:160898:160939 [0] NCCL INFO Initialized NET plugin IB
ip-10-32-4-110:160898:160939 [0] NCCL INFO Found ib_register_peer_memory_client in /proc/kallsyms
ip-10-32-4-110:160898:160939 [0] NCCL INFO Assigned NET plugin IB to comm
ip-10-32-4-110:160898:160939 [0] NCCL INFO Using network IB
ip-10-32-4-110:160898:160939 [0] NCCL INFO rocm_smi_lib: version 1.0.0.0
ip-10-32-4-110:160898:160939 [0] NCCL INFO ncclCommInitRank_impl comm 0x7fb8b2d25010 rank 0 nranks 16 cudaDev 0 nvmlDev 0 busId 5000 commId 0x69e738f54ea9bdf1 - Init START
ip-10-32-4-110:160898:160939 [0] NCCL INFO RAS client listening socket at ::1<28028>
ip-10-32-4-110:160898:160939 [0] NCCL INFO CC_MODE agent: ccMode=0
ip-10-32-4-110:160898:160939 [0] NCCL INFO rank:0 get match hsa dev domain:0x0 bdf:0x500 rank busId:0x20480
ip-10-32-4-110:160898:160939 [0] NCCL INFO XDP Switch is on with xdp_size : 14
ip-10-32-4-110:160898:160939 [0] NCCL INFO rank 0/16, cuMemSupport 0, isSuperNode 0, cuMemHandleType Default
ip-10-32-4-110:160898:160939 [0] NCCL INFO Skipping topology detection, NCCL_TOPO_FILE(not set), /tmp/topo.xml(exists), NICName(mlx5_bond_0).
ip-10-32-4-110:160898:160939 [0] NCCL INFO Loading topology file /tmp/topo.xml
ip-10-32-4-110:160898:160939 [0] NCCL INFO Loading unnamed topology
ip-10-32-4-110:160898:160939 [0] NCCL INFO rocm_smi_lib: version 1.0.0.0
ip-10-32-4-110:160898:160939 [0] NCCL INFO TOPO/NET : Importing network plugins to topology
ip-10-32-4-110:160898:160939 [0] NCCL INFO Retrieving state for IB
ip-10-32-4-110:160898:160939 [0] NCCL INFO Initialized state 0 for IB
ip-10-32-4-110:160898:160939 [0] NCCL INFO NET/IB : GPU Direct RDMA Enabled for HCA 0 'mlx5_bond_0'
ip-10-32-4-110:160898:160939 [0] NCCL INFO ncclTopoPopulateNics : Filled mlx5_bond_0 in topo with pciPath=/sys/devices/pci0000:00/0000:00:01.1/0000:01:00.0/0000:02:01.0/0000:06:00.0 keep=1 coll=(null)
ip-10-32-4-110:160898:160939 [0] NCCL INFO NET/IB : GPU Direct RDMA Enabled for HCA 1 'mlx5_bond_1'
ip-10-32-4-110:160898:160939 [0] NCCL INFO ncclTopoPopulateNics : Filled mlx5_bond_1 in topo with pciPath=/sys/devices/pci0000:0e/0000:0e:03.1/0000:17:00.0/0000:18:00.0/0000:19:00.0 keep=1 coll=(null)
ip-10-32-4-110:160898:160939 [0] NCCL INFO NET/IB : GPU Direct RDMA Enabled for HCA 2 'mlx5_bond_2'
ip-10-32-4-110:160898:160939 [0] NCCL INFO ncclTopoPopulateNics : Filled mlx5_bond_2 in topo with pciPath=/sys/devices/pci0000:80/0000:80:01.1/0000:81:00.0/0000:82:00.0/0000:83:00.0 keep=1 coll=(null)
ip-10-32-4-110:160898:160939 [0] NCCL INFO NET/IB : GPU Direct RDMA Enabled for HCA 3 'mlx5_bond_3'
ip-10-32-4-110:160898:160939 [0] NCCL INFO ncclTopoPopulateNics : Filled mlx5_bond_3 in topo with pciPath=/sys/devices/pci0000:b2/0000:b2:03.1/0000:bb:00.0/0000:bc:01.0/0000:c0:00.0 keep=1 coll=(null)
ip-10-32-4-110:160898:160939 [0] NCCL INFO NCCL_NET_GDR_LEVEL set by environment to PXB
ip-10-32-4-110:160898:160939 [0] NCCL INFO GPU Direct RDMA Enabled for GPU 0 / HCA 0 (distance 4 <= 5), read 0 mode Default
ip-10-32-4-110:160898:160939 [0] NCCL INFO GPU Direct RDMA Enabled for GPU 1 / HCA 0 (distance 4 <= 5), read 0 mode Default
ip-10-32-4-110:160898:160939 [0] NCCL INFO GPU Direct RDMA Enabled for GPU 2 / HCA 1 (distance 4 <= 5), read 0 mode Default
ip-10-32-4-110:160898:160939 [0] NCCL INFO GPU Direct RDMA Enabled for GPU 3 / HCA 1 (distance 4 <= 5), read 0 mode Default
ip-10-32-4-110:160898:160939 [0] NCCL INFO GPU Direct RDMA Enabled for GPU 4 / HCA 2 (distance 4 <= 5), read 0 mode Default
ip-10-32-4-110:160898:160939 [0] NCCL INFO GPU Direct RDMA Enabled for GPU 5 / HCA 2 (distance 4 <= 5), read 0 mode Default
ip-10-32-4-110:160898:160939 [0] NCCL INFO GPU Direct RDMA Enabled for GPU 6 / HCA 3 (distance 4 <= 5), read 0 mode Default
ip-10-32-4-110:160898:160939 [0] NCCL INFO GPU Direct RDMA Enabled for GPU 7 / HCA 3 (distance 4 <= 5), read 0 mode Default
ip-10-32-4-110:160898:160939 [0] NCCL INFO GPU Direct RDMA Enabled for GPU 0 / HCA 0 (distance 4 <= 5), read 1 mode Default
ip-10-32-4-110:160898:160939 [0] NCCL INFO GPU Direct RDMA Enabled for GPU 1 / HCA 0 (distance 4 <= 5), read 1 mode Default
ip-10-32-4-110:160898:160939 [0] NCCL INFO GPU Direct RDMA Enabled for GPU 2 / HCA 1 (distance 4 <= 5), read 1 mode Default
ip-10-32-4-110:160898:160939 [0] NCCL INFO GPU Direct RDMA Enabled for GPU 3 / HCA 1 (distance 4 <= 5), read 1 mode Default
ip-10-32-4-110:160898:160939 [0] NCCL INFO GPU Direct RDMA Enabled for GPU 4 / HCA 2 (distance 4 <= 5), read 1 mode Default
ip-10-32-4-110:160898:160939 [0] NCCL INFO GPU Direct RDMA Enabled for GPU 5 / HCA 2 (distance 4 <= 5), read 1 mode Default
ip-10-32-4-110:160898:160939 [0] NCCL INFO GPU Direct RDMA Enabled for GPU 6 / HCA 3 (distance 4 <= 5), read 1 mode Default
ip-10-32-4-110:160898:160939 [0] NCCL INFO GPU Direct RDMA Enabled for GPU 7 / HCA 3 (distance 4 <= 5), read 1 mode Default
ip-10-32-4-110:160898:160939 [0] NCCL INFO GPU Direct RDMA Enabled for GPU 0 / HCA 0 (distance 4 <= 5), read 0 mode Default
ip-10-32-4-110:160898:160939 [0] NCCL INFO GPU Direct RDMA Enabled for GPU 1 / HCA 0 (distance 4 <= 5), read 0 mode Default
ip-10-32-4-110:160898:160939 [0] NCCL INFO GPU Direct RDMA Enabled for GPU 2 / HCA 1 (distance 4 <= 5), read 0 mode Default
ip-10-32-4-110:160898:160939 [0] NCCL INFO GPU Direct RDMA Enabled for GPU 3 / HCA 1 (distance 4 <= 5), read 0 mode Default
ip-10-32-4-110:160898:160939 [0] NCCL INFO GPU Direct RDMA Enabled for GPU 4 / HCA 2 (distance 4 <= 5), read 0 mode Default
ip-10-32-4-110:160898:160939 [0] NCCL INFO GPU Direct RDMA Enabled for GPU 5 / HCA 2 (distance 4 <= 5), read 0 mode Default
ip-10-32-4-110:160898:160939 [0] NCCL INFO GPU Direct RDMA Enabled for GPU 6 / HCA 3 (distance 4 <= 5), read 0 mode Default
ip-10-32-4-110:160898:160939 [0] NCCL INFO GPU Direct RDMA Enabled for GPU 7 / HCA 3 (distance 4 <= 5), read 0 mode Default
ip-10-32-4-110:160898:160939 [0] NCCL INFO === System : maxBw 25.0 totalBw 224.0 ===
ip-10-32-4-110:160898:160939 [0] NCCL INFO CPU/0-0 (1/2/6)
ip-10-32-4-110:160898:160939 [0] NCCL INFO + PCI[48.0] - PCI/0-4000 (1d9423b61d9423b6)
ip-10-32-4-110:160898:160939 [0] NCCL INFO               + PCI[48.0] - GPU/0-5000 (0)
ip-10-32-4-110:160898:160939 [0] NCCL INFO                             + XGMI[224.0] - NVS/0-0
ip-10-32-4-110:160898:160939 [0] NCCL INFO               + PCI[48.0] - NIC/0-6000
ip-10-32-4-110:160898:160939 [0] NCCL INFO                             + NET[25.0] - NET/0-0 (0/684914000350bcf0/1/25.000000)
ip-10-32-4-110:160898:160939 [0] NCCL INFO               + PCI[48.0] - GPU/0-2b000 (1)
ip-10-32-4-110:160898:160939 [0] NCCL INFO                             + XGMI[224.0] - NVS/0-0
ip-10-32-4-110:160898:160939 [0] NCCL INFO + PCI[48.0] - PCI/0-13000 (1d9423b61d9423b6)
ip-10-32-4-110:160898:160939 [0] NCCL INFO               + PCI[48.0] - NIC/0-19000
ip-10-32-4-110:160898:160939 [0] NCCL INFO                             + NET[25.0] - NET/0-1 (0/fa9305000350bcf0/1/25.000000)
ip-10-32-4-110:160898:160939 [0] NCCL INFO               + PCI[48.0] - GPU/0-14000 (2)
ip-10-32-4-110:160898:160939 [0] NCCL INFO                             + XGMI[224.0] - NVS/0-0
ip-10-32-4-110:160898:160939 [0] NCCL INFO               + PCI[48.0] - GPU/0-1c000 (3)
ip-10-32-4-110:160898:160939 [0] NCCL INFO                             + XGMI[224.0] - NVS/0-0
ip-10-32-4-110:160898:160939 [0] NCCL INFO + SYS[16.0] - CPU/0-1
ip-10-32-4-110:160898:160939 [0] NCCL INFO CPU/0-1 (1/2/6)
ip-10-32-4-110:160898:160939 [0] NCCL INFO + PCI[48.0] - PCI/0-85000 (1d9423b61d9423b6)
ip-10-32-4-110:160898:160939 [0] NCCL INFO               + PCI[48.0] - NIC/0-83000
ip-10-32-4-110:160898:160939 [0] NCCL INFO                             + NET[25.0] - NET/0-2 (0/eaa005000350bcf0/1/25.000000)
ip-10-32-4-110:160898:160939 [0] NCCL INFO               + PCI[48.0] - GPU/0-86000 (4)
ip-10-32-4-110:160898:160939 [0] NCCL INFO                             + XGMI[224.0] - NVS/0-0
ip-10-32-4-110:160898:160939 [0] NCCL INFO               + PCI[48.0] - GPU/0-b8000 (5)
ip-10-32-4-110:160898:160939 [0] NCCL INFO                             + XGMI[224.0] - NVS/0-0
ip-10-32-4-110:160898:160939 [0] NCCL INFO + PCI[48.0] - PCI/0-be000 (1d9423b61d9423b6)
ip-10-32-4-110:160898:160939 [0] NCCL INFO               + PCI[48.0] - NIC/0-c0000
ip-10-32-4-110:160898:160939 [0] NCCL INFO                             + NET[25.0] - NET/0-3 (0/ba8005000350bcf0/1/25.000000)
ip-10-32-4-110:160898:160939 [0] NCCL INFO               + PCI[48.0] - GPU/0-bf000 (6)
ip-10-32-4-110:160898:160939 [0] NCCL INFO                             + XGMI[224.0] - NVS/0-0
ip-10-32-4-110:160898:160939 [0] NCCL INFO               + PCI[48.0] - GPU/0-9e000 (7)
ip-10-32-4-110:160898:160939 [0] NCCL INFO                             + XGMI[224.0] - NVS/0-0
ip-10-32-4-110:160898:160939 [0] NCCL INFO + SYS[16.0] - CPU/0-0
ip-10-32-4-110:160898:160939 [0] NCCL INFO ==========================================
ip-10-32-4-110:160898:160939 [0] NCCL INFO GPU/0-5000 :GPU/0-5000 (0/5000.0/LOC) GPU/0-2b000 (2/224.0/XGMI) GPU/0-14000 (2/224.0/XGMI) GPU/0-1c000 (2/224.0/XGMI) GPU/0-86000 (2/224.0/XGMI) GPU/0-b8000 (2/224.0/XGMI) GPU/0-bf000 (2/224.0/XGMI) GPU/0-9e000 (2/224.0/XGMI) NVS/0-0 (1/224.0/XGMI) CPU/0-0 (2/48.0/PHB) CPU/0-1 (3/16.0/SYS) NET/0-0 (3/25.0/PIX) NET/0-1 (5/25.0/PHB) NET/0-2 (6/16.0/SYS) NET/0-3 (6/16.0/SYS) 
ip-10-32-4-110:160898:160939 [0] NCCL INFO GPU/0-2b000 :GPU/0-5000 (2/224.0/XGMI) GPU/0-2b000 (0/5000.0/LOC) GPU/0-14000 (2/224.0/XGMI) GPU/0-1c000 (2/224.0/XGMI) GPU/0-86000 (2/224.0/XGMI) GPU/0-b8000 (2/224.0/XGMI) GPU/0-bf000 (2/224.0/XGMI) GPU/0-9e000 (2/224.0/XGMI) NVS/0-0 (1/224.0/XGMI) CPU/0-0 (2/48.0/PHB) CPU/0-1 (3/16.0/SYS) NET/0-0 (3/25.0/PIX) NET/0-1 (5/25.0/PHB) NET/0-2 (6/16.0/SYS) NET/0-3 (6/16.0/SYS) 
ip-10-32-4-110:160898:160939 [0] NCCL INFO GPU/0-14000 :GPU/0-5000 (2/224.0/XGMI) GPU/0-2b000 (2/224.0/XGMI) GPU/0-14000 (0/5000.0/LOC) GPU/0-1c000 (2/224.0/XGMI) GPU/0-86000 (2/224.0/XGMI) GPU/0-b8000 (2/224.0/XGMI) GPU/0-bf000 (2/224.0/XGMI) GPU/0-9e000 (2/224.0/XGMI) NVS/0-0 (1/224.0/XGMI) CPU/0-0 (2/48.0/PHB) CPU/0-1 (3/16.0/SYS) NET/0-0 (5/25.0/PHB) NET/0-1 (3/25.0/PIX) NET/0-2 (6/16.0/SYS) NET/0-3 (6/16.0/SYS) 
ip-10-32-4-110:160898:160939 [0] NCCL INFO GPU/0-1c000 :GPU/0-5000 (2/224.0/XGMI) GPU/0-2b000 (2/224.0/XGMI) GPU/0-14000 (2/224.0/XGMI) GPU/0-1c000 (0/5000.0/LOC) GPU/0-86000 (2/224.0/XGMI) GPU/0-b8000 (2/224.0/XGMI) GPU/0-bf000 (2/224.0/XGMI) GPU/0-9e000 (2/224.0/XGMI) NVS/0-0 (1/224.0/XGMI) CPU/0-0 (2/48.0/PHB) CPU/0-1 (3/16.0/SYS) NET/0-0 (5/25.0/PHB) NET/0-1 (3/25.0/PIX) NET/0-2 (6/16.0/SYS) NET/0-3 (6/16.0/SYS) 
ip-10-32-4-110:160898:160939 [0] NCCL INFO GPU/0-86000 :GPU/0-5000 (2/224.0/XGMI) GPU/0-2b000 (2/224.0/XGMI) GPU/0-14000 (2/224.0/XGMI) GPU/0-1c000 (2/224.0/XGMI) GPU/0-86000 (0/5000.0/LOC) GPU/0-b8000 (2/224.0/XGMI) GPU/0-bf000 (2/224.0/XGMI) GPU/0-9e000 (2/224.0/XGMI) NVS/0-0 (1/224.0/XGMI) CPU/0-0 (3/16.0/SYS) CPU/0-1 (2/48.0/PHB) NET/0-0 (6/16.0/SYS) NET/0-1 (6/16.0/SYS) NET/0-2 (3/25.0/PIX) NET/0-3 (5/25.0/PHB) 
ip-10-32-4-110:160898:160939 [0] NCCL INFO GPU/0-b8000 :GPU/0-5000 (2/224.0/XGMI) GPU/0-2b000 (2/224.0/XGMI) GPU/0-14000 (2/224.0/XGMI) GPU/0-1c000 (2/224.0/XGMI) GPU/0-86000 (2/224.0/XGMI) GPU/0-b8000 (0/5000.0/LOC) GPU/0-bf000 (2/224.0/XGMI) GPU/0-9e000 (2/224.0/XGMI) NVS/0-0 (1/224.0/XGMI) CPU/0-0 (3/16.0/SYS) CPU/0-1 (2/48.0/PHB) NET/0-0 (6/16.0/SYS) NET/0-1 (6/16.0/SYS) NET/0-2 (3/25.0/PIX) NET/0-3 (5/25.0/PHB) 
ip-10-32-4-110:160898:160939 [0] NCCL INFO GPU/0-bf000 :GPU/0-5000 (2/224.0/XGMI) GPU/0-2b000 (2/224.0/XGMI) GPU/0-14000 (2/224.0/XGMI) GPU/0-1c000 (2/224.0/XGMI) GPU/0-86000 (2/224.0/XGMI) GPU/0-b8000 (2/224.0/XGMI) GPU/0-bf000 (0/5000.0/LOC) GPU/0-9e000 (2/224.0/XGMI) NVS/0-0 (1/224.0/XGMI) CPU/0-0 (3/16.0/SYS) CPU/0-1 (2/48.0/PHB) NET/0-0 (6/16.0/SYS) NET/0-1 (6/16.0/SYS) NET/0-2 (5/25.0/PHB) NET/0-3 (3/25.0/PIX) 
ip-10-32-4-110:160898:160939 [0] NCCL INFO GPU/0-9e000 :GPU/0-5000 (2/224.0/XGMI) GPU/0-2b000 (2/224.0/XGMI) GPU/0-14000 (2/224.0/XGMI) GPU/0-1c000 (2/224.0/XGMI) GPU/0-86000 (2/224.0/XGMI) GPU/0-b8000 (2/224.0/XGMI) GPU/0-bf000 (2/224.0/XGMI) GPU/0-9e000 (0/5000.0/LOC) NVS/0-0 (1/224.0/XGMI) CPU/0-0 (3/16.0/SYS) CPU/0-1 (2/48.0/PHB) NET/0-0 (6/16.0/SYS) NET/0-1 (6/16.0/SYS) NET/0-2 (5/25.0/PHB) NET/0-3 (3/25.0/PIX) 
ip-10-32-4-110:160898:160939 [0] NCCL INFO NET/0-0 :GPU/0-5000 (3/25.0/PIX) GPU/0-2b000 (3/25.0/PIX) GPU/0-14000 (5/25.0/PHB) GPU/0-1c000 (5/25.0/PHB) GPU/0-86000 (6/16.0/SYS) GPU/0-b8000 (6/16.0/SYS) GPU/0-bf000 (6/16.0/SYS) GPU/0-9e000 (6/16.0/SYS) CPU/0-0 (3/25.0/PHB) CPU/0-1 (4/16.0/SYS) NET/0-0 (0/5000.0/LOC) NET/0-1 (6/25.0/PHB) NET/0-2 (7/16.0/SYS) NET/0-3 (7/16.0/SYS) 
ip-10-32-4-110:160898:160939 [0] NCCL INFO NET/0-1 :GPU/0-5000 (5/25.0/PHB) GPU/0-2b000 (5/25.0/PHB) GPU/0-14000 (3/25.0/PIX) GPU/0-1c000 (3/25.0/PIX) GPU/0-86000 (6/16.0/SYS) GPU/0-b8000 (6/16.0/SYS) GPU/0-bf000 (6/16.0/SYS) GPU/0-9e000 (6/16.0/SYS) CPU/0-0 (3/25.0/PHB) CPU/0-1 (4/16.0/SYS) NET/0-0 (6/25.0/PHB) NET/0-1 (0/5000.0/LOC) NET/0-2 (7/16.0/SYS) NET/0-3 (7/16.0/SYS) 
ip-10-32-4-110:160898:160939 [0] NCCL INFO NET/0-2 :GPU/0-5000 (6/16.0/SYS) GPU/0-2b000 (6/16.0/SYS) GPU/0-14000 (6/16.0/SYS) GPU/0-1c000 (6/16.0/SYS) GPU/0-86000 (3/25.0/PIX) GPU/0-b8000 (3/25.0/PIX) GPU/0-bf000 (5/25.0/PHB) GPU/0-9e000 (5/25.0/PHB) CPU/0-0 (4/16.0/SYS) CPU/0-1 (3/25.0/PHB) NET/0-0 (7/16.0/SYS) NET/0-1 (7/16.0/SYS) NET/0-2 (0/5000.0/LOC) NET/0-3 (6/25.0/PHB) 
ip-10-32-4-110:160898:160939 [0] NCCL INFO NET/0-3 :GPU/0-5000 (6/16.0/SYS) GPU/0-2b000 (6/16.0/SYS) GPU/0-14000 (6/16.0/SYS) GPU/0-1c000 (6/16.0/SYS) GPU/0-86000 (5/25.0/PHB) GPU/0-b8000 (5/25.0/PHB) GPU/0-bf000 (3/25.0/PIX) GPU/0-9e000 (3/25.0/PIX) CPU/0-0 (4/16.0/SYS) CPU/0-1 (3/25.0/PHB) NET/0-0 (7/16.0/SYS) NET/0-1 (7/16.0/SYS) NET/0-2 (6/25.0/PHB) NET/0-3 (0/5000.0/LOC) 
ip-10-32-4-110:160898:160939 [0] NCCL INFO Setting affinity for GPU 0 to 0-95,192-287
ip-10-32-4-110:160898:160939 [0] NCCL INFO Rank:0 Get link topo from rocmDev:0 linkNum:8 link:0 linkState:1 remote type:1 bdf:0x4900 topoType:2
ip-10-32-4-110:160898:160939 [0] NCCL INFO Transport init rank 0 useXdp 1 linkTopoType 2
ip-10-32-4-110:160898:160939 [0] NCCL INFO Pattern 4, crossNic 0, nChannels 4, bw 24.000000/24.000000, type XGMI/PIX, sameChannels 0
ip-10-32-4-110:160898:160939 [0] NCCL INFO  0 : NET/0-0 GPU/0-5000 GPU/0-9e000 GPU/0-bf000 GPU/0-b8000 GPU/0-86000 GPU/0-1c000 GPU/0-14000 GPU/0-2b000 NET/0-0
ip-10-32-4-110:160898:160939 [0] NCCL INFO  1 : NET/0-1 GPU/0-14000 GPU/0-2b000 GPU/0-5000 GPU/0-9e000 GPU/0-bf000 GPU/0-b8000 GPU/0-86000 GPU/0-1c000 NET/0-1
ip-10-32-4-110:160898:160939 [0] NCCL INFO  2 : NET/0-2 GPU/0-86000 GPU/0-1c000 GPU/0-14000 GPU/0-2b000 GPU/0-5000 GPU/0-9e000 GPU/0-bf000 GPU/0-b8000 NET/0-2
ip-10-32-4-110:160898:160939 [0] NCCL INFO  3 : NET/0-3 GPU/0-bf000 GPU/0-b8000 GPU/0-86000 GPU/0-1c000 GPU/0-14000 GPU/0-2b000 GPU/0-5000 GPU/0-9e000 NET/0-3
ip-10-32-4-110:160898:160939 [0] NCCL INFO Pattern 1, crossNic 0, nChannels 4, bw 42.000000/24.000000, type XGMI/PIX, sameChannels 0
ip-10-32-4-110:160898:160939 [0] NCCL INFO  0 : NET/0-0 GPU/0-5000 GPU/0-2b000 GPU/0-14000 GPU/0-1c000 GPU/0-86000 GPU/0-b8000 GPU/0-bf000 GPU/0-9e000 NET/0-0
ip-10-32-4-110:160898:160939 [0] NCCL INFO  1 : NET/0-1 GPU/0-14000 GPU/0-1c000 GPU/0-86000 GPU/0-b8000 GPU/0-bf000 GPU/0-9e000 GPU/0-5000 GPU/0-2b000 NET/0-1
ip-10-32-4-110:160898:160939 [0] NCCL INFO  2 : NET/0-2 GPU/0-86000 GPU/0-b8000 GPU/0-bf000 GPU/0-9e000 GPU/0-5000 GPU/0-2b000 GPU/0-14000 GPU/0-1c000 NET/0-2
ip-10-32-4-110:160898:160939 [0] NCCL INFO  3 : NET/0-3 GPU/0-bf000 GPU/0-9e000 GPU/0-5000 GPU/0-2b000 GPU/0-14000 GPU/0-1c000 GPU/0-86000 GPU/0-b8000 NET/0-3
ip-10-32-4-110:160898:160939 [0] NCCL INFO comm 0x7fb8b2d25010 rank 0 nRanks 16 nNodes 2 localRanks 8 localRank 0 MNNVL 0
ip-10-32-4-110:160898:160939 [0] NCCL INFO [RINGS]      00     01     02     03
ip-10-32-4-110:160898:160939 [0] NCCL INFO [RINGS]  00->01 02->03 04->05 06->07
ip-10-32-4-110:160898:160939 [0] NCCL INFO [RINGS]  00->01 02->03 04->05 06->07
ip-10-32-4-110:160898:160939 [0] NCCL INFO Tree 0 : -1 -> 0 -> 1/8/-1
ip-10-32-4-110:160898:160939 [0] NCCL INFO Tree 4 : 8 -> 0 -> 1/-1/-1
ip-10-32-4-110:160898:160939 [0] NCCL INFO Channel 00/32 :  0  7  6  5  4  3  2  1  8 15 14 13 12 11 10  9
ip-10-32-4-110:160898:160939 [0] NCCL INFO Channel 01/32 :  0  7  6  5  4  3 10  9  8 15 14 13 12 11  2  1
ip-10-32-4-110:160898:160939 [0] NCCL INFO Channel 02/32 :  0  7  6  5 12 11 10  9  8 15 14 13  4  3  2  1
ip-10-32-4-110:160898:160939 [0] NCCL INFO Channel 03/32 :  0  7 14 13 12 11 10  9  8 15  6  5  4  3  2  1
ip-10-32-4-110:160898:160939 [0] NCCL INFO Channel 04/32 :  0  7  6  5  4  3  2  1  8 15 14 13 12 11 10  9
ip-10-32-4-110:160898:160939 [0] NCCL INFO Channel 05/32 :  0  7  6  5  4  3 10  9  8 15 14 13 12 11  2  1
ip-10-32-4-110:160898:160939 [0] NCCL INFO Channel 06/32 :  0  7  6  5 12 11 10  9  8 15 14 13  4  3  2  1
ip-10-32-4-110:160898:160939 [0] NCCL INFO Channel 07/32 :  0  7 14 13 12 11 10  9  8 15  6  5  4  3  2  1
ip-10-32-4-110:160898:160939 [0] NCCL INFO Channel 08/32 :  0  7  6  5  4  3  2  1  8 15 14 13 12 11 10  9
ip-10-32-4-110:160898:160939 [0] NCCL INFO Channel 09/32 :  0  7  6  5  4  3 10  9  8 15 14 13 12 11  2  1
ip-10-32-4-110:160898:160939 [0] NCCL INFO Channel 10/32 :  0  7  6  5 12 11 10  9  8 15 14 13  4  3  2  1
ip-10-32-4-110:160898:160939 [0] NCCL INFO Channel 11/32 :  0  7 14 13 12 11 10  9  8 15  6  5  4  3  2  1
ip-10-32-4-110:160898:160939 [0] NCCL INFO Channel 12/32 :  0  7  6  5  4  3  2  1  8 15 14 13 12 11 10  9
ip-10-32-4-110:160898:160939 [0] NCCL INFO Channel 13/32 :  0  7  6  5  4  3 10  9  8 15 14 13 12 11  2  1
ip-10-32-4-110:160898:160939 [0] NCCL INFO Channel 14/32 :  0  7  6  5 12 11 10  9  8 15 14 13  4  3  2  1
ip-10-32-4-110:160898:160939 [0] NCCL INFO Channel 15/32 :  0  7 14 13 12 11 10  9  8 15  6  5  4  3  2  1
ip-10-32-4-110:160898:160939 [0] NCCL INFO Channel 16/32 :  0  7  6  5  4  3  2  1  8 15 14 13 12 11 10  9
ip-10-32-4-110:160898:160939 [0] NCCL INFO Channel 17/32 :  0  7  6  5  4  3 10  9  8 15 14 13 12 11  2  1
ip-10-32-4-110:160898:160939 [0] NCCL INFO Channel 18/32 :  0  7  6  5 12 11 10  9  8 15 14 13  4  3  2  1
ip-10-32-4-110:160898:160939 [0] NCCL INFO Channel 19/32 :  0  7 14 13 12 11 10  9  8 15  6  5  4  3  2  1
ip-10-32-4-110:160898:160939 [0] NCCL INFO Channel 20/32 :  0  7  6  5  4  3  2  1  8 15 14 13 12 11 10  9
ip-10-32-4-110:160898:160939 [0] NCCL INFO Channel 21/32 :  0  7  6  5  4  3 10  9  8 15 14 13 12 11  2  1
ip-10-32-4-110:160898:160939 [0] NCCL INFO Channel 22/32 :  0  7  6  5 12 11 10  9  8 15 14 13  4  3  2  1
ip-10-32-4-110:160898:160939 [0] NCCL INFO Channel 23/32 :  0  7 14 13 12 11 10  9  8 15  6  5  4  3  2  1
ip-10-32-4-110:160898:160939 [0] NCCL INFO Channel 24/32 :  0  7  6  5  4  3  2  1  8 15 14 13 12 11 10  9
ip-10-32-4-110:160898:160939 [0] NCCL INFO Channel 25/32 :  0  7  6  5  4  3 10  9  8 15 14 13 12 11  2  1
ip-10-32-4-110:160898:160939 [0] NCCL INFO Channel 26/32 :  0  7  6  5 12 11 10  9  8 15 14 13  4  3  2  1
ip-10-32-4-110:160898:160939 [0] NCCL INFO Channel 27/32 :  0  7 14 13 12 11 10  9  8 15  6  5  4  3  2  1
ip-10-32-4-110:160898:160939 [0] NCCL INFO Channel 28/32 :  0  7  6  5  4  3  2  1  8 15 14 13 12 11 10  9
ip-10-32-4-110:160898:160939 [0] NCCL INFO Channel 29/32 :  0  7  6  5  4  3 10  9  8 15 14 13 12 11  2  1
ip-10-32-4-110:160898:160939 [0] NCCL INFO Channel 30/32 :  0  7  6  5 12 11 10  9  8 15 14 13  4  3  2  1
ip-10-32-4-110:160898:160939 [0] NCCL INFO Channel 31/32 :  0  7 14 13 12 11 10  9  8 15  6  5  4  3  2  1
ip-10-32-4-110:160898:160939 [0] NCCL INFO ncclCommInitPlaneInfo begin
ip-10-32-4-110:160898:160939 [0] NCCL INFO ncclCommInitPlaneInfo end
ip-10-32-4-110:160898:160939 [0] NCCL INFO Ring 0 : 9 -> 0 -> 7 comm 0x7fb8b2d25010 nRanks 16 busId 5000
ip-10-32-4-110:160898:160939 [0] NCCL INFO Ring 1 : 1 -> 0 -> 7 comm 0x7fb8b2d25010 nRanks 16 busId 5000
ip-10-32-4-110:160898:160939 [0] NCCL INFO Ring 2 : 1 -> 0 -> 7 comm 0x7fb8b2d25010 nRanks 16 busId 5000
ip-10-32-4-110:160898:160939 [0] NCCL INFO Ring 3 : 1 -> 0 -> 7 comm 0x7fb8b2d25010 nRanks 16 busId 5000
ip-10-32-4-110:160898:160939 [0] NCCL INFO Ring 4 : 9 -> 0 -> 7 comm 0x7fb8b2d25010 nRanks 16 busId 5000
ip-10-32-4-110:160898:160939 [0] NCCL INFO Ring 5 : 1 -> 0 -> 7 comm 0x7fb8b2d25010 nRanks 16 busId 5000
ip-10-32-4-110:160898:160939 [0] NCCL INFO Ring 6 : 1 -> 0 -> 7 comm 0x7fb8b2d25010 nRanks 16 busId 5000
ip-10-32-4-110:160898:160939 [0] NCCL INFO Ring 7 : 1 -> 0 -> 7 comm 0x7fb8b2d25010 nRanks 16 busId 5000
ip-10-32-4-110:160898:160939 [0] NCCL INFO Ring 8 : 9 -> 0 -> 7 comm 0x7fb8b2d25010 nRanks 16 busId 5000
ip-10-32-4-110:160898:160939 [0] NCCL INFO Ring 9 : 1 -> 0 -> 7 comm 0x7fb8b2d25010 nRanks 16 busId 5000
ip-10-32-4-110:160898:160939 [0] NCCL INFO Ring 10 : 1 -> 0 -> 7 comm 0x7fb8b2d25010 nRanks 16 busId 5000
ip-10-32-4-110:160898:160939 [0] NCCL INFO Ring 11 : 1 -> 0 -> 7 comm 0x7fb8b2d25010 nRanks 16 busId 5000
ip-10-32-4-110:160898:160939 [0] NCCL INFO Ring 12 : 9 -> 0 -> 7 comm 0x7fb8b2d25010 nRanks 16 busId 5000
ip-10-32-4-110:160898:160939 [0] NCCL INFO Ring 13 : 1 -> 0 -> 7 comm 0x7fb8b2d25010 nRanks 16 busId 5000
ip-10-32-4-110:160898:160939 [0] NCCL INFO Ring 14 : 1 -> 0 -> 7 comm 0x7fb8b2d25010 nRanks 16 busId 5000
ip-10-32-4-110:160898:160939 [0] NCCL INFO Ring 15 : 1 -> 0 -> 7 comm 0x7fb8b2d25010 nRanks 16 busId 5000
ip-10-32-4-110:160898:160939 [0] NCCL INFO Ring 16 : 9 -> 0 -> 7 comm 0x7fb8b2d25010 nRanks 16 busId 5000
ip-10-32-4-110:160898:160939 [0] NCCL INFO Ring 17 : 1 -> 0 -> 7 comm 0x7fb8b2d25010 nRanks 16 busId 5000
ip-10-32-4-110:160898:160939 [0] NCCL INFO Ring 18 : 1 -> 0 -> 7 comm 0x7fb8b2d25010 nRanks 16 busId 5000
ip-10-32-4-110:160898:160939 [0] NCCL INFO Ring 19 : 1 -> 0 -> 7 comm 0x7fb8b2d25010 nRanks 16 busId 5000
ip-10-32-4-110:160898:160939 [0] NCCL INFO Ring 20 : 9 -> 0 -> 7 comm 0x7fb8b2d25010 nRanks 16 busId 5000
ip-10-32-4-110:160898:160939 [0] NCCL INFO Ring 21 : 1 -> 0 -> 7 comm 0x7fb8b2d25010 nRanks 16 busId 5000
ip-10-32-4-110:160898:160939 [0] NCCL INFO Ring 22 : 1 -> 0 -> 7 comm 0x7fb8b2d25010 nRanks 16 busId 5000
ip-10-32-4-110:160898:160939 [0] NCCL INFO Ring 23 : 1 -> 0 -> 7 comm 0x7fb8b2d25010 nRanks 16 busId 5000
ip-10-32-4-110:160898:160939 [0] NCCL INFO Ring 24 : 9 -> 0 -> 7 comm 0x7fb8b2d25010 nRanks 16 busId 5000
ip-10-32-4-110:160898:160939 [0] NCCL INFO Ring 25 : 1 -> 0 -> 7 comm 0x7fb8b2d25010 nRanks 16 busId 5000
ip-10-32-4-110:160898:160939 [0] NCCL INFO Ring 26 : 1 -> 0 -> 7 comm 0x7fb8b2d25010 nRanks 16 busId 5000
ip-10-32-4-110:160898:160939 [0] NCCL INFO Ring 27 : 1 -> 0 -> 7 comm 0x7fb8b2d25010 nRanks 16 busId 5000
ip-10-32-4-110:160898:160939 [0] NCCL INFO Ring 28 : 9 -> 0 -> 7 comm 0x7fb8b2d25010 nRanks 16 busId 5000
ip-10-32-4-110:160898:160939 [0] NCCL INFO Ring 29 : 1 -> 0 -> 7 comm 0x7fb8b2d25010 nRanks 16 busId 5000
ip-10-32-4-110:160898:160939 [0] NCCL INFO Ring 30 : 1 -> 0 -> 7 comm 0x7fb8b2d25010 nRanks 16 busId 5000
ip-10-32-4-110:160898:160939 [0] NCCL INFO Ring 31 : 1 -> 0 -> 7 comm 0x7fb8b2d25010 nRanks 16 busId 5000
ip-10-32-4-110:160898:160939 [0] NCCL INFO Trees [0] 1/8/-1->0->-1 [1] 1/-1/-1->0->7 [2] 1/-1/-1->0->7 [3] 1/-1/-1->0->7 [4] 1/-1/-1->0->8 [5] 1/-1/-1->0->7 [6] 1/-1/-1->0->7 [7] 1/-1/-1->0->7 [8] 1/8/-1->0->-1 [9] 1/-1/-1->0->7 [10] 1/-1/-1->0->7 [11] 1/-1/-1->0->7 [12] 1/-1/-1->0->8 [13] 1/-1/-1->0->7 [14] 1/-1/-1->0->7 [15] 1/-1/-1->0->7 [16] 1/8/-1->0->-1 [17] 1/-1/-1->0->7 [18] 1/-1/-1->0->7 [19] 1/-1/-1->0->7 [20] 1/-1/-1->0->8 [21] 1/-1/-1->0->7 [22] 1/-1/-1->0->7 [23] 1/-1/-1->0->7 [24] 1/8/-1->0->-1 [25] 1/-1/-1->0->7 [26] 1/-1/-1->0->7 [27] 1/-1/-1->0->7 [28] 1/-1/-1->0->8 [29] 1/-1/-1->0->7 [30] 1/-1/-1->0->7 [31] 1/-1/-1->0->7 comm 0x7fb8b2d25010 nRanks 16 busId 5000
ip-10-32-4-110:160898:160939 [0] NCCL INFO P2P Chunksize set to 131072
ip-10-32-4-110:160898:160939 [0] NCCL INFO comm->useSMFree: 0, ncclPxnDisable: 1
ip-10-32-4-110:160898:160939 [0] NCCL INFO comm->autoPerPeerOn: 1, comm->p2pnChannels: 32, comm->p2pnChannelsPerPeer: 2, comm->useSMFree=0
ip-10-32-4-110:160898:160939 [0] NCCL INFO PROFILER/Plugin: Could not find: librccl-profiler.so. 
ip-10-32-4-110:160898:160939 [0] NCCL INFO Check P2P Type isAllDirectP2p 1 directMode 0
ip-10-32-4-110:160898:160997 [0] NCCL INFO [Proxy Service UDS] Device 0 CPU core 23
ip-10-32-4-110:160898:160991 [0] NCCL INFO [Proxy Service] Device 0 CPU core 11
ip-10-32-4-110:160898:160939 [0] NCCL INFO GPU Direct RDMA Enabled for GPU 0 / HCA 0 (distance 4 <= 5), read 0 mode Default
ip-10-32-4-110:160898:160991 [0] NCCL INFO New proxy recv connection 0 from local rank 0, transport 2
ip-10-32-4-110:160898:161003 [0] NCCL INFO [Proxy Progress] Device 0 CPU core 11
ip-10-32-4-110:160898:160939 [0] NCCL INFO Connected to proxy localRank 0 -> connection 0x7fae1c0016c0
ip-10-32-4-110:160898:160939 [0] NCCL INFO Channel 00/0 : 9[1] -> 0[0] [receive] via NET/IB/0/GDRDMA comm 0x7fb8b2d25010 nRanks 16
ip-10-32-4-110:160898:160939 [0] NCCL INFO GPU Direct RDMA Enabled for GPU 0 / HCA 0 (distance 4 <= 5), read 0 mode Default
ip-10-32-4-110:160898:160991 [0] NCCL INFO New proxy recv connection 1 from local rank 0, transport 2
ip-10-32-4-110:160898:160939 [0] NCCL INFO Connected to proxy localRank 0 -> connection 0x7fae1c001750
ip-10-32-4-110:160898:160939 [0] NCCL INFO Channel 04/0 : 9[1] -> 0[0] [receive] via NET/IB/0/GDRDMA comm 0x7fb8b2d25010 nRanks 16
ip-10-32-4-110:160898:160939 [0] NCCL INFO GPU Direct RDMA Enabled for GPU 0 / HCA 0 (distance 4 <= 5), read 0 mode Default
ip-10-32-4-110:160898:160991 [0] NCCL INFO New proxy recv connection 2 from local rank 0, transport 2
ip-10-32-4-110:160898:160939 [0] NCCL INFO Connected to proxy localRank 0 -> connection 0x7fae1c0017e0
ip-10-32-4-110:160898:160939 [0] NCCL INFO Channel 08/0 : 9[1] -> 0[0] [receive] via NET/IB/0/GDRDMA comm 0x7fb8b2d25010 nRanks 16
ip-10-32-4-110:160898:160939 [0] NCCL INFO GPU Direct RDMA Enabled for GPU 0 / HCA 0 (distance 4 <= 5), read 0 mode Default
ip-10-32-4-110:160898:160991 [0] NCCL INFO New proxy recv connection 3 from local rank 0, transport 2
ip-10-32-4-110:160898:160939 [0] NCCL INFO Connected to proxy localRank 0 -> connection 0x7fae1c001870
ip-10-32-4-110:160898:160939 [0] NCCL INFO Channel 12/0 : 9[1] -> 0[0] [receive] via NET/IB/0/GDRDMA comm 0x7fb8b2d25010 nRanks 16
ip-10-32-4-110:160898:160939 [0] NCCL INFO GPU Direct RDMA Enabled for GPU 0 / HCA 0 (distance 4 <= 5), read 0 mode Default
ip-10-32-4-110:160898:160991 [0] NCCL INFO New proxy recv connection 4 from local rank 0, transport 2
ip-10-32-4-110:160898:160939 [0] NCCL INFO Connected to proxy localRank 0 -> connection 0x7fae1c001900
ip-10-32-4-110:160898:160939 [0] NCCL INFO Channel 16/0 : 9[1] -> 0[0] [receive] via NET/IB/0/GDRDMA comm 0x7fb8b2d25010 nRanks 16
ip-10-32-4-110:160898:160939 [0] NCCL INFO GPU Direct RDMA Enabled for GPU 0 / HCA 0 (distance 4 <= 5), read 0 mode Default
ip-10-32-4-110:160898:160991 [0] NCCL INFO New proxy recv connection 5 from local rank 0, transport 2
ip-10-32-4-110:160898:160939 [0] NCCL INFO Connected to proxy localRank 0 -> connection 0x7fae1c001990
ip-10-32-4-110:160898:160939 [0] NCCL INFO Channel 20/0 : 9[1] -> 0[0] [receive] via NET/IB/0/GDRDMA comm 0x7fb8b2d25010 nRanks 16
ip-10-32-4-110:160898:160939 [0] NCCL INFO GPU Direct RDMA Enabled for GPU 0 / HCA 0 (distance 4 <= 5), read 0 mode Default
ip-10-32-4-110:160898:160991 [0] NCCL INFO New proxy recv connection 6 from local rank 0, transport 2
ip-10-32-4-110:160898:160939 [0] NCCL INFO Connected to proxy localRank 0 -> connection 0x7fae1c001a20
ip-10-32-4-110:160898:160939 [0] NCCL INFO Channel 24/0 : 9[1] -> 0[0] [receive] via NET/IB/0/GDRDMA comm 0x7fb8b2d25010 nRanks 16
ip-10-32-4-110:160898:160939 [0] NCCL INFO GPU Direct RDMA Enabled for GPU 0 / HCA 0 (distance 4 <= 5), read 0 mode Default
ip-10-32-4-110:160898:160991 [0] NCCL INFO New proxy recv connection 7 from local rank 0, transport 2
ip-10-32-4-110:160898:160939 [0] NCCL INFO Connected to proxy localRank 0 -> connection 0x7fae1c001ab0
ip-10-32-4-110:160898:160939 [0] NCCL INFO Channel 28/0 : 9[1] -> 0[0] [receive] via NET/IB/0/GDRDMA comm 0x7fb8b2d25010 nRanks 16
ip-10-32-4-110:160898:160939 [0] NCCL INFO Channel 00/0 : 0[5000] -> 7[9e000] via P2P/IPC comm 0x7fb8b2d25010 nRanks 16
ip-10-32-4-110:160898:160991 [0] NCCL INFO New proxy send connection 8 from local rank 0, transport 0
ip-10-32-4-110:160898:160939 [0] NCCL INFO Connected to proxy localRank 0 -> connection 0x7fae1c001b40
ip-10-32-4-110:160898:160939 [0] NCCL INFO Channel 01/0 : 0[5000] -> 7[9e000] via P2P/IPC comm 0x7fb8b2d25010 nRanks 16
ip-10-32-4-110:160898:160991 [0] NCCL INFO New proxy send connection 9 from local rank 0, transport 0
ip-10-32-4-110:160898:160939 [0] NCCL INFO Connected to proxy localRank 0 -> connection 0x7fae1c001bd0
ip-10-32-4-110:160898:160939 [0] NCCL INFO Channel 02/0 : 0[5000] -> 7[9e000] via P2P/IPC comm 0x7fb8b2d25010 nRanks 16
ip-10-32-4-110:160898:160991 [0] NCCL INFO New proxy send connection 10 from local rank 0, transport 0
ip-10-32-4-110:160898:160939 [0] NCCL INFO Connected to proxy localRank 0 -> connection 0x7fae1c001c60
ip-10-32-4-110:160898:160939 [0] NCCL INFO Channel 03/0 : 0[5000] -> 7[9e000] via P2P/IPC comm 0x7fb8b2d25010 nRanks 16
ip-10-32-4-110:160898:160991 [0] NCCL INFO New proxy send connection 11 from local rank 0, transport 0
ip-10-32-4-110:160898:160939 [0] NCCL INFO Connected to proxy localRank 0 -> connection 0x7fae1c001cf0
ip-10-32-4-110:160898:160939 [0] NCCL INFO Channel 04/0 : 0[5000] -> 7[9e000] via P2P/IPC comm 0x7fb8b2d25010 nRanks 16
ip-10-32-4-110:160898:160991 [0] NCCL INFO New proxy send connection 12 from local rank 0, transport 0
ip-10-32-4-110:160898:160939 [0] NCCL INFO Connected to proxy localRank 0 -> connection 0x7fae1c001d80
ip-10-32-4-110:160898:160939 [0] NCCL INFO Channel 05/0 : 0[5000] -> 7[9e000] via P2P/IPC comm 0x7fb8b2d25010 nRanks 16
ip-10-32-4-110:160898:160991 [0] NCCL INFO New proxy send connection 13 from local rank 0, transport 0
ip-10-32-4-110:160898:160939 [0] NCCL INFO Connected to proxy localRank 0 -> connection 0x7fae1c001e10
ip-10-32-4-110:160898:160939 [0] NCCL INFO Channel 06/0 : 0[5000] -> 7[9e000] via P2P/IPC comm 0x7fb8b2d25010 nRanks 16
ip-10-32-4-110:160898:160991 [0] NCCL INFO New proxy send connection 14 from local rank 0, transport 0
ip-10-32-4-110:160898:160939 [0] NCCL INFO Connected to proxy localRank 0 -> connection 0x7fae1c001ea0
ip-10-32-4-110:160898:160939 [0] NCCL INFO Channel 07/0 : 0[5000] -> 7[9e000] via P2P/IPC comm 0x7fb8b2d25010 nRanks 16
ip-10-32-4-110:160898:160991 [0] NCCL INFO New proxy send connection 15 from local rank 0, transport 0
ip-10-32-4-110:160898:160939 [0] NCCL INFO Connected to proxy localRank 0 -> connection 0x7fae1c001f30
ip-10-32-4-110:160898:160939 [0] NCCL INFO Channel 08/0 : 0[5000] -> 7[9e000] via P2P/IPC comm 0x7fb8b2d25010 nRanks 16
ip-10-32-4-110:160898:160991 [0] NCCL INFO New proxy send connection 16 from local rank 0, transport 0
ip-10-32-4-110:160898:160939 [0] NCCL INFO Connected to proxy localRank 0 -> connection 0x7fae1c001fc0
ip-10-32-4-110:160898:160939 [0] NCCL INFO Channel 09/0 : 0[5000] -> 7[9e000] via P2P/IPC comm 0x7fb8b2d25010 nRanks 16
ip-10-32-4-110:160898:160991 [0] NCCL INFO New proxy send connection 17 from local rank 0, transport 0
ip-10-32-4-110:160898:160939 [0] NCCL INFO Connected to proxy localRank 0 -> connection 0x7fae1c002050
ip-10-32-4-110:160898:160939 [0] NCCL INFO Channel 10/0 : 0[5000] -> 7[9e000] via P2P/IPC comm 0x7fb8b2d25010 nRanks 16
ip-10-32-4-110:160898:160991 [0] NCCL INFO New proxy send connection 18 from local rank 0, transport 0
ip-10-32-4-110:160898:160939 [0] NCCL INFO Connected to proxy localRank 0 -> connection 0x7fae1c0020e0
ip-10-32-4-110:160898:160939 [0] NCCL INFO Channel 11/0 : 0[5000] -> 7[9e000] via P2P/IPC comm 0x7fb8b2d25010 nRanks 16
ip-10-32-4-110:160898:160991 [0] NCCL INFO New proxy send connection 19 from local rank 0, transport 0
ip-10-32-4-110:160898:160939 [0] NCCL INFO Connected to proxy localRank 0 -> connection 0x7fae1c002170
ip-10-32-4-110:160898:160939 [0] NCCL INFO Channel 12/0 : 0[5000] -> 7[9e000] via P2P/IPC comm 0x7fb8b2d25010 nRanks 16
ip-10-32-4-110:160898:160991 [0] NCCL INFO New proxy send connection 20 from local rank 0, transport 0
ip-10-32-4-110:160898:160939 [0] NCCL INFO Connected to proxy localRank 0 -> connection 0x7fae1c002200
ip-10-32-4-110:160898:160939 [0] NCCL INFO Channel 13/0 : 0[5000] -> 7[9e000] via P2P/IPC comm 0x7fb8b2d25010 nRanks 16
ip-10-32-4-110:160898:160991 [0] NCCL INFO New proxy send connection 21 from local rank 0, transport 0
ip-10-32-4-110:160898:160939 [0] NCCL INFO Connected to proxy localRank 0 -> connection 0x7fae1c002290
ip-10-32-4-110:160898:160939 [0] NCCL INFO Channel 14/0 : 0[5000] -> 7[9e000] via P2P/IPC comm 0x7fb8b2d25010 nRanks 16
ip-10-32-4-110:160898:160991 [0] NCCL INFO New proxy send connection 22 from local rank 0, transport 0
ip-10-32-4-110:160898:160939 [0] NCCL INFO Connected to proxy localRank 0 -> connection 0x7fae1c002320
ip-10-32-4-110:160898:160939 [0] NCCL INFO Channel 15/0 : 0[5000] -> 7[9e000] via P2P/IPC comm 0x7fb8b2d25010 nRanks 16
ip-10-32-4-110:160898:160991 [0] NCCL INFO New proxy send connection 23 from local rank 0, transport 0
ip-10-32-4-110:160898:160939 [0] NCCL INFO Connected to proxy localRank 0 -> connection 0x7fae1c0023b0
ip-10-32-4-110:160898:160939 [0] NCCL INFO Channel 16/0 : 0[5000] -> 7[9e000] via P2P/IPC comm 0x7fb8b2d25010 nRanks 16
ip-10-32-4-110:160898:160991 [0] NCCL INFO New proxy send connection 24 from local rank 0, transport 0
ip-10-32-4-110:160898:160939 [0] NCCL INFO Connected to proxy localRank 0 -> connection 0x7fae1c002440
ip-10-32-4-110:160898:160939 [0] NCCL INFO Channel 17/0 : 0[5000] -> 7[9e000] via P2P/IPC comm 0x7fb8b2d25010 nRanks 16
ip-10-32-4-110:160898:160991 [0] NCCL INFO New proxy send connection 25 from local rank 0, transport 0
ip-10-32-4-110:160898:160939 [0] NCCL INFO Connected to proxy localRank 0 -> connection 0x7fae1c0024d0
ip-10-32-4-110:160898:160939 [0] NCCL INFO Channel 18/0 : 0[5000] -> 7[9e000] via P2P/IPC comm 0x7fb8b2d25010 nRanks 16
ip-10-32-4-110:160898:160991 [0] NCCL INFO New proxy send connection 26 from local rank 0, transport 0
ip-10-32-4-110:160898:160939 [0] NCCL INFO Connected to proxy localRank 0 -> connection 0x7fae1c002560
ip-10-32-4-110:160898:160939 [0] NCCL INFO Channel 19/0 : 0[5000] -> 7[9e000] via P2P/IPC comm 0x7fb8b2d25010 nRanks 16
ip-10-32-4-110:160898:160991 [0] NCCL INFO New proxy send connection 27 from local rank 0, transport 0
ip-10-32-4-110:160898:160939 [0] NCCL INFO Connected to proxy localRank 0 -> connection 0x7fae1c0025f0
ip-10-32-4-110:160898:160939 [0] NCCL INFO Channel 20/0 : 0[5000] -> 7[9e000] via P2P/IPC comm 0x7fb8b2d25010 nRanks 16
ip-10-32-4-110:160898:160991 [0] NCCL INFO New proxy send connection 28 from local rank 0, transport 0
ip-10-32-4-110:160898:160939 [0] NCCL INFO Connected to proxy localRank 0 -> connection 0x7fae1c002680
ip-10-32-4-110:160898:160939 [0] NCCL INFO Channel 21/0 : 0[5000] -> 7[9e000] via P2P/IPC comm 0x7fb8b2d25010 nRanks 16
ip-10-32-4-110:160898:160991 [0] NCCL INFO New proxy send connection 29 from local rank 0, transport 0
ip-10-32-4-110:160898:160939 [0] NCCL INFO Connected to proxy localRank 0 -> connection 0x7fae1c002710
ip-10-32-4-110:160898:160939 [0] NCCL INFO Channel 22/0 : 0[5000] -> 7[9e000] via P2P/IPC comm 0x7fb8b2d25010 nRanks 16
ip-10-32-4-110:160898:160991 [0] NCCL INFO New proxy send connection 30 from local rank 0, transport 0
ip-10-32-4-110:160898:160939 [0] NCCL INFO Connected to proxy localRank 0 -> connection 0x7fae1c0027a0
ip-10-32-4-110:160898:160939 [0] NCCL INFO Channel 23/0 : 0[5000] -> 7[9e000] via P2P/IPC comm 0x7fb8b2d25010 nRanks 16
ip-10-32-4-110:160898:160991 [0] NCCL INFO New proxy send connection 31 from local rank 0, transport 0
ip-10-32-4-110:160898:160939 [0] NCCL INFO Connected to proxy localRank 0 -> connection 0x7fae1c002830
ip-10-32-4-110:160898:160939 [0] NCCL INFO Channel 24/0 : 0[5000] -> 7[9e000] via P2P/IPC comm 0x7fb8b2d25010 nRanks 16
ip-10-32-4-110:160898:160991 [0] NCCL INFO New proxy send connection 32 from local rank 0, transport 0
ip-10-32-4-110:160898:160939 [0] NCCL INFO Connected to proxy localRank 0 -> connection 0x7fae1c0028c0
ip-10-32-4-110:160898:160939 [0] NCCL INFO Channel 25/0 : 0[5000] -> 7[9e000] via P2P/IPC comm 0x7fb8b2d25010 nRanks 16
ip-10-32-4-110:160898:160991 [0] NCCL INFO New proxy send connection 33 from local rank 0, transport 0
ip-10-32-4-110:160898:160939 [0] NCCL INFO Connected to proxy localRank 0 -> connection 0x7fae1c002950
ip-10-32-4-110:160898:160939 [0] NCCL INFO Channel 26/0 : 0[5000] -> 7[9e000] via P2P/IPC comm 0x7fb8b2d25010 nRanks 16
ip-10-32-4-110:160898:160991 [0] NCCL INFO New proxy send connection 34 from local rank 0, transport 0
ip-10-32-4-110:160898:160939 [0] NCCL INFO Connected to proxy localRank 0 -> connection 0x7fae1c0029e0
ip-10-32-4-110:160898:160939 [0] NCCL INFO Channel 27/0 : 0[5000] -> 7[9e000] via P2P/IPC comm 0x7fb8b2d25010 nRanks 16
ip-10-32-4-110:160898:160991 [0] NCCL INFO New proxy send connection 35 from local rank 0, transport 0
ip-10-32-4-110:160898:160939 [0] NCCL INFO Connected to proxy localRank 0 -> connection 0x7fae1c002a70
ip-10-32-4-110:160898:160939 [0] NCCL INFO Channel 28/0 : 0[5000] -> 7[9e000] via P2P/IPC comm 0x7fb8b2d25010 nRanks 16
ip-10-32-4-110:160898:160991 [0] NCCL INFO New proxy send connection 36 from local rank 0, transport 0
ip-10-32-4-110:160898:160939 [0] NCCL INFO Connected to proxy localRank 0 -> connection 0x7fae1c002b00
ip-10-32-4-110:160898:160939 [0] NCCL INFO Channel 29/0 : 0[5000] -> 7[9e000] via P2P/IPC comm 0x7fb8b2d25010 nRanks 16
ip-10-32-4-110:160898:160991 [0] NCCL INFO New proxy send connection 37 from local rank 0, transport 0
ip-10-32-4-110:160898:160939 [0] NCCL INFO Connected to proxy localRank 0 -> connection 0x7fae1c002b90
ip-10-32-4-110:160898:160939 [0] NCCL INFO Channel 30/0 : 0[5000] -> 7[9e000] via P2P/IPC comm 0x7fb8b2d25010 nRanks 16
ip-10-32-4-110:160898:160991 [0] NCCL INFO New proxy send connection 38 from local rank 0, transport 0
ip-10-32-4-110:160898:160939 [0] NCCL INFO Connected to proxy localRank 0 -> connection 0x7fae1c002c20
ip-10-32-4-110:160898:160939 [0] NCCL INFO Channel 31/0 : 0[5000] -> 7[9e000] via P2P/IPC comm 0x7fb8b2d25010 nRanks 16
ip-10-32-4-110:160898:160991 [0] NCCL INFO New proxy send connection 39 from local rank 0, transport 0
ip-10-32-4-110:160898:160939 [0] NCCL INFO Connected to proxy localRank 0 -> connection 0x7fae1c002cb0
ip-10-32-4-110:160898:160991 [0] NCCL INFO New proxy recv connection 40 from local rank 0, transport 0
ip-10-32-4-110:160898:160939 [0] NCCL INFO Connected to proxy localRank 0 -> connection 0x7fae1c002d40
ip-10-32-4-110:160898:160991 [0] NCCL INFO New proxy recv connection 41 from local rank 0, transport 0
ip-10-32-4-110:160898:160939 [0] NCCL INFO Connected to proxy localRank 0 -> connection 0x7fae1c002dd0
ip-10-32-4-110:160898:160991 [0] NCCL INFO New proxy recv connection 42 from local rank 0, transport 0
ip-10-32-4-110:160898:160939 [0] NCCL INFO Connected to proxy localRank 0 -> connection 0x7fae1c002e60
ip-10-32-4-110:160898:160991 [0] NCCL INFO New proxy recv connection 43 from local rank 0, transport 0
ip-10-32-4-110:160898:160939 [0] NCCL INFO Connected to proxy localRank 0 -> connection 0x7fae1c002ef0
ip-10-32-4-110:160898:160991 [0] NCCL INFO New proxy recv connection 44 from local rank 0, transport 0
ip-10-32-4-110:160898:160939 [0] NCCL INFO Connected to proxy localRank 0 -> connection 0x7fae1c002f80
ip-10-32-4-110:160898:160991 [0] NCCL INFO New proxy recv connection 45 from local rank 0, transport 0
ip-10-32-4-110:160898:160939 [0] NCCL INFO Connected to proxy localRank 0 -> connection 0x7fae1c003010
ip-10-32-4-110:160898:160991 [0] NCCL INFO New proxy recv connection 46 from local rank 0, transport 0
ip-10-32-4-110:160898:160939 [0] NCCL INFO Connected to proxy localRank 0 -> connection 0x7fae1c0030a0
ip-10-32-4-110:160898:160991 [0] NCCL INFO New proxy recv connection 47 from local rank 0, transport 0
ip-10-32-4-110:160898:160939 [0] NCCL INFO Connected to proxy localRank 0 -> connection 0x7fae1c003130
ip-10-32-4-110:160898:160991 [0] NCCL INFO New proxy recv connection 48 from local rank 0, transport 0
ip-10-32-4-110:160898:160939 [0] NCCL INFO Connected to proxy localRank 0 -> connection 0x7fae1c0031c0
ip-10-32-4-110:160898:160991 [0] NCCL INFO New proxy recv connection 49 from local rank 0, transport 0
ip-10-32-4-110:160898:160939 [0] NCCL INFO Connected to proxy localRank 0 -> connection 0x7fae1c003250
ip-10-32-4-110:160898:160991 [0] NCCL INFO New proxy recv connection 50 from local rank 0, transport 0
ip-10-32-4-110:160898:160939 [0] NCCL INFO Connected to proxy localRank 0 -> connection 0x7fae1c0032e0
ip-10-32-4-110:160898:160991 [0] NCCL INFO New proxy recv connection 51 from local rank 0, transport 0
ip-10-32-4-110:160898:160939 [0] NCCL INFO Connected to proxy localRank 0 -> connection 0x7fae1c003370
ip-10-32-4-110:160898:160991 [0] NCCL INFO New proxy recv connection 52 from local rank 0, transport 0
ip-10-32-4-110:160898:160939 [0] NCCL INFO Connected to proxy localRank 0 -> connection 0x7fae1c003400
ip-10-32-4-110:160898:160991 [0] NCCL INFO New proxy recv connection 53 from local rank 0, transport 0
ip-10-32-4-110:160898:160939 [0] NCCL INFO Connected to proxy localRank 0 -> connection 0x7fae1c003490
ip-10-32-4-110:160898:160991 [0] NCCL INFO New proxy recv connection 54 from local rank 0, transport 0
ip-10-32-4-110:160898:160939 [0] NCCL INFO Connected to proxy localRank 0 -> connection 0x7fae1c003520
ip-10-32-4-110:160898:160991 [0] NCCL INFO New proxy recv connection 55 from local rank 0, transport 0
ip-10-32-4-110:160898:160939 [0] NCCL INFO Connected to proxy localRank 0 -> connection 0x7fae1c0035b0
ip-10-32-4-110:160898:160991 [0] NCCL INFO New proxy recv connection 56 from local rank 0, transport 0
ip-10-32-4-110:160898:160939 [0] NCCL INFO Connected to proxy localRank 0 -> connection 0x7fae1c003640
ip-10-32-4-110:160898:160991 [0] NCCL INFO New proxy recv connection 57 from local rank 0, transport 0
ip-10-32-4-110:160898:160939 [0] NCCL INFO Connected to proxy localRank 0 -> connection 0x7fae1c0036d0
ip-10-32-4-110:160898:160991 [0] NCCL INFO New proxy recv connection 58 from local rank 0, transport 0
ip-10-32-4-110:160898:160939 [0] NCCL INFO Connected to proxy localRank 0 -> connection 0x7fae1c003760
ip-10-32-4-110:160898:160991 [0] NCCL INFO New proxy recv connection 59 from local rank 0, transport 0
ip-10-32-4-110:160898:160939 [0] NCCL INFO Connected to proxy localRank 0 -> connection 0x7fae1c0037f0
ip-10-32-4-110:160898:160991 [0] NCCL INFO New proxy recv connection 60 from local rank 0, transport 0
ip-10-32-4-110:160898:160939 [0] NCCL INFO Connected to proxy localRank 0 -> connection 0x7fae1c003880
ip-10-32-4-110:160898:160991 [0] NCCL INFO New proxy recv connection 61 from local rank 0, transport 0
ip-10-32-4-110:160898:160939 [0] NCCL INFO Connected to proxy localRank 0 -> connection 0x7fae1c003910
ip-10-32-4-110:160898:160991 [0] NCCL INFO New proxy recv connection 62 from local rank 0, transport 0
ip-10-32-4-110:160898:160939 [0] NCCL INFO Connected to proxy localRank 0 -> connection 0x7fae1c0039a0
ip-10-32-4-110:160898:160991 [0] NCCL INFO New proxy recv connection 63 from local rank 0, transport 0
ip-10-32-4-110:160898:160939 [0] NCCL INFO Connected to proxy localRank 0 -> connection 0x7fae1c003a30
ip-10-32-4-110:160898:160991 [0] NCCL INFO NET/IB: ncclIbAccept Max Nqps=4, localNqps=4, remoteNqps=4
ip-10-32-4-110:160898:160991 [0] NCCL INFO NET/IB : NCCL_ROCE_SRC_PORT_LIST parsed (4 entries)
ip-10-32-4-110:160898:160991 [0] NCCL INFO NET/IB :   NCCL_ROCE_SRC_PORT_LIST[0]=60000
ip-10-32-4-110:160898:160991 [0] NCCL INFO NET/IB :   NCCL_ROCE_SRC_PORT_LIST[1]=60051
ip-10-32-4-110:160898:160991 [0] NCCL INFO NET/IB :   NCCL_ROCE_SRC_PORT_LIST[2]=57663
ip-10-32-4-110:160898:160991 [0] NCCL INFO NET/IB :   NCCL_ROCE_SRC_PORT_LIST[3]=57804
ip-10-32-4-110:160898:160991 [0] NCCL INFO NET/IB : QP 0x7fae1c0ea4d8 (qpn=0xBF63) src UDP port set to 60000 (qIndex=0)
ip-10-32-4-110:160898:160991 [0] NCCL INFO NET/IB : QP 0x7fae1c1a5c28 (qpn=0xBF67) src UDP port set to 60051 (qIndex=1)
ip-10-32-4-110:160898:160991 [0] NCCL INFO NET/IB : QP 0x7fae1c1a3be8 (qpn=0xBF6B) src UDP port set to 57663 (qIndex=2)
ip-10-32-4-110:160898:160991 [0] NCCL INFO NET/IB : QP 0x7fae1c0e7be8 (qpn=0xBF6D) src UDP port set to 57804 (qIndex=3)
ip-10-32-4-110:160898:160991 [0] NCCL INFO NET/IB : QP 0x7fae1c0bb398 (qpn=0xBF72) src UDP port set to 60000 (qIndex=-1)
ip-10-32-4-110:160898:160991 [0] NCCL INFO NET/IB: ncclIbAccept Max Nqps=4, localNqps=4, remoteNqps=4
ip-10-32-4-110:160898:160991 [0] NCCL INFO NET/IB : QP 0x7fae1c177ba8 (qpn=0xBF73) src UDP port set to 60000 (qIndex=0)
ip-10-32-4-110:160898:160991 [0] NCCL INFO NET/IB : QP 0x7fae1c0b8aa8 (qpn=0xBF74) src UDP port set to 60051 (qIndex=1)
ip-10-32-4-110:160898:160991 [0] NCCL INFO NET/IB : QP 0x7fae1c148a68 (qpn=0xBF75) src UDP port set to 57663 (qIndex=2)
ip-10-32-4-110:160898:160991 [0] NCCL INFO NET/IB : QP 0x7fae1c08ca68 (qpn=0xBF76) src UDP port set to 57804 (qIndex=3)
ip-10-32-4-110:160898:160991 [0] NCCL INFO NET/IB : QP 0x7fae1c145578 (qpn=0xBF77) src UDP port set to 60000 (qIndex=-1)
ip-10-32-4-110:160898:160991 [0] NCCL INFO NET/IB: ncclIbAccept Max Nqps=4, localNqps=4, remoteNqps=4
ip-10-32-4-110:160898:160991 [0] NCCL INFO NET/IB : QP 0x7fae1c02cc98 (qpn=0xBF78) src UDP port set to 60000 (qIndex=0)
ip-10-32-4-110:160898:160991 [0] NCCL INFO NET/IB : QP 0x7fae1c119928 (qpn=0xBF79) src UDP port set to 60051 (qIndex=1)
ip-10-32-4-110:160898:160991 [0] NCCL INFO NET/IB : QP 0x7fae1c05d928 (qpn=0xBF7A) src UDP port set to 57663 (qIndex=2)
ip-10-32-4-110:160898:160991 [0] NCCL INFO NET/IB : QP 0x7fae1c30d8d8 (qpn=0xBF7B) src UDP port set to 57804 (qIndex=3)
ip-10-32-4-110:160898:160991 [0] NCCL INFO NET/IB : QP 0x7fae1c4228d8 (qpn=0xBF7C) src UDP port set to 60000 (qIndex=-1)
ip-10-32-4-110:160898:160991 [0] NCCL INFO NET/IB: ncclIbAccept Max Nqps=4, localNqps=4, remoteNqps=4
ip-10-32-4-110:160898:160991 [0] NCCL INFO NET/IB : QP 0x7fae1c24c8d8 (qpn=0xBF7D) src UDP port set to 60000 (qIndex=0)
ip-10-32-4-110:160898:160991 [0] NCCL INFO NET/IB : QP 0x7fae1c2a08c8 (qpn=0xBF7E) src UDP port set to 60051 (qIndex=1)
ip-10-32-4-110:160898:160991 [0] NCCL INFO NET/IB : QP 0x7fae1c4ec898 (qpn=0xBF7F) src UDP port set to 57663 (qIndex=2)
ip-10-32-4-110:160898:160991 [0] NCCL INFO NET/IB : QP 0x7fae1c537898 (qpn=0xBF80) src UDP port set to 57804 (qIndex=3)
ip-10-32-4-110:160898:160991 [0] NCCL INFO NET/IB : QP 0x7fae1c1f0898 (qpn=0xBF81) src UDP port set to 60000 (qIndex=-1)
ip-10-32-4-110:160898:160991 [0] NCCL INFO NET/IB: ncclIbAccept Max Nqps=4, localNqps=4, remoteNqps=4
ip-10-32-4-110:160898:160991 [0] NCCL INFO NET/IB : QP 0x7fae1c2c4868 (qpn=0xBF82) src UDP port set to 60000 (qIndex=0)
ip-10-32-4-110:160898:160991 [0] NCCL INFO NET/IB : QP 0x7fae1c601898 (qpn=0xBF83) src UDP port set to 60051 (qIndex=1)
ip-10-32-4-110:160898:160991 [0] NCCL INFO NET/IB : QP 0x7fae1c64c898 (qpn=0xBF84) src UDP port set to 57663 (qIndex=2)
ip-10-32-4-110:160898:160991 [0] NCCL INFO NET/IB : QP 0x7fae1c3d9868 (qpn=0xBF85) src UDP port set to 57804 (qIndex=3)
ip-10-32-4-110:160898:160991 [0] NCCL INFO NET/IB : QP 0x7fae1c337048 (qpn=0xBF86) src UDP port set to 60000 (qIndex=-1)
ip-10-32-4-110:160898:160991 [0] NCCL INFO NET/IB: ncclIbAccept Max Nqps=4, localNqps=4, remoteNqps=4
ip-10-32-4-110:160898:160991 [0] NCCL INFO NET/IB : QP 0x7fae1c3d9c38 (qpn=0xBF87) src UDP port set to 60000 (qIndex=0)
ip-10-32-4-110:160898:160991 [0] NCCL INFO NET/IB : QP 0x7fae1c337c28 (qpn=0xBF88) src UDP port set to 60051 (qIndex=1)
ip-10-32-4-110:160898:160991 [0] NCCL INFO NET/IB : QP 0x7fae1c222868 (qpn=0xBF89) src UDP port set to 57663 (qIndex=2)
ip-10-32-4-110:160898:160991 [0] NCCL INFO NET/IB : QP 0x7fae1c761898 (qpn=0xBF8A) src UDP port set to 57804 (qIndex=3)
ip-10-32-4-110:160898:160991 [0] NCCL INFO NET/IB : QP 0x7fae1c716898 (qpn=0xBF8B) src UDP port set to 60000 (qIndex=-1)
ip-10-32-4-110:160898:160991 [0] NCCL INFO NET/IB: ncclIbAccept Max Nqps=4, localNqps=4, remoteNqps=4
ip-10-32-4-110:160898:160991 [0] NCCL INFO NET/IB : QP 0x7fae1c3b5858 (qpn=0xBF8C) src UDP port set to 60000 (qIndex=0)
ip-10-32-4-110:160898:160991 [0] NCCL INFO NET/IB : QP 0x7fae1c44c858 (qpn=0xBF8D) src UDP port set to 60051 (qIndex=1)
ip-10-32-4-110:160898:160991 [0] NCCL INFO NET/IB : QP 0x7fae1c876898 (qpn=0xBF8E) src UDP port set to 57663 (qIndex=2)
ip-10-32-4-110:160898:160991 [0] NCCL INFO NET/IB : QP 0x7fae1c82b898 (qpn=0xBF8F) src UDP port set to 57804 (qIndex=3)
ip-10-32-4-110:160898:160991 [0] NCCL INFO NET/IB : QP 0x7fae1c4ca858 (qpn=0xBF90) src UDP port set to 60000 (qIndex=-1)
ip-10-32-4-110:160898:160991 [0] NCCL INFO NET/IB: ncclIbAccept Max Nqps=4, localNqps=4, remoteNqps=4
ip-10-32-4-110:160898:160991 [0] NCCL INFO NET/IB : QP 0x7fae1c4a0858 (qpn=0xBF91) src UDP port set to 60000 (qIndex=0)
ip-10-32-4-110:160898:160991 [0] NCCL INFO NET/IB : QP 0x7fae1c561858 (qpn=0xBF92) src UDP port set to 60051 (qIndex=1)
ip-10-32-4-110:160898:160991 [0] NCCL INFO NET/IB : QP 0x7fae1c98b898 (qpn=0xBF93) src UDP port set to 57663 (qIndex=2)
ip-10-32-4-110:160898:160991 [0] NCCL INFO NET/IB : QP 0x7fae1c940898 (qpn=0xBF94) src UDP port set to 57804 (qIndex=3)
ip-10-32-4-110:160898:160991 [0] NCCL INFO NET/IB : QP 0x7fae1c5b5858 (qpn=0xBF95) src UDP port set to 60000 (qIndex=-1)
ip-10-32-4-110:160898:160939 [0] NCCL INFO Connected all rings, use ring PXN 0 GDR 1
ip-10-32-4-110:160898:160939 [0] NCCL INFO Channel 00/0 : 0[5000] -> 1[2b000] via P2P/IPC comm 0x7fb8b2d25010 nRanks 16
ip-10-32-4-110:160898:160991 [0] NCCL INFO New proxy send connection 64 from local rank 0, transport 0
ip-10-32-4-110:160898:160939 [0] NCCL INFO Connected to proxy localRank 0 -> connection 0x7fae1c003ac0
ip-10-32-4-110:160898:160939 [0] NCCL INFO Channel 01/0 : 0[5000] -> 1[2b000] via P2P/IPC comm 0x7fb8b2d25010 nRanks 16
ip-10-32-4-110:160898:160991 [0] NCCL INFO New proxy send connection 65 from local rank 0, transport 0
ip-10-32-4-110:160898:160939 [0] NCCL INFO Connected to proxy localRank 0 -> connection 0x7fae1c003b50
ip-10-32-4-110:160898:160939 [0] NCCL INFO Channel 02/0 : 0[5000] -> 1[2b000] via P2P/IPC comm 0x7fb8b2d25010 nRanks 16
ip-10-32-4-110:160898:160991 [0] NCCL INFO New proxy send connection 66 from local rank 0, transport 0
ip-10-32-4-110:160898:160939 [0] NCCL INFO Connected to proxy localRank 0 -> connection 0x7fae1c003be0
ip-10-32-4-110:160898:160939 [0] NCCL INFO Channel 03/0 : 0[5000] -> 1[2b000] via P2P/IPC comm 0x7fb8b2d25010 nRanks 16
ip-10-32-4-110:160898:160991 [0] NCCL INFO New proxy send connection 67 from local rank 0, transport 0
ip-10-32-4-110:160898:160939 [0] NCCL INFO Connected to proxy localRank 0 -> connection 0x7fae1c003c70
ip-10-32-4-110:160898:160939 [0] NCCL INFO Channel 04/0 : 0[5000] -> 1[2b000] via P2P/IPC comm 0x7fb8b2d25010 nRanks 16
ip-10-32-4-110:160898:160991 [0] NCCL INFO New proxy send connection 68 from local rank 0, transport 0
ip-10-32-4-110:160898:160939 [0] NCCL INFO Connected to proxy localRank 0 -> connection 0x7fae1c003d00
ip-10-32-4-110:160898:160939 [0] NCCL INFO Channel 05/0 : 0[5000] -> 1[2b000] via P2P/IPC comm 0x7fb8b2d25010 nRanks 16
ip-10-32-4-110:160898:160991 [0] NCCL INFO New proxy send connection 69 from local rank 0, transport 0
ip-10-32-4-110:160898:160939 [0] NCCL INFO Connected to proxy localRank 0 -> connection 0x7fae1c003d90
ip-10-32-4-110:160898:160939 [0] NCCL INFO Channel 06/0 : 0[5000] -> 1[2b000] via P2P/IPC comm 0x7fb8b2d25010 nRanks 16
ip-10-32-4-110:160898:160991 [0] NCCL INFO New proxy send connection 70 from local rank 0, transport 0
ip-10-32-4-110:160898:160939 [0] NCCL INFO Connected to proxy localRank 0 -> connection 0x7fae1c003e20
ip-10-32-4-110:160898:160939 [0] NCCL INFO Channel 07/0 : 0[5000] -> 1[2b000] via P2P/IPC comm 0x7fb8b2d25010 nRanks 16
ip-10-32-4-110:160898:160991 [0] NCCL INFO New proxy send connection 71 from local rank 0, transport 0
ip-10-32-4-110:160898:160939 [0] NCCL INFO Connected to proxy localRank 0 -> connection 0x7fae1c003eb0
ip-10-32-4-110:160898:160939 [0] NCCL INFO Channel 08/0 : 0[5000] -> 1[2b000] via P2P/IPC comm 0x7fb8b2d25010 nRanks 16
ip-10-32-4-110:160898:160991 [0] NCCL INFO New proxy send connection 72 from local rank 0, transport 0
ip-10-32-4-110:160898:160939 [0] NCCL INFO Connected to proxy localRank 0 -> connection 0x7fae1c003f40
ip-10-32-4-110:160898:160939 [0] NCCL INFO Channel 09/0 : 0[5000] -> 1[2b000] via P2P/IPC comm 0x7fb8b2d25010 nRanks 16
ip-10-32-4-110:160898:160991 [0] NCCL INFO New proxy send connection 73 from local rank 0, transport 0
ip-10-32-4-110:160898:160939 [0] NCCL INFO Connected to proxy localRank 0 -> connection 0x7fae1c003fd0
ip-10-32-4-110:160898:160939 [0] NCCL INFO Channel 10/0 : 0[5000] -> 1[2b000] via P2P/IPC comm 0x7fb8b2d25010 nRanks 16
ip-10-32-4-110:160898:160991 [0] NCCL INFO New proxy send connection 74 from local rank 0, transport 0
ip-10-32-4-110:160898:160939 [0] NCCL INFO Connected to proxy localRank 0 -> connection 0x7fae1c004060
ip-10-32-4-110:160898:160939 [0] NCCL INFO Channel 11/0 : 0[5000] -> 1[2b000] via P2P/IPC comm 0x7fb8b2d25010 nRanks 16
ip-10-32-4-110:160898:160991 [0] NCCL INFO New proxy send connection 75 from local rank 0, transport 0
ip-10-32-4-110:160898:160939 [0] NCCL INFO Connected to proxy localRank 0 -> connection 0x7fae1c0040f0
ip-10-32-4-110:160898:160939 [0] NCCL INFO Channel 12/0 : 0[5000] -> 1[2b000] via P2P/IPC comm 0x7fb8b2d25010 nRanks 16
ip-10-32-4-110:160898:160991 [0] NCCL INFO New proxy send connection 76 from local rank 0, transport 0
ip-10-32-4-110:160898:160939 [0] NCCL INFO Connected to proxy localRank 0 -> connection 0x7fae1c004180
ip-10-32-4-110:160898:160939 [0] NCCL INFO Channel 13/0 : 0[5000] -> 1[2b000] via P2P/IPC comm 0x7fb8b2d25010 nRanks 16
ip-10-32-4-110:160898:160991 [0] NCCL INFO New proxy send connection 77 from local rank 0, transport 0
ip-10-32-4-110:160898:160939 [0] NCCL INFO Connected to proxy localRank 0 -> connection 0x7fae1c004210
ip-10-32-4-110:160898:160939 [0] NCCL INFO Channel 14/0 : 0[5000] -> 1[2b000] via P2P/IPC comm 0x7fb8b2d25010 nRanks 16
ip-10-32-4-110:160898:160991 [0] NCCL INFO New proxy send connection 78 from local rank 0, transport 0
ip-10-32-4-110:160898:160939 [0] NCCL INFO Connected to proxy localRank 0 -> connection 0x7fae1c0042a0
ip-10-32-4-110:160898:160939 [0] NCCL INFO Channel 15/0 : 0[5000] -> 1[2b000] via P2P/IPC comm 0x7fb8b2d25010 nRanks 16
ip-10-32-4-110:160898:160991 [0] NCCL INFO New proxy send connection 79 from local rank 0, transport 0
ip-10-32-4-110:160898:160939 [0] NCCL INFO Connected to proxy localRank 0 -> connection 0x7fae1c004330
ip-10-32-4-110:160898:160939 [0] NCCL INFO Channel 16/0 : 0[5000] -> 1[2b000] via P2P/IPC comm 0x7fb8b2d25010 nRanks 16
ip-10-32-4-110:160898:160991 [0] NCCL INFO New proxy send connection 80 from local rank 0, transport 0
ip-10-32-4-110:160898:160939 [0] NCCL INFO Connected to proxy localRank 0 -> connection 0x7fae1c0043c0
ip-10-32-4-110:160898:160939 [0] NCCL INFO Channel 17/0 : 0[5000] -> 1[2b000] via P2P/IPC comm 0x7fb8b2d25010 nRanks 16
ip-10-32-4-110:160898:160991 [0] NCCL INFO New proxy send connection 81 from local rank 0, transport 0
ip-10-32-4-110:160898:160939 [0] NCCL INFO Connected to proxy localRank 0 -> connection 0x7fae1c004450
ip-10-32-4-110:160898:160939 [0] NCCL INFO Channel 18/0 : 0[5000] -> 1[2b000] via P2P/IPC comm 0x7fb8b2d25010 nRanks 16
ip-10-32-4-110:160898:160991 [0] NCCL INFO New proxy send connection 82 from local rank 0, transport 0
ip-10-32-4-110:160898:160939 [0] NCCL INFO Connected to proxy localRank 0 -> connection 0x7fae1c0044e0
ip-10-32-4-110:160898:160939 [0] NCCL INFO Channel 19/0 : 0[5000] -> 1[2b000] via P2P/IPC comm 0x7fb8b2d25010 nRanks 16
ip-10-32-4-110:160898:160991 [0] NCCL INFO New proxy send connection 83 from local rank 0, transport 0
ip-10-32-4-110:160898:160939 [0] NCCL INFO Connected to proxy localRank 0 -> connection 0x7fae1c004570
ip-10-32-4-110:160898:160939 [0] NCCL INFO Channel 20/0 : 0[5000] -> 1[2b000] via P2P/IPC comm 0x7fb8b2d25010 nRanks 16
ip-10-32-4-110:160898:160991 [0] NCCL INFO New proxy send connection 84 from local rank 0, transport 0
ip-10-32-4-110:160898:160939 [0] NCCL INFO Connected to proxy localRank 0 -> connection 0x7fae1c004600
ip-10-32-4-110:160898:160939 [0] NCCL INFO Channel 21/0 : 0[5000] -> 1[2b000] via P2P/IPC comm 0x7fb8b2d25010 nRanks 16
ip-10-32-4-110:160898:160991 [0] NCCL INFO New proxy send connection 85 from local rank 0, transport 0
ip-10-32-4-110:160898:160939 [0] NCCL INFO Connected to proxy localRank 0 -> connection 0x7fae1c004690
ip-10-32-4-110:160898:160939 [0] NCCL INFO Channel 22/0 : 0[5000] -> 1[2b000] via P2P/IPC comm 0x7fb8b2d25010 nRanks 16
ip-10-32-4-110:160898:160991 [0] NCCL INFO New proxy send connection 86 from local rank 0, transport 0
ip-10-32-4-110:160898:160939 [0] NCCL INFO Connected to proxy localRank 0 -> connection 0x7fae1c004720
ip-10-32-4-110:160898:160939 [0] NCCL INFO Channel 23/0 : 0[5000] -> 1[2b000] via P2P/IPC comm 0x7fb8b2d25010 nRanks 16
ip-10-32-4-110:160898:160991 [0] NCCL INFO New proxy send connection 87 from local rank 0, transport 0
ip-10-32-4-110:160898:160939 [0] NCCL INFO Connected to proxy localRank 0 -> connection 0x7fae1c0047b0
ip-10-32-4-110:160898:160939 [0] NCCL INFO Channel 24/0 : 0[5000] -> 1[2b000] via P2P/IPC comm 0x7fb8b2d25010 nRanks 16
ip-10-32-4-110:160898:160991 [0] NCCL INFO New proxy send connection 88 from local rank 0, transport 0
ip-10-32-4-110:160898:160939 [0] NCCL INFO Connected to proxy localRank 0 -> connection 0x7fae1c004840
ip-10-32-4-110:160898:160939 [0] NCCL INFO Channel 25/0 : 0[5000] -> 1[2b000] via P2P/IPC comm 0x7fb8b2d25010 nRanks 16
ip-10-32-4-110:160898:160991 [0] NCCL INFO New proxy send connection 89 from local rank 0, transport 0
ip-10-32-4-110:160898:160939 [0] NCCL INFO Connected to proxy localRank 0 -> connection 0x7fae1c0048d0
ip-10-32-4-110:160898:160939 [0] NCCL INFO Channel 26/0 : 0[5000] -> 1[2b000] via P2P/IPC comm 0x7fb8b2d25010 nRanks 16
ip-10-32-4-110:160898:160991 [0] NCCL INFO New proxy send connection 90 from local rank 0, transport 0
ip-10-32-4-110:160898:160939 [0] NCCL INFO Connected to proxy localRank 0 -> connection 0x7fae1c004960
ip-10-32-4-110:160898:160939 [0] NCCL INFO Channel 27/0 : 0[5000] -> 1[2b000] via P2P/IPC comm 0x7fb8b2d25010 nRanks 16
ip-10-32-4-110:160898:160991 [0] NCCL INFO New proxy send connection 91 from local rank 0, transport 0
ip-10-32-4-110:160898:160939 [0] NCCL INFO Connected to proxy localRank 0 -> connection 0x7fae1c0049f0
ip-10-32-4-110:160898:160939 [0] NCCL INFO Channel 28/0 : 0[5000] -> 1[2b000] via P2P/IPC comm 0x7fb8b2d25010 nRanks 16
ip-10-32-4-110:160898:160991 [0] NCCL INFO New proxy send connection 92 from local rank 0, transport 0
ip-10-32-4-110:160898:160939 [0] NCCL INFO Connected to proxy localRank 0 -> connection 0x7fae1c004a80
ip-10-32-4-110:160898:160939 [0] NCCL INFO Channel 29/0 : 0[5000] -> 1[2b000] via P2P/IPC comm 0x7fb8b2d25010 nRanks 16
ip-10-32-4-110:160898:160991 [0] NCCL INFO New proxy send connection 93 from local rank 0, transport 0
ip-10-32-4-110:160898:160939 [0] NCCL INFO Connected to proxy localRank 0 -> connection 0x7fae1c004b10
ip-10-32-4-110:160898:160939 [0] NCCL INFO Channel 30/0 : 0[5000] -> 1[2b000] via P2P/IPC comm 0x7fb8b2d25010 nRanks 16
ip-10-32-4-110:160898:160991 [0] NCCL INFO New proxy send connection 94 from local rank 0, transport 0
ip-10-32-4-110:160898:160939 [0] NCCL INFO Connected to proxy localRank 0 -> connection 0x7fae1c004ba0
ip-10-32-4-110:160898:160939 [0] NCCL INFO Channel 31/0 : 0[5000] -> 1[2b000] via P2P/IPC comm 0x7fb8b2d25010 nRanks 16
ip-10-32-4-110:160898:160991 [0] NCCL INFO New proxy send connection 95 from local rank 0, transport 0
ip-10-32-4-110:160898:160939 [0] NCCL INFO Connected to proxy localRank 0 -> connection 0x7fae1c004c30
ip-10-32-4-110:160898:160939 [0] NCCL INFO GPU Direct RDMA Enabled for GPU 0 / HCA 0 (distance 4 <= 5), read 0 mode Default
ip-10-32-4-110:160898:160991 [0] NCCL INFO New proxy recv connection 96 from local rank 0, transport 2
ip-10-32-4-110:160898:160939 [0] NCCL INFO Connected to proxy localRank 0 -> connection 0x7fae1c004cc0
ip-10-32-4-110:160898:160939 [0] NCCL INFO Channel 00/0 : 8[0] -> 0[0] [receive] via NET/IB/0/GDRDMA comm 0x7fb8b2d25010 nRanks 16
ip-10-32-4-110:160898:160939 [0] NCCL INFO GPU Direct RDMA Enabled for GPU 0 / HCA 0 (distance 4 <= 5), read 0 mode Default
ip-10-32-4-110:160898:160991 [0] NCCL INFO New proxy recv connection 97 from local rank 0, transport 2
ip-10-32-4-110:160898:160939 [0] NCCL INFO Connected to proxy localRank 0 -> connection 0x7fae1c004d50
ip-10-32-4-110:160898:160939 [0] NCCL INFO Channel 04/0 : 8[0] -> 0[0] [receive] via NET/IB/0/GDRDMA comm 0x7fb8b2d25010 nRanks 16
ip-10-32-4-110:160898:160939 [0] NCCL INFO GPU Direct RDMA Enabled for GPU 0 / HCA 0 (distance 4 <= 5), read 0 mode Default
ip-10-32-4-110:160898:160991 [0] NCCL INFO New proxy recv connection 98 from local rank 0, transport 2
ip-10-32-4-110:160898:160939 [0] NCCL INFO Connected to proxy localRank 0 -> connection 0x7fae1c004de0
ip-10-32-4-110:160898:160939 [0] NCCL INFO Channel 08/0 : 8[0] -> 0[0] [receive] via NET/IB/0/GDRDMA comm 0x7fb8b2d25010 nRanks 16
ip-10-32-4-110:160898:160939 [0] NCCL INFO GPU Direct RDMA Enabled for GPU 0 / HCA 0 (distance 4 <= 5), read 0 mode Default
ip-10-32-4-110:160898:160991 [0] NCCL INFO New proxy recv connection 99 from local rank 0, transport 2
ip-10-32-4-110:160898:160939 [0] NCCL INFO Connected to proxy localRank 0 -> connection 0x7fae1c004e70
ip-10-32-4-110:160898:160939 [0] NCCL INFO Channel 12/0 : 8[0] -> 0[0] [receive] via NET/IB/0/GDRDMA comm 0x7fb8b2d25010 nRanks 16
ip-10-32-4-110:160898:160939 [0] NCCL INFO GPU Direct RDMA Enabled for GPU 0 / HCA 0 (distance 4 <= 5), read 0 mode Default
ip-10-32-4-110:160898:160991 [0] NCCL INFO New proxy recv connection 100 from local rank 0, transport 2
ip-10-32-4-110:160898:160939 [0] NCCL INFO Connected to proxy localRank 0 -> connection 0x7fae1c004f00
ip-10-32-4-110:160898:160939 [0] NCCL INFO Channel 16/0 : 8[0] -> 0[0] [receive] via NET/IB/0/GDRDMA comm 0x7fb8b2d25010 nRanks 16
ip-10-32-4-110:160898:160939 [0] NCCL INFO GPU Direct RDMA Enabled for GPU 0 / HCA 0 (distance 4 <= 5), read 0 mode Default
ip-10-32-4-110:160898:160991 [0] NCCL INFO New proxy recv connection 101 from local rank 0, transport 2
ip-10-32-4-110:160898:160939 [0] NCCL INFO Connected to proxy localRank 0 -> connection 0x7fae1c004f90
ip-10-32-4-110:160898:160939 [0] NCCL INFO Channel 20/0 : 8[0] -> 0[0] [receive] via NET/IB/0/GDRDMA comm 0x7fb8b2d25010 nRanks 16
ip-10-32-4-110:160898:160939 [0] NCCL INFO GPU Direct RDMA Enabled for GPU 0 / HCA 0 (distance 4 <= 5), read 0 mode Default
ip-10-32-4-110:160898:160991 [0] NCCL INFO New proxy recv connection 102 from local rank 0, transport 2
ip-10-32-4-110:160898:160939 [0] NCCL INFO Connected to proxy localRank 0 -> connection 0x7fae1c005020
ip-10-32-4-110:160898:160939 [0] NCCL INFO Channel 24/0 : 8[0] -> 0[0] [receive] via NET/IB/0/GDRDMA comm 0x7fb8b2d25010 nRanks 16
ip-10-32-4-110:160898:160939 [0] NCCL INFO GPU Direct RDMA Enabled for GPU 0 / HCA 0 (distance 4 <= 5), read 0 mode Default
ip-10-32-4-110:160898:160991 [0] NCCL INFO New proxy recv connection 103 from local rank 0, transport 2
ip-10-32-4-110:160898:160939 [0] NCCL INFO Connected to proxy localRank 0 -> connection 0x7fae1c0050b0
ip-10-32-4-110:160898:160939 [0] NCCL INFO Channel 28/0 : 8[0] -> 0[0] [receive] via NET/IB/0/GDRDMA comm 0x7fb8b2d25010 nRanks 16
ip-10-32-4-110:160898:160939 [0] NCCL INFO GPU Direct RDMA Enabled for GPU 0 / HCA 0 (distance 4 <= 5), read 1 mode Default
ip-10-32-4-110:160898:160991 [0] NCCL INFO New proxy send connection 104 from local rank 0, transport 2
ip-10-32-4-110:160898:160939 [0] NCCL INFO Connected to proxy localRank 0 -> connection 0x7fae1c005140
ip-10-32-4-110:160898:160939 [0] NCCL INFO Channel 00/0 : 0[0] -> 8[0] [send] via NET/IB/0/GDRDMA comm 0x7fb8b2d25010 nRanks 16
ip-10-32-4-110:160898:160939 [0] NCCL INFO GPU Direct RDMA Enabled for GPU 0 / HCA 0 (distance 4 <= 5), read 1 mode Default
ip-10-32-4-110:160898:160991 [0] NCCL INFO New proxy send connection 105 from local rank 0, transport 2
ip-10-32-4-110:160898:160939 [0] NCCL INFO Connected to proxy localRank 0 -> connection 0x7fae1c0051d0
ip-10-32-4-110:160898:160939 [0] NCCL INFO Channel 04/0 : 0[0] -> 8[0] [send] via NET/IB/0/GDRDMA comm 0x7fb8b2d25010 nRanks 16
ip-10-32-4-110:160898:160939 [0] NCCL INFO GPU Direct RDMA Enabled for GPU 0 / HCA 0 (distance 4 <= 5), read 1 mode Default
ip-10-32-4-110:160898:160991 [0] NCCL INFO New proxy send connection 106 from local rank 0, transport 2
ip-10-32-4-110:160898:160939 [0] NCCL INFO Connected to proxy localRank 0 -> connection 0x7fae1c005260
ip-10-32-4-110:160898:160939 [0] NCCL INFO Channel 08/0 : 0[0] -> 8[0] [send] via NET/IB/0/GDRDMA comm 0x7fb8b2d25010 nRanks 16
ip-10-32-4-110:160898:160939 [0] NCCL INFO GPU Direct RDMA Enabled for GPU 0 / HCA 0 (distance 4 <= 5), read 1 mode Default
ip-10-32-4-110:160898:160991 [0] NCCL INFO New proxy send connection 107 from local rank 0, transport 2
ip-10-32-4-110:160898:160939 [0] NCCL INFO Connected to proxy localRank 0 -> connection 0x7fae1c0052f0
ip-10-32-4-110:160898:160939 [0] NCCL INFO Channel 12/0 : 0[0] -> 8[0] [send] via NET/IB/0/GDRDMA comm 0x7fb8b2d25010 nRanks 16
ip-10-32-4-110:160898:160939 [0] NCCL INFO GPU Direct RDMA Enabled for GPU 0 / HCA 0 (distance 4 <= 5), read 1 mode Default
ip-10-32-4-110:160898:160991 [0] NCCL INFO New proxy send connection 108 from local rank 0, transport 2
ip-10-32-4-110:160898:160939 [0] NCCL INFO Connected to proxy localRank 0 -> connection 0x7fae1c005380
ip-10-32-4-110:160898:160939 [0] NCCL INFO Channel 16/0 : 0[0] -> 8[0] [send] via NET/IB/0/GDRDMA comm 0x7fb8b2d25010 nRanks 16
ip-10-32-4-110:160898:160939 [0] NCCL INFO GPU Direct RDMA Enabled for GPU 0 / HCA 0 (distance 4 <= 5), read 1 mode Default
ip-10-32-4-110:160898:160991 [0] NCCL INFO New proxy send connection 109 from local rank 0, transport 2
ip-10-32-4-110:160898:160939 [0] NCCL INFO Connected to proxy localRank 0 -> connection 0x7fae1c005410
ip-10-32-4-110:160898:160939 [0] NCCL INFO Channel 20/0 : 0[0] -> 8[0] [send] via NET/IB/0/GDRDMA comm 0x7fb8b2d25010 nRanks 16
ip-10-32-4-110:160898:160939 [0] NCCL INFO GPU Direct RDMA Enabled for GPU 0 / HCA 0 (distance 4 <= 5), read 1 mode Default
ip-10-32-4-110:160898:160991 [0] NCCL INFO New proxy send connection 110 from local rank 0, transport 2
ip-10-32-4-110:160898:160939 [0] NCCL INFO Connected to proxy localRank 0 -> connection 0x7fae1c0054a0
ip-10-32-4-110:160898:160939 [0] NCCL INFO Channel 24/0 : 0[0] -> 8[0] [send] via NET/IB/0/GDRDMA comm 0x7fb8b2d25010 nRanks 16
ip-10-32-4-110:160898:160939 [0] NCCL INFO GPU Direct RDMA Enabled for GPU 0 / HCA 0 (distance 4 <= 5), read 1 mode Default
ip-10-32-4-110:160898:160991 [0] NCCL INFO New proxy send connection 111 from local rank 0, transport 2
ip-10-32-4-110:160898:160939 [0] NCCL INFO Connected to proxy localRank 0 -> connection 0x7fae1c005530
ip-10-32-4-110:160898:160939 [0] NCCL INFO Channel 28/0 : 0[0] -> 8[0] [send] via NET/IB/0/GDRDMA comm 0x7fb8b2d25010 nRanks 16
ip-10-32-4-110:160898:160991 [0] NCCL INFO New proxy recv connection 112 from local rank 0, transport 0
ip-10-32-4-110:160898:160939 [0] NCCL INFO Connected to proxy localRank 0 -> connection 0x7fae1c0055c0
ip-10-32-4-110:160898:160991 [0] NCCL INFO New proxy recv connection 113 from local rank 0, transport 0
ip-10-32-4-110:160898:160939 [0] NCCL INFO Connected to proxy localRank 0 -> connection 0x7fae1c005650
ip-10-32-4-110:160898:160991 [0] NCCL INFO New proxy recv connection 114 from local rank 0, transport 0
ip-10-32-4-110:160898:160939 [0] NCCL INFO Connected to proxy localRank 0 -> connection 0x7fae1c0056e0
ip-10-32-4-110:160898:160991 [0] NCCL INFO New proxy recv connection 115 from local rank 0, transport 0
ip-10-32-4-110:160898:160939 [0] NCCL INFO Connected to proxy localRank 0 -> connection 0x7fae1c005770
ip-10-32-4-110:160898:160991 [0] NCCL INFO New proxy recv connection 116 from local rank 0, transport 0
ip-10-32-4-110:160898:160939 [0] NCCL INFO Connected to proxy localRank 0 -> connection 0x7fae1c005800
ip-10-32-4-110:160898:160991 [0] NCCL INFO New proxy recv connection 117 from local rank 0, transport 0
ip-10-32-4-110:160898:160939 [0] NCCL INFO Connected to proxy localRank 0 -> connection 0x7fae1c005890
ip-10-32-4-110:160898:160991 [0] NCCL INFO New proxy recv connection 118 from local rank 0, transport 0
ip-10-32-4-110:160898:160939 [0] NCCL INFO Connected to proxy localRank 0 -> connection 0x7fae1c005920
ip-10-32-4-110:160898:160991 [0] NCCL INFO New proxy recv connection 119 from local rank 0, transport 0
ip-10-32-4-110:160898:160939 [0] NCCL INFO Connected to proxy localRank 0 -> connection 0x7fae1c0059b0
ip-10-32-4-110:160898:160991 [0] NCCL INFO New proxy recv connection 120 from local rank 0, transport 0
ip-10-32-4-110:160898:160939 [0] NCCL INFO Connected to proxy localRank 0 -> connection 0x7fae1c005a40
ip-10-32-4-110:160898:160991 [0] NCCL INFO New proxy recv connection 121 from local rank 0, transport 0
ip-10-32-4-110:160898:160939 [0] NCCL INFO Connected to proxy localRank 0 -> connection 0x7fae1c005ad0
ip-10-32-4-110:160898:160991 [0] NCCL INFO New proxy recv connection 122 from local rank 0, transport 0
ip-10-32-4-110:160898:160939 [0] NCCL INFO Connected to proxy localRank 0 -> connection 0x7fae1c005b60
ip-10-32-4-110:160898:160991 [0] NCCL INFO New proxy recv connection 123 from local rank 0, transport 0
ip-10-32-4-110:160898:160939 [0] NCCL INFO Connected to proxy localRank 0 -> connection 0x7fae1c005bf0
ip-10-32-4-110:160898:160991 [0] NCCL INFO New proxy recv connection 124 from local rank 0, transport 0
ip-10-32-4-110:160898:160939 [0] NCCL INFO Connected to proxy localRank 0 -> connection 0x7fae1c005c80
ip-10-32-4-110:160898:160991 [0] NCCL INFO New proxy recv connection 125 from local rank 0, transport 0
ip-10-32-4-110:160898:160939 [0] NCCL INFO Connected to proxy localRank 0 -> connection 0x7fae1c005d10
ip-10-32-4-110:160898:160991 [0] NCCL INFO New proxy recv connection 126 from local rank 0, transport 0
ip-10-32-4-110:160898:160939 [0] NCCL INFO Connected to proxy localRank 0 -> connection 0x7fae1c005da0
ip-10-32-4-110:160898:160991 [0] NCCL INFO New proxy recv connection 127 from local rank 0, transport 0
ip-10-32-4-110:160898:160939 [0] NCCL INFO Connected to proxy localRank 0 -> connection 0x7fae1c005e30
ip-10-32-4-110:160898:160991 [0] NCCL INFO New proxy recv connection 128 from local rank 0, transport 0
ip-10-32-4-110:160898:160939 [0] NCCL INFO Connected to proxy localRank 0 -> connection 0x7fae1ca5c960
ip-10-32-4-110:160898:160991 [0] NCCL INFO New proxy recv connection 129 from local rank 0, transport 0
ip-10-32-4-110:160898:160939 [0] NCCL INFO Connected to proxy localRank 0 -> connection 0x7fae1ca5c9f0
ip-10-32-4-110:160898:160991 [0] NCCL INFO New proxy recv connection 130 from local rank 0, transport 0
ip-10-32-4-110:160898:160939 [0] NCCL INFO Connected to proxy localRank 0 -> connection 0x7fae1ca5ca80
ip-10-32-4-110:160898:160991 [0] NCCL INFO New proxy recv connection 131 from local rank 0, transport 0
ip-10-32-4-110:160898:160939 [0] NCCL INFO Connected to proxy localRank 0 -> connection 0x7fae1ca5cb10
ip-10-32-4-110:160898:160991 [0] NCCL INFO New proxy recv connection 132 from local rank 0, transport 0
ip-10-32-4-110:160898:160939 [0] NCCL INFO Connected to proxy localRank 0 -> connection 0x7fae1ca5cba0
ip-10-32-4-110:160898:160991 [0] NCCL INFO New proxy recv connection 133 from local rank 0, transport 0
ip-10-32-4-110:160898:160939 [0] NCCL INFO Connected to proxy localRank 0 -> connection 0x7fae1ca5cc30
ip-10-32-4-110:160898:160991 [0] NCCL INFO New proxy recv connection 134 from local rank 0, transport 0
ip-10-32-4-110:160898:160939 [0] NCCL INFO Connected to proxy localRank 0 -> connection 0x7fae1ca5ccc0
ip-10-32-4-110:160898:160991 [0] NCCL INFO New proxy recv connection 135 from local rank 0, transport 0
ip-10-32-4-110:160898:160939 [0] NCCL INFO Connected to proxy localRank 0 -> connection 0x7fae1ca5cd50
ip-10-32-4-110:160898:160991 [0] NCCL INFO New proxy recv connection 136 from local rank 0, transport 0
ip-10-32-4-110:160898:160939 [0] NCCL INFO Connected to proxy localRank 0 -> connection 0x7fae1ca5cde0
ip-10-32-4-110:160898:160991 [0] NCCL INFO New proxy recv connection 137 from local rank 0, transport 0
ip-10-32-4-110:160898:160939 [0] NCCL INFO Connected to proxy localRank 0 -> connection 0x7fae1ca5ce70
ip-10-32-4-110:160898:160991 [0] NCCL INFO New proxy recv connection 138 from local rank 0, transport 0
ip-10-32-4-110:160898:160939 [0] NCCL INFO Connected to proxy localRank 0 -> connection 0x7fae1ca5cf00
ip-10-32-4-110:160898:160991 [0] NCCL INFO New proxy recv connection 139 from local rank 0, transport 0
ip-10-32-4-110:160898:160939 [0] NCCL INFO Connected to proxy localRank 0 -> connection 0x7fae1ca5cf90
ip-10-32-4-110:160898:160991 [0] NCCL INFO New proxy recv connection 140 from local rank 0, transport 0
ip-10-32-4-110:160898:160939 [0] NCCL INFO Connected to proxy localRank 0 -> connection 0x7fae1ca5d020
ip-10-32-4-110:160898:160991 [0] NCCL INFO New proxy recv connection 141 from local rank 0, transport 0
ip-10-32-4-110:160898:160939 [0] NCCL INFO Connected to proxy localRank 0 -> connection 0x7fae1ca5d0b0
ip-10-32-4-110:160898:160991 [0] NCCL INFO New proxy recv connection 142 from local rank 0, transport 0
ip-10-32-4-110:160898:160939 [0] NCCL INFO Connected to proxy localRank 0 -> connection 0x7fae1ca5d140
ip-10-32-4-110:160898:160991 [0] NCCL INFO New proxy recv connection 143 from local rank 0, transport 0
ip-10-32-4-110:160898:160939 [0] NCCL INFO Connected to proxy localRank 0 -> connection 0x7fae1ca5d1d0
ip-10-32-4-110:160898:160991 [0] NCCL INFO NET/IB: ncclIbConnect isP2p=0
ip-10-32-4-110:160898:160991 [0] NCCL INFO NET/IB: ncclIbConnect Max Nqps=4, localNqps=4, remoteNqps=4
ip-10-32-4-110:160898:160991 [0] NCCL INFO NET/IB: NCCL Dev 0 IbDev 0 Port 1 qpn 49046 mtu 5 GID 3 (0/E627081AFFFF0000) fifoRkey=0x2241fb fifoLkey=0x2241fb
ip-10-32-4-110:160898:160991 [0] NCCL INFO NET/IB: IbDev 0 Port 1 qpn 49046 query_ece={supported=1, vendor_id=0x15b3, options=0x30000002, comp_mask=0x0}
ip-10-32-4-110:160898:160991 [0] NCCL INFO NET/IB: NCCL Dev 0 IbDev 0 Port 1 qpn 49047 mtu 5 GID 3 (0/E627081AFFFF0000) fifoRkey=0x2241fb fifoLkey=0x2241fb
ip-10-32-4-110:160898:160991 [0] NCCL INFO NET/IB: IbDev 0 Port 1 qpn 49047 query_ece={supported=1, vendor_id=0x15b3, options=0x30000002, comp_mask=0x0}
ip-10-32-4-110:160898:160991 [0] NCCL INFO NET/IB: NCCL Dev 0 IbDev 0 Port 1 qpn 49048 mtu 5 GID 3 (0/E627081AFFFF0000) fifoRkey=0x2241fb fifoLkey=0x2241fb
ip-10-32-4-110:160898:160991 [0] NCCL INFO NET/IB: IbDev 0 Port 1 qpn 49048 query_ece={supported=1, vendor_id=0x15b3, options=0x30000002, comp_mask=0x0}
ip-10-32-4-110:160898:160991 [0] NCCL INFO NET/IB: NCCL Dev 0 IbDev 0 Port 1 qpn 49049 mtu 5 GID 3 (0/E627081AFFFF0000) fifoRkey=0x2241fb fifoLkey=0x2241fb
ip-10-32-4-110:160898:160991 [0] NCCL INFO NET/IB: IbDev 0 Port 1 qpn 49049 query_ece={supported=1, vendor_id=0x15b3, options=0x30000002, comp_mask=0x0}
ip-10-32-4-110:160898:160991 [0] NCCL INFO NET/IB: ncclIbAccept Max Nqps=4, localNqps=4, remoteNqps=4
ip-10-32-4-110:160898:160991 [0] NCCL INFO NET/IB : QP 0x7fae1cd053d8 (qpn=0xBF9A) src UDP port set to 60000 (qIndex=0)
ip-10-32-4-110:160898:160991 [0] NCCL INFO NET/IB : QP 0x7fae1ce9b408 (qpn=0xBF9B) src UDP port set to 60051 (qIndex=1)
ip-10-32-4-110:160898:160991 [0] NCCL INFO NET/IB : QP 0x7fae1cb513b8 (qpn=0xBF9C) src UDP port set to 57663 (qIndex=2)
ip-10-32-4-110:160898:160991 [0] NCCL INFO NET/IB : QP 0x7fae1ccd9398 (qpn=0xBF9D) src UDP port set to 57804 (qIndex=3)
ip-10-32-4-110:160898:160991 [0] NCCL INFO NET/IB : QP 0x7fae1ce52398 (qpn=0xBF9E) src UDP port set to 60000 (qIndex=-1)
ip-10-32-4-110:160898:160991 [0] NCCL INFO NET/IB: IbDev 0 Port 1 qpn 49046 set_ece={supported=1, vendor_id=0x15b3, options=0x30000002, comp_mask=0x0}
ip-10-32-4-110:160898:160991 [0] NCCL INFO NET/IB : QP 0x7fae1c0b98b8 (qpn=0xBF96) src UDP port set to 60000 (qIndex=0)
ip-10-32-4-110:160898:160991 [0] NCCL INFO NET/IB: IbDev 0 Port 1 qpn 49047 set_ece={supported=1, vendor_id=0x15b3, options=0x30000002, comp_mask=0x0}
ip-10-32-4-110:160898:160991 [0] NCCL INFO NET/IB : QP 0x7fae1ca09048 (qpn=0xBF97) src UDP port set to 60051 (qIndex=1)
ip-10-32-4-110:160898:160991 [0] NCCL INFO NET/IB: IbDev 0 Port 1 qpn 49048 set_ece={supported=1, vendor_id=0x15b3, options=0x30000002, comp_mask=0x0}
ip-10-32-4-110:160898:160991 [0] NCCL INFO NET/IB : QP 0x7fae1cb533f8 (qpn=0xBF98) src UDP port set to 57663 (qIndex=2)
ip-10-32-4-110:160898:160991 [0] NCCL INFO NET/IB: IbDev 0 Port 1 qpn 49049 set_ece={supported=1, vendor_id=0x15b3, options=0x30000002, comp_mask=0x0}
ip-10-32-4-110:160898:160991 [0] NCCL INFO NET/IB : QP 0x7fae1c1463d8 (qpn=0xBF99) src UDP port set to 57804 (qIndex=3)
ip-10-32-4-110:160898:160991 [0] NCCL INFO NET/IB: ncclIbConnect isP2p=0
ip-10-32-4-110:160898:160991 [0] NCCL INFO NET/IB: ncclIbConnect Max Nqps=4, localNqps=4, remoteNqps=4
ip-10-32-4-110:160898:160991 [0] NCCL INFO NET/IB: NCCL Dev 0 IbDev 0 Port 1 qpn 49055 mtu 5 GID 3 (0/E627081AFFFF0000) fifoRkey=0x2227e1 fifoLkey=0x2227e1
ip-10-32-4-110:160898:160991 [0] NCCL INFO NET/IB: IbDev 0 Port 1 qpn 49055 query_ece={supported=1, vendor_id=0x15b3, options=0x30000002, comp_mask=0x0}
ip-10-32-4-110:160898:160991 [0] NCCL INFO NET/IB: NCCL Dev 0 IbDev 0 Port 1 qpn 49056 mtu 5 GID 3 (0/E627081AFFFF0000) fifoRkey=0x2227e1 fifoLkey=0x2227e1
ip-10-32-4-110:160898:160991 [0] NCCL INFO NET/IB: IbDev 0 Port 1 qpn 49056 query_ece={supported=1, vendor_id=0x15b3, options=0x30000002, comp_mask=0x0}
ip-10-32-4-110:160898:160991 [0] NCCL INFO NET/IB: NCCL Dev 0 IbDev 0 Port 1 qpn 49057 mtu 5 GID 3 (0/E627081AFFFF0000) fifoRkey=0x2227e1 fifoLkey=0x2227e1
ip-10-32-4-110:160898:160991 [0] NCCL INFO NET/IB: IbDev 0 Port 1 qpn 49057 query_ece={supported=1, vendor_id=0x15b3, options=0x30000002, comp_mask=0x0}
ip-10-32-4-110:160898:160991 [0] NCCL INFO NET/IB: NCCL Dev 0 IbDev 0 Port 1 qpn 49058 mtu 5 GID 3 (0/E627081AFFFF0000) fifoRkey=0x2227e1 fifoLkey=0x2227e1
ip-10-32-4-110:160898:160991 [0] NCCL INFO NET/IB: IbDev 0 Port 1 qpn 49058 query_ece={supported=1, vendor_id=0x15b3, options=0x30000002, comp_mask=0x0}
ip-10-32-4-110:160898:160991 [0] NCCL INFO NET/IB: ncclIbAccept Max Nqps=4, localNqps=4, remoteNqps=4
ip-10-32-4-110:160898:160991 [0] NCCL INFO NET/IB : QP 0x7fae1caf3b08 (qpn=0xBFA3) src UDP port set to 60000 (qIndex=0)
ip-10-32-4-110:160898:160991 [0] NCCL INFO NET/IB : QP 0x7fae1ce06af8 (qpn=0xBFA4) src UDP port set to 60051 (qIndex=1)
ip-10-32-4-110:160898:160991 [0] NCCL INFO NET/IB : QP 0x7fae1caf1ac8 (qpn=0xBFA5) src UDP port set to 57663 (qIndex=2)
ip-10-32-4-110:160898:160991 [0] NCCL INFO NET/IB : QP 0x7fae1ccd6aa8 (qpn=0xBFA6) src UDP port set to 57804 (qIndex=3)
ip-10-32-4-110:160898:160991 [0] NCCL INFO NET/IB : QP 0x7fae1cac1278 (qpn=0xBFA7) src UDP port set to 60000 (qIndex=-1)
ip-10-32-4-110:160898:160991 [0] NCCL INFO NET/IB: IbDev 0 Port 1 qpn 49055 set_ece={supported=1, vendor_id=0x15b3, options=0x30000002, comp_mask=0x0}
ip-10-32-4-110:160898:160991 [0] NCCL INFO NET/IB : QP 0x7fae1cb21658 (qpn=0xBF9F) src UDP port set to 60000 (qIndex=0)
ip-10-32-4-110:160898:160991 [0] NCCL INFO NET/IB: IbDev 0 Port 1 qpn 49056 set_ece={supported=1, vendor_id=0x15b3, options=0x30000002, comp_mask=0x0}
ip-10-32-4-110:160898:160991 [0] NCCL INFO NET/IB : QP 0x7fae1ce30b68 (qpn=0xBFA0) src UDP port set to 60051 (qIndex=1)
ip-10-32-4-110:160898:160991 [0] NCCL INFO NET/IB: IbDev 0 Port 1 qpn 49057 set_ece={supported=1, vendor_id=0x15b3, options=0x30000002, comp_mask=0x0}
ip-10-32-4-110:160898:160991 [0] NCCL INFO NET/IB : QP 0x7fae1cc15b68 (qpn=0xBFA1) src UDP port set to 57663 (qIndex=2)
ip-10-32-4-110:160898:160991 [0] NCCL INFO NET/IB: IbDev 0 Port 1 qpn 49058 set_ece={supported=1, vendor_id=0x15b3, options=0x30000002, comp_mask=0x0}
ip-10-32-4-110:160898:160991 [0] NCCL INFO NET/IB : QP 0x7fae1cb1fb48 (qpn=0xBFA2) src UDP port set to 57804 (qIndex=3)
ip-10-32-4-110:160898:160991 [0] NCCL INFO NET/IB: ncclIbConnect isP2p=0
ip-10-32-4-110:160898:160991 [0] NCCL INFO NET/IB: ncclIbConnect Max Nqps=4, localNqps=4, remoteNqps=4
ip-10-32-4-110:160898:160991 [0] NCCL INFO NET/IB: NCCL Dev 0 IbDev 0 Port 1 qpn 49064 mtu 5 GID 3 (0/E627081AFFFF0000) fifoRkey=0x21e01c fifoLkey=0x21e01c
ip-10-32-4-110:160898:160991 [0] NCCL INFO NET/IB: IbDev 0 Port 1 qpn 49064 query_ece={supported=1, vendor_id=0x15b3, options=0x30000002, comp_mask=0x0}
ip-10-32-4-110:160898:160991 [0] NCCL INFO NET/IB: NCCL Dev 0 IbDev 0 Port 1 qpn 49065 mtu 5 GID 3 (0/E627081AFFFF0000) fifoRkey=0x21e01c fifoLkey=0x21e01c
ip-10-32-4-110:160898:160991 [0] NCCL INFO NET/IB: IbDev 0 Port 1 qpn 49065 query_ece={supported=1, vendor_id=0x15b3, options=0x30000002, comp_mask=0x0}
ip-10-32-4-110:160898:160991 [0] NCCL INFO NET/IB: NCCL Dev 0 IbDev 0 Port 1 qpn 49066 mtu 5 GID 3 (0/E627081AFFFF0000) fifoRkey=0x21e01c fifoLkey=0x21e01c
ip-10-32-4-110:160898:160991 [0] NCCL INFO NET/IB: IbDev 0 Port 1 qpn 49066 query_ece={supported=1, vendor_id=0x15b3, options=0x30000002, comp_mask=0x0}
ip-10-32-4-110:160898:160991 [0] NCCL INFO NET/IB: NCCL Dev 0 IbDev 0 Port 1 qpn 49067 mtu 5 GID 3 (0/E627081AFFFF0000) fifoRkey=0x21e01c fifoLkey=0x21e01c
ip-10-32-4-110:160898:160991 [0] NCCL INFO NET/IB: IbDev 0 Port 1 qpn 49067 query_ece={supported=1, vendor_id=0x15b3, options=0x30000002, comp_mask=0x0}
ip-10-32-4-110:160898:160991 [0] NCCL INFO NET/IB: ncclIbAccept Max Nqps=4, localNqps=4, remoteNqps=4
ip-10-32-4-110:160898:160991 [0] NCCL INFO NET/IB : QP 0x7fae1ca61988 (qpn=0xBFAC) src UDP port set to 60000 (qIndex=0)
ip-10-32-4-110:160898:160991 [0] NCCL INFO NET/IB : QP 0x7fae1cca3968 (qpn=0xBFAD) src UDP port set to 60051 (qIndex=1)
ip-10-32-4-110:160898:160991 [0] NCCL INFO NET/IB : QP 0x7fae1cd67968 (qpn=0xBFAE) src UDP port set to 57663 (qIndex=2)
ip-10-32-4-110:160898:160991 [0] NCCL INFO NET/IB : QP 0x7fae1cd3b928 (qpn=0xBFAF) src UDP port set to 57804 (qIndex=3)
ip-10-32-4-110:160898:160991 [0] NCCL INFO NET/IB : QP 0x7fae1cc77928 (qpn=0xBFB0) src UDP port set to 60000 (qIndex=-1)
ip-10-32-4-110:160898:160991 [0] NCCL INFO NET/IB: IbDev 0 Port 1 qpn 49064 set_ece={supported=1, vendor_id=0x15b3, options=0x30000002, comp_mask=0x0}
ip-10-32-4-110:160898:160991 [0] NCCL INFO NET/IB : QP 0x7fae1cbe2778 (qpn=0xBFA8) src UDP port set to 60000 (qIndex=0)
ip-10-32-4-110:160898:160991 [0] NCCL INFO NET/IB: IbDev 0 Port 1 qpn 49065 set_ece={supported=1, vendor_id=0x15b3, options=0x30000002, comp_mask=0x0}
ip-10-32-4-110:160898:160991 [0] NCCL INFO NET/IB : QP 0x7fae1cbe2b48 (qpn=0xBFA9) src UDP port set to 60051 (qIndex=1)
ip-10-32-4-110:160898:160991 [0] NCCL INFO NET/IB: IbDev 0 Port 1 qpn 49066 set_ece={supported=1, vendor_id=0x15b3, options=0x30000002, comp_mask=0x0}
ip-10-32-4-110:160898:160991 [0] NCCL INFO NET/IB : QP 0x7fae1ca93a08 (qpn=0xBFAA) src UDP port set to 57663 (qIndex=2)
ip-10-32-4-110:160898:160991 [0] NCCL INFO NET/IB: IbDev 0 Port 1 qpn 49067 set_ece={supported=1, vendor_id=0x15b3, options=0x30000002, comp_mask=0x0}
ip-10-32-4-110:160898:160991 [0] NCCL INFO NET/IB : QP 0x7fae1cd699a8 (qpn=0xBFAB) src UDP port set to 57804 (qIndex=3)
ip-10-32-4-110:160898:160991 [0] NCCL INFO NET/IB: ncclIbAccept Max Nqps=4, localNqps=4, remoteNqps=4
ip-10-32-4-110:160898:160991 [0] NCCL INFO NET/IB : QP 0x7fae1cfb00c8 (qpn=0xBFB1) src UDP port set to 60000 (qIndex=0)
ip-10-32-4-110:160898:160991 [0] NCCL INFO NET/IB : QP 0x7fae1d1430b8 (qpn=0xBFB2) src UDP port set to 60051 (qIndex=1)
ip-10-32-4-110:160898:160991 [0] NCCL INFO NET/IB : QP 0x7fae1d2040b8 (qpn=0xBFB3) src UDP port set to 57663 (qIndex=2)
ip-10-32-4-110:160898:160991 [0] NCCL INFO NET/IB : QP 0x7fae1d2c30b8 (qpn=0xBFB4) src UDP port set to 57804 (qIndex=3)
ip-10-32-4-110:160898:160991 [0] NCCL INFO NET/IB : QP 0x7fae1d3170b8 (qpn=0xBFB5) src UDP port set to 60000 (qIndex=-1)
ip-10-32-4-110:160898:160991 [0] NCCL INFO NET/IB: ncclIbConnect isP2p=0
ip-10-32-4-110:160898:160991 [0] NCCL INFO NET/IB: ncclIbConnect Max Nqps=4, localNqps=4, remoteNqps=4
ip-10-32-4-110:160898:160991 [0] NCCL INFO NET/IB: NCCL Dev 0 IbDev 0 Port 1 qpn 49078 mtu 5 GID 3 (0/E627081AFFFF0000) fifoRkey=0x17df8d fifoLkey=0x17df8d
ip-10-32-4-110:160898:160991 [0] NCCL INFO NET/IB: IbDev 0 Port 1 qpn 49078 query_ece={supported=1, vendor_id=0x15b3, options=0x30000002, comp_mask=0x0}
ip-10-32-4-110:160898:160991 [0] NCCL INFO NET/IB: NCCL Dev 0 IbDev 0 Port 1 qpn 49079 mtu 5 GID 3 (0/E627081AFFFF0000) fifoRkey=0x17df8d fifoLkey=0x17df8d
ip-10-32-4-110:160898:160991 [0] NCCL INFO NET/IB: IbDev 0 Port 1 qpn 49079 query_ece={supported=1, vendor_id=0x15b3, options=0x30000002, comp_mask=0x0}
ip-10-32-4-110:160898:160991 [0] NCCL INFO NET/IB: NCCL Dev 0 IbDev 0 Port 1 qpn 49080 mtu 5 GID 3 (0/E627081AFFFF0000) fifoRkey=0x17df8d fifoLkey=0x17df8d
ip-10-32-4-110:160898:160991 [0] NCCL INFO NET/IB: IbDev 0 Port 1 qpn 49080 query_ece={supported=1, vendor_id=0x15b3, options=0x30000002, comp_mask=0x0}
ip-10-32-4-110:160898:160991 [0] NCCL INFO NET/IB: NCCL Dev 0 IbDev 0 Port 1 qpn 49081 mtu 5 GID 3 (0/E627081AFFFF0000) fifoRkey=0x17df8d fifoLkey=0x17df8d
ip-10-32-4-110:160898:160991 [0] NCCL INFO NET/IB: IbDev 0 Port 1 qpn 49081 query_ece={supported=1, vendor_id=0x15b3, options=0x30000002, comp_mask=0x0}
ip-10-32-4-110:160898:160991 [0] NCCL INFO NET/IB: ncclIbConnect isP2p=0
ip-10-32-4-110:160898:160991 [0] NCCL INFO NET/IB: ncclIbConnect Max Nqps=4, localNqps=4, remoteNqps=4
ip-10-32-4-110:160898:160991 [0] NCCL INFO NET/IB: NCCL Dev 0 IbDev 0 Port 1 qpn 49082 mtu 5 GID 3 (0/E627081AFFFF0000) fifoRkey=0x222ee8 fifoLkey=0x222ee8
ip-10-32-4-110:160898:160991 [0] NCCL INFO NET/IB: IbDev 0 Port 1 qpn 49082 query_ece={supported=1, vendor_id=0x15b3, options=0x30000002, comp_mask=0x0}
ip-10-32-4-110:160898:160991 [0] NCCL INFO NET/IB: NCCL Dev 0 IbDev 0 Port 1 qpn 49083 mtu 5 GID 3 (0/E627081AFFFF0000) fifoRkey=0x222ee8 fifoLkey=0x222ee8
ip-10-32-4-110:160898:160991 [0] NCCL INFO NET/IB: IbDev 0 Port 1 qpn 49083 query_ece={supported=1, vendor_id=0x15b3, options=0x30000002, comp_mask=0x0}
ip-10-32-4-110:160898:160991 [0] NCCL INFO NET/IB: NCCL Dev 0 IbDev 0 Port 1 qpn 49084 mtu 5 GID 3 (0/E627081AFFFF0000) fifoRkey=0x222ee8 fifoLkey=0x222ee8
ip-10-32-4-110:160898:160991 [0] NCCL INFO NET/IB: IbDev 0 Port 1 qpn 49084 query_ece={supported=1, vendor_id=0x15b3, options=0x30000002, comp_mask=0x0}
ip-10-32-4-110:160898:160991 [0] NCCL INFO NET/IB: NCCL Dev 0 IbDev 0 Port 1 qpn 49085 mtu 5 GID 3 (0/E627081AFFFF0000) fifoRkey=0x222ee8 fifoLkey=0x222ee8
ip-10-32-4-110:160898:160991 [0] NCCL INFO NET/IB: IbDev 0 Port 1 qpn 49085 query_ece={supported=1, vendor_id=0x15b3, options=0x30000002, comp_mask=0x0}
ip-10-32-4-110:160898:160991 [0] NCCL INFO NET/IB: ncclIbConnect isP2p=0
ip-10-32-4-110:160898:160991 [0] NCCL INFO NET/IB: ncclIbConnect Max Nqps=4, localNqps=4, remoteNqps=4
ip-10-32-4-110:160898:160991 [0] NCCL INFO NET/IB: NCCL Dev 0 IbDev 0 Port 1 qpn 49086 mtu 5 GID 3 (0/E627081AFFFF0000) fifoRkey=0x2213d3 fifoLkey=0x2213d3
ip-10-32-4-110:160898:160991 [0] NCCL INFO NET/IB: IbDev 0 Port 1 qpn 49086 query_ece={supported=1, vendor_id=0x15b3, options=0x30000002, comp_mask=0x0}
ip-10-32-4-110:160898:160991 [0] NCCL INFO NET/IB: NCCL Dev 0 IbDev 0 Port 1 qpn 49087 mtu 5 GID 3 (0/E627081AFFFF0000) fifoRkey=0x2213d3 fifoLkey=0x2213d3
ip-10-32-4-110:160898:160991 [0] NCCL INFO NET/IB: IbDev 0 Port 1 qpn 49087 query_ece={supported=1, vendor_id=0x15b3, options=0x30000002, comp_mask=0x0}
ip-10-32-4-110:160898:160991 [0] NCCL INFO NET/IB: NCCL Dev 0 IbDev 0 Port 1 qpn 49088 mtu 5 GID 3 (0/E627081AFFFF0000) fifoRkey=0x2213d3 fifoLkey=0x2213d3
ip-10-32-4-110:160898:160991 [0] NCCL INFO NET/IB: IbDev 0 Port 1 qpn 49088 query_ece={supported=1, vendor_id=0x15b3, options=0x30000002, comp_mask=0x0}
ip-10-32-4-110:160898:160991 [0] NCCL INFO NET/IB: NCCL Dev 0 IbDev 0 Port 1 qpn 49089 mtu 5 GID 3 (0/E627081AFFFF0000) fifoRkey=0x2213d3 fifoLkey=0x2213d3
ip-10-32-4-110:160898:160991 [0] NCCL INFO NET/IB: IbDev 0 Port 1 qpn 49089 query_ece={supported=1, vendor_id=0x15b3, options=0x30000002, comp_mask=0x0}
ip-10-32-4-110:160898:160991 [0] NCCL INFO NET/IB: ncclIbConnect isP2p=0
ip-10-32-4-110:160898:160991 [0] NCCL INFO NET/IB: ncclIbConnect Max Nqps=4, localNqps=4, remoteNqps=4
ip-10-32-4-110:160898:160991 [0] NCCL INFO NET/IB: NCCL Dev 0 IbDev 0 Port 1 qpn 49090 mtu 5 GID 3 (0/E627081AFFFF0000) fifoRkey=0x21fa35 fifoLkey=0x21fa35
ip-10-32-4-110:160898:160991 [0] NCCL INFO NET/IB: IbDev 0 Port 1 qpn 49090 query_ece={supported=1, vendor_id=0x15b3, options=0x30000002, comp_mask=0x0}
ip-10-32-4-110:160898:160991 [0] NCCL INFO NET/IB: NCCL Dev 0 IbDev 0 Port 1 qpn 49091 mtu 5 GID 3 (0/E627081AFFFF0000) fifoRkey=0x21fa35 fifoLkey=0x21fa35
ip-10-32-4-110:160898:160991 [0] NCCL INFO NET/IB: IbDev 0 Port 1 qpn 49091 query_ece={supported=1, vendor_id=0x15b3, options=0x30000002, comp_mask=0x0}
ip-10-32-4-110:160898:160991 [0] NCCL INFO NET/IB: NCCL Dev 0 IbDev 0 Port 1 qpn 49092 mtu 5 GID 3 (0/E627081AFFFF0000) fifoRkey=0x21fa35 fifoLkey=0x21fa35
ip-10-32-4-110:160898:160991 [0] NCCL INFO NET/IB: IbDev 0 Port 1 qpn 49092 query_ece={supported=1, vendor_id=0x15b3, options=0x30000002, comp_mask=0x0}
ip-10-32-4-110:160898:160991 [0] NCCL INFO NET/IB: NCCL Dev 0 IbDev 0 Port 1 qpn 49093 mtu 5 GID 3 (0/E627081AFFFF0000) fifoRkey=0x21fa35 fifoLkey=0x21fa35
ip-10-32-4-110:160898:160991 [0] NCCL INFO NET/IB: IbDev 0 Port 1 qpn 49093 query_ece={supported=1, vendor_id=0x15b3, options=0x30000002, comp_mask=0x0}
ip-10-32-4-110:160898:160991 [0] NCCL INFO NET/IB: ncclIbConnect isP2p=0
ip-10-32-4-110:160898:160991 [0] NCCL INFO NET/IB: ncclIbConnect Max Nqps=4, localNqps=4, remoteNqps=4
ip-10-32-4-110:160898:160991 [0] NCCL INFO NET/IB: NCCL Dev 0 IbDev 0 Port 1 qpn 49094 mtu 5 GID 3 (0/E627081AFFFF0000) fifoRkey=0x2221dc fifoLkey=0x2221dc
ip-10-32-4-110:160898:160991 [0] NCCL INFO NET/IB: IbDev 0 Port 1 qpn 49094 query_ece={supported=1, vendor_id=0x15b3, options=0x30000002, comp_mask=0x0}
ip-10-32-4-110:160898:160991 [0] NCCL INFO NET/IB: NCCL Dev 0 IbDev 0 Port 1 qpn 49095 mtu 5 GID 3 (0/E627081AFFFF0000) fifoRkey=0x2221dc fifoLkey=0x2221dc
ip-10-32-4-110:160898:160991 [0] NCCL INFO NET/IB: IbDev 0 Port 1 qpn 49095 query_ece={supported=1, vendor_id=0x15b3, options=0x30000002, comp_mask=0x0}
ip-10-32-4-110:160898:160991 [0] NCCL INFO NET/IB: NCCL Dev 0 IbDev 0 Port 1 qpn 49096 mtu 5 GID 3 (0/E627081AFFFF0000) fifoRkey=0x2221dc fifoLkey=0x2221dc
ip-10-32-4-110:160898:160991 [0] NCCL INFO NET/IB: IbDev 0 Port 1 qpn 49096 query_ece={supported=1, vendor_id=0x15b3, options=0x30000002, comp_mask=0x0}
ip-10-32-4-110:160898:160991 [0] NCCL INFO NET/IB: NCCL Dev 0 IbDev 0 Port 1 qpn 49097 mtu 5 GID 3 (0/E627081AFFFF0000) fifoRkey=0x2221dc fifoLkey=0x2221dc
ip-10-32-4-110:160898:160991 [0] NCCL INFO NET/IB: IbDev 0 Port 1 qpn 49097 query_ece={supported=1, vendor_id=0x15b3, options=0x30000002, comp_mask=0x0}
ip-10-32-4-110:160898:160991 [0] NCCL INFO NET/IB: IbDev 0 Port 1 qpn 49078 set_ece={supported=1, vendor_id=0x15b3, options=0x30000002, comp_mask=0x0}
ip-10-32-4-110:160898:160991 [0] NCCL INFO NET/IB : QP 0x7fae1d0040b8 (qpn=0xBFB6) src UDP port set to 60000 (qIndex=0)
ip-10-32-4-110:160898:160991 [0] NCCL INFO NET/IB: IbDev 0 Port 1 qpn 49079 set_ece={supported=1, vendor_id=0x15b3, options=0x30000002, comp_mask=0x0}
ip-10-32-4-110:160898:160991 [0] NCCL INFO NET/IB : QP 0x7fae1d3d60b8 (qpn=0xBFB7) src UDP port set to 60051 (qIndex=1)
ip-10-32-4-110:160898:160991 [0] NCCL INFO NET/IB: IbDev 0 Port 1 qpn 49080 set_ece={supported=1, vendor_id=0x15b3, options=0x30000002, comp_mask=0x0}
ip-10-32-4-110:160898:160991 [0] NCCL INFO NET/IB : QP 0x7fae1d42a0b8 (qpn=0xBFB8) src UDP port set to 57663 (qIndex=2)
ip-10-32-4-110:160898:160991 [0] NCCL INFO NET/IB: IbDev 0 Port 1 qpn 49081 set_ece={supported=1, vendor_id=0x15b3, options=0x30000002, comp_mask=0x0}
ip-10-32-4-110:160898:160991 [0] NCCL INFO NET/IB : QP 0x7fae1d0ef0b8 (qpn=0xBFB9) src UDP port set to 57804 (qIndex=3)
ip-10-32-4-110:160898:160991 [0] NCCL INFO NET/IB: ncclIbAccept Max Nqps=4, localNqps=4, remoteNqps=4
ip-10-32-4-110:160898:160991 [0] NCCL INFO NET/IB : QP 0x7fae1d167058 (qpn=0xBFCA) src UDP port set to 60000 (qIndex=0)
ip-10-32-4-110:160898:160991 [0] NCCL INFO NET/IB : QP 0x7fae1d167428 (qpn=0xBFCB) src UDP port set to 60051 (qIndex=1)
ip-10-32-4-110:160898:160991 [0] NCCL INFO NET/IB : QP 0x7fae1d94c888 (qpn=0xBFCC) src UDP port set to 57663 (qIndex=2)
ip-10-32-4-110:160898:160991 [0] NCCL INFO NET/IB : QP 0x7fae1d9768f8 (qpn=0xBFCD) src UDP port set to 57804 (qIndex=3)
ip-10-32-4-110:160898:160991 [0] NCCL INFO NET/IB : QP 0x7fae1d9ca0b8 (qpn=0xBFCE) src UDP port set to 60000 (qIndex=-1)
ip-10-32-4-110:160898:160991 [0] NCCL INFO NET/IB: IbDev 0 Port 1 qpn 49082 set_ece={supported=1, vendor_id=0x15b3, options=0x30000002, comp_mask=0x0}
ip-10-32-4-110:160898:160991 [0] NCCL INFO NET/IB : QP 0x7fae1cf430b8 (qpn=0xBFBA) src UDP port set to 60000 (qIndex=0)
ip-10-32-4-110:160898:160991 [0] NCCL INFO NET/IB: IbDev 0 Port 1 qpn 49083 set_ece={supported=1, vendor_id=0x15b3, options=0x30000002, comp_mask=0x0}
ip-10-32-4-110:160898:160991 [0] NCCL INFO NET/IB : QP 0x7fae1d5150b8 (qpn=0xBFBB) src UDP port set to 60051 (qIndex=1)
ip-10-32-4-110:160898:160991 [0] NCCL INFO NET/IB: IbDev 0 Port 1 qpn 49084 set_ece={supported=1, vendor_id=0x15b3, options=0x30000002, comp_mask=0x0}
ip-10-32-4-110:160898:160991 [0] NCCL INFO NET/IB : QP 0x7fae1d5d40b8 (qpn=0xBFBC) src UDP port set to 57663 (qIndex=2)
ip-10-32-4-110:160898:160991 [0] NCCL INFO NET/IB: IbDev 0 Port 1 qpn 49085 set_ece={supported=1, vendor_id=0x15b3, options=0x30000002, comp_mask=0x0}
ip-10-32-4-110:160898:160991 [0] NCCL INFO NET/IB : QP 0x7fae1ceef0b8 (qpn=0xBFBD) src UDP port set to 57804 (qIndex=3)
ip-10-32-4-110:160898:160991 [0] NCCL INFO NET/IB: ncclIbAccept Max Nqps=4, localNqps=4, remoteNqps=4
ip-10-32-4-110:160898:160991 [0] NCCL INFO NET/IB : QP 0x7fae1da162e8 (qpn=0xBFCF) src UDP port set to 60000 (qIndex=0)
ip-10-32-4-110:160898:160991 [0] NCCL INFO NET/IB : QP 0x7fae1da61088 (qpn=0xBFD0) src UDP port set to 60051 (qIndex=1)
ip-10-32-4-110:160898:160991 [0] NCCL INFO NET/IB : QP 0x7fae1cfda048 (qpn=0xBFD1) src UDP port set to 57663 (qIndex=2)
ip-10-32-4-110:160898:160991 [0] NCCL INFO NET/IB : QP 0x7fae1cfdac28 (qpn=0xBFD2) src UDP port set to 57804 (qIndex=3)
ip-10-32-4-110:160898:160991 [0] NCCL INFO NET/IB : QP 0x7fae1dab58c8 (qpn=0xBFD3) src UDP port set to 60000 (qIndex=-1)
ip-10-32-4-110:160898:160991 [0] NCCL INFO NET/IB: IbDev 0 Port 1 qpn 49086 set_ece={supported=1, vendor_id=0x15b3, options=0x30000002, comp_mask=0x0}
ip-10-32-4-110:160898:160991 [0] NCCL INFO NET/IB : QP 0x7fae1cbb1098 (qpn=0xBFBE) src UDP port set to 60000 (qIndex=0)
ip-10-32-4-110:160898:160991 [0] NCCL INFO NET/IB: IbDev 0 Port 1 qpn 49087 set_ece={supported=1, vendor_id=0x15b3, options=0x30000002, comp_mask=0x0}
ip-10-32-4-110:160898:160991 [0] NCCL INFO NET/IB : QP 0x7fae1d09b088 (qpn=0xBFBF) src UDP port set to 60051 (qIndex=1)
ip-10-32-4-110:160898:160991 [0] NCCL INFO NET/IB: IbDev 0 Port 1 qpn 49088 set_ece={supported=1, vendor_id=0x15b3, options=0x30000002, comp_mask=0x0}
ip-10-32-4-110:160898:160991 [0] NCCL INFO NET/IB : QP 0x7fae1d250088 (qpn=0xBFC0) src UDP port set to 57663 (qIndex=2)
ip-10-32-4-110:160898:160991 [0] NCCL INFO NET/IB: IbDev 0 Port 1 qpn 49089 set_ece={supported=1, vendor_id=0x15b3, options=0x30000002, comp_mask=0x0}
ip-10-32-4-110:160898:160991 [0] NCCL INFO NET/IB : QP 0x7fae1d363088 (qpn=0xBFC1) src UDP port set to 57804 (qIndex=3)
ip-10-32-4-110:160898:160991 [0] NCCL INFO NET/IB: ncclIbAccept Max Nqps=4, localNqps=4, remoteNqps=4
ip-10-32-4-110:160898:160991 [0] NCCL INFO NET/IB : QP 0x7fae1db09318 (qpn=0xBFD4) src UDP port set to 60000 (qIndex=0)
ip-10-32-4-110:160898:160991 [0] NCCL INFO NET/IB : QP 0x7fae1db760c8 (qpn=0xBFD5) src UDP port set to 60051 (qIndex=1)
ip-10-32-4-110:160898:160991 [0] NCCL INFO NET/IB : QP 0x7fae1db2d058 (qpn=0xBFD6) src UDP port set to 57663 (qIndex=2)
ip-10-32-4-110:160898:160991 [0] NCCL INFO NET/IB : QP 0x7fae1db2dc38 (qpn=0xBFD7) src UDP port set to 57804 (qIndex=3)
ip-10-32-4-110:160898:160991 [0] NCCL INFO NET/IB : QP 0x7fae1dc16088 (qpn=0xBFD8) src UDP port set to 60000 (qIndex=-1)
ip-10-32-4-110:160898:160991 [0] NCCL INFO NET/IB: IbDev 0 Port 1 qpn 49090 set_ece={supported=1, vendor_id=0x15b3, options=0x30000002, comp_mask=0x0}
ip-10-32-4-110:160898:160991 [0] NCCL INFO NET/IB : QP 0x7fae1d476088 (qpn=0xBFC2) src UDP port set to 60000 (qIndex=0)
ip-10-32-4-110:160898:160991 [0] NCCL INFO NET/IB: IbDev 0 Port 1 qpn 49091 set_ece={supported=1, vendor_id=0x15b3, options=0x30000002, comp_mask=0x0}
ip-10-32-4-110:160898:160991 [0] NCCL INFO NET/IB : QP 0x7fae1d4c1088 (qpn=0xBFC3) src UDP port set to 60051 (qIndex=1)
ip-10-32-4-110:160898:160991 [0] NCCL INFO NET/IB: IbDev 0 Port 1 qpn 49092 set_ece={supported=1, vendor_id=0x15b3, options=0x30000002, comp_mask=0x0}
ip-10-32-4-110:160898:160991 [0] NCCL INFO NET/IB : QP 0x7fae1d561088 (qpn=0xBFC4) src UDP port set to 57663 (qIndex=2)
ip-10-32-4-110:160898:160991 [0] NCCL INFO NET/IB: IbDev 0 Port 1 qpn 49093 set_ece={supported=1, vendor_id=0x15b3, options=0x30000002, comp_mask=0x0}
ip-10-32-4-110:160898:160991 [0] NCCL INFO NET/IB : QP 0x7fae1d693088 (qpn=0xBFC5) src UDP port set to 57804 (qIndex=3)
ip-10-32-4-110:160898:160991 [0] NCCL INFO NET/IB: ncclIbAccept Max Nqps=4, localNqps=4, remoteNqps=4
ip-10-32-4-110:160898:160991 [0] NCCL INFO NET/IB : QP 0x7fae1dc422e8 (qpn=0xBFD9) src UDP port set to 60000 (qIndex=0)
ip-10-32-4-110:160898:160991 [0] NCCL INFO NET/IB : QP 0x7fae1d299048 (qpn=0xBFDA) src UDP port set to 60051 (qIndex=1)
ip-10-32-4-110:160898:160991 [0] NCCL INFO NET/IB : QP 0x7fae1dc8d088 (qpn=0xBFDB) src UDP port set to 57663 (qIndex=2)
ip-10-32-4-110:160898:160991 [0] NCCL INFO NET/IB : QP 0x7fae1dce10b8 (qpn=0xBFDC) src UDP port set to 57804 (qIndex=3)
ip-10-32-4-110:160898:160991 [0] NCCL INFO NET/IB : QP 0x7fae1d4006f8 (qpn=0xBFDD) src UDP port set to 60000 (qIndex=-1)
ip-10-32-4-110:160898:160991 [0] NCCL INFO NET/IB: IbDev 0 Port 1 qpn 49094 set_ece={supported=1, vendor_id=0x15b3, options=0x30000002, comp_mask=0x0}
ip-10-32-4-110:160898:160991 [0] NCCL INFO NET/IB : QP 0x7fae1d77c088 (qpn=0xBFC6) src UDP port set to 60000 (qIndex=0)
ip-10-32-4-110:160898:160991 [0] NCCL INFO NET/IB: IbDev 0 Port 1 qpn 49095 set_ece={supported=1, vendor_id=0x15b3, options=0x30000002, comp_mask=0x0}
ip-10-32-4-110:160898:160991 [0] NCCL INFO NET/IB : QP 0x7fae1d865088 (qpn=0xBFC7) src UDP port set to 60051 (qIndex=1)
ip-10-32-4-110:160898:160991 [0] NCCL INFO NET/IB: IbDev 0 Port 1 qpn 49096 set_ece={supported=1, vendor_id=0x15b3, options=0x30000002, comp_mask=0x0}
ip-10-32-4-110:160898:160991 [0] NCCL INFO NET/IB : QP 0x7fae1d050088 (qpn=0xBFC8) src UDP port set to 57663 (qIndex=2)
ip-10-32-4-110:160898:160991 [0] NCCL INFO NET/IB: IbDev 0 Port 1 qpn 49097 set_ece={supported=1, vendor_id=0x15b3, options=0x30000002, comp_mask=0x0}
ip-10-32-4-110:160898:160991 [0] NCCL INFO NET/IB : QP 0x7fae1cf67058 (qpn=0xBFC9) src UDP port set to 57804 (qIndex=3)
ip-10-32-4-110:160898:160939 [0] NCCL INFO Connected all trees
ip-10-32-4-110:160898:160939 [0] NCCL INFO threadThresholds 8/8/64 | 128/8/64 | 256 | 256
ip-10-32-4-110:160898:160939 [0] NCCL INFO comm:0x7fb8b2d25010, nRanks:16, nNodes:2, coll channels:32 collnet channels:32, nvls channels:0, p2p channels:32, p2p channels per peer:2
ip-10-32-4-110:160898:160939 [0] NCCL INFO CC Off, workFifoBytes 4194304
ip-10-32-4-110:160898:160939 [0] NCCL INFO RCCL Unroll Factor (pre-set): 4
ip-10-32-4-110:160898:160939 [0] NCCL INFO TUNER/Plugin: Could not find: libnccl-tuner.so. Using internal tuner plugin.
ip-10-32-4-110:160898:160939 [0] NCCL INFO ncclCommInitRank_impl comm 0x7fb8b2d25010 rank 0 nranks 16 cudaDev 0 nvmlDev 0 busId 5000 commId 0x69e738f54ea9bdf1 - Init COMPLETE
ip-10-32-4-110:160898:160939 [0] NCCL INFO Init timings - ncclCommInitRank_impl: rank 0 nranks 16 total 2.01 (kernels 0.08, alloc 0.15, bootstrap 0.21, allgathers 0.03, topo 0.96, graphs 0.07, connections 0.49, rest 0.00)
#
#                                                              out-of-place                       in-place          
#       size         count      type   redop    root     time   algbw   busbw #wrong     time   algbw   busbw #wrong                               
#        (B)    (elements)                               (us)  (GB/s)  (GB/s)            (us)  (GB/s)  (GB/s)                                      
ip-10-32-4-110:160898:161011 [0] NCCL INFO GPU Direct RDMA Enabled for GPU 0 / HCA 0 (distance 4 <= 5), read 0 mode Default
ip-10-32-4-110:160898:160991 [0] NCCL INFO New proxy recv connection 144 from local rank 0, transport 2
ip-10-32-4-110:160898:161011 [0] NCCL INFO Connected to proxy localRank 0 -> connection 0x7fae1ca5d260
ip-10-32-4-110:160898:161011 [0] NCCL INFO Channel 04/1 : 15[7] -> 0[0] [receive] via NET/IB/0/GDRDMA/Shared comm 0x7fb8b2d25010 nRanks 16
ip-10-32-4-110:160898:161011 [0] NCCL INFO GPU Direct RDMA Enabled for GPU 0 / HCA 0 (distance 4 <= 5), read 0 mode Default
ip-10-32-4-110:160898:160991 [0] NCCL INFO New proxy recv connection 145 from local rank 0, transport 2
ip-10-32-4-110:160898:161011 [0] NCCL INFO Connected to proxy localRank 0 -> connection 0x7fae1ca5d2f0
ip-10-32-4-110:160898:161011 [0] NCCL INFO Channel 20/1 : 15[7] -> 0[0] [receive] via NET/IB/0/GDRDMA/Shared comm 0x7fb8b2d25010 nRanks 16
ip-10-32-4-110:160898:161011 [0] NCCL INFO Channel 00/1 : 0[5000] -> 1[2b000] via P2P/IPC comm 0x7fb8b2d25010 nRanks 16
ip-10-32-4-110:160898:160991 [0] NCCL INFO New proxy send connection 146 from local rank 0, transport 0
ip-10-32-4-110:160898:161011 [0] NCCL INFO Connected to proxy localRank 0 -> connection 0x7fae1ca5d380
ip-10-32-4-110:160898:161011 [0] NCCL INFO Channel 16/1 : 0[5000] -> 1[2b000] via P2P/IPC comm 0x7fb8b2d25010 nRanks 16
ip-10-32-4-110:160898:160991 [0] NCCL INFO New proxy send connection 147 from local rank 0, transport 0
ip-10-32-4-110:160898:161011 [0] NCCL INFO Connected to proxy localRank 0 -> connection 0x7fae1ca5d410
ip-10-32-4-110:160898:161011 [0] NCCL INFO GPU Direct RDMA Enabled for GPU 0 / HCA 0 (distance 4 <= 5), read 0 mode Default
ip-10-32-4-110:160898:160991 [0] NCCL INFO New proxy recv connection 148 from local rank 0, transport 2
ip-10-32-4-110:160898:161011 [0] NCCL INFO Connected to proxy localRank 0 -> connection 0x7fae1ca5d4a0
ip-10-32-4-110:160898:161011 [0] NCCL INFO Channel 06/1 : 14[6] -> 0[0] [receive] via NET/IB/0/GDRDMA/Shared comm 0x7fb8b2d25010 nRanks 16
ip-10-32-4-110:160898:161011 [0] NCCL INFO GPU Direct RDMA Enabled for GPU 0 / HCA 0 (distance 4 <= 5), read 0 mode Default
ip-10-32-4-110:160898:160991 [0] NCCL INFO New proxy recv connection 149 from local rank 0, transport 2
ip-10-32-4-110:160898:161011 [0] NCCL INFO Connected to proxy localRank 0 -> connection 0x7fae1ca5d530
ip-10-32-4-110:160898:161011 [0] NCCL INFO Channel 22/1 : 14[6] -> 0[0] [receive] via NET/IB/0/GDRDMA/Shared comm 0x7fb8b2d25010 nRanks 16
ip-10-32-4-110:160898:161011 [0] NCCL INFO Channel 02/1 : 0[5000] -> 2[14000] via P2P/IPC comm 0x7fb8b2d25010 nRanks 16
ip-10-32-4-110:160898:160991 [0] NCCL INFO New proxy send connection 150 from local rank 0, transport 0
ip-10-32-4-110:160898:161011 [0] NCCL INFO Connected to proxy localRank 0 -> connection 0x7fae1ca5d5c0
ip-10-32-4-110:160898:161011 [0] NCCL INFO Channel 18/1 : 0[5000] -> 2[14000] via P2P/IPC comm 0x7fb8b2d25010 nRanks 16
ip-10-32-4-110:160898:160991 [0] NCCL INFO New proxy send connection 151 from local rank 0, transport 0
ip-10-32-4-110:160898:161011 [0] NCCL INFO Connected to proxy localRank 0 -> connection 0x7fae1ca5d650
ip-10-32-4-110:160898:161011 [0] NCCL INFO GPU Direct RDMA Enabled for GPU 0 / HCA 0 (distance 4 <= 5), read 0 mode Default
ip-10-32-4-110:160898:160991 [0] NCCL INFO New proxy recv connection 152 from local rank 0, transport 2
ip-10-32-4-110:160898:161011 [0] NCCL INFO Connected to proxy localRank 0 -> connection 0x7fae1ca5d6e0
ip-10-32-4-110:160898:161011 [0] NCCL INFO Channel 05/1 : 13[5] -> 0[0] [receive] via NET/IB/0/GDRDMA/Shared comm 0x7fb8b2d25010 nRanks 16
ip-10-32-4-110:160898:161011 [0] NCCL INFO GPU Direct RDMA Enabled for GPU 0 / HCA 0 (distance 4 <= 5), read 0 mode Default
ip-10-32-4-110:160898:160991 [0] NCCL INFO New proxy recv connection 153 from local rank 0, transport 2
ip-10-32-4-110:160898:161011 [0] NCCL INFO Connected to proxy localRank 0 -> connection 0x7fae1ca5d770
ip-10-32-4-110:160898:161011 [0] NCCL INFO Channel 21/1 : 13[5] -> 0[0] [receive] via NET/IB/0/GDRDMA/Shared comm 0x7fb8b2d25010 nRanks 16
ip-10-32-4-110:160898:161011 [0] NCCL INFO Channel 01/1 : 0[5000] -> 3[1c000] via P2P/IPC comm 0x7fb8b2d25010 nRanks 16
ip-10-32-4-110:160898:160991 [0] NCCL INFO New proxy send connection 154 from local rank 0, transport 0
ip-10-32-4-110:160898:161011 [0] NCCL INFO Connected to proxy localRank 0 -> connection 0x7fae1ca5d800
ip-10-32-4-110:160898:161011 [0] NCCL INFO Channel 17/1 : 0[5000] -> 3[1c000] via P2P/IPC comm 0x7fb8b2d25010 nRanks 16
ip-10-32-4-110:160898:160991 [0] NCCL INFO New proxy send connection 155 from local rank 0, transport 0
ip-10-32-4-110:160898:161011 [0] NCCL INFO Connected to proxy localRank 0 -> connection 0x7fae1ca5d890
ip-10-32-4-110:160898:161011 [0] NCCL INFO GPU Direct RDMA Enabled for GPU 0 / HCA 0 (distance 4 <= 5), read 0 mode Default
ip-10-32-4-110:160898:160991 [0] NCCL INFO New proxy recv connection 156 from local rank 0, transport 2
ip-10-32-4-110:160898:161011 [0] NCCL INFO Connected to proxy localRank 0 -> connection 0x7fae1ca5d920
ip-10-32-4-110:160898:161011 [0] NCCL INFO Channel 07/1 : 12[4] -> 0[0] [receive] via NET/IB/0/GDRDMA/Shared comm 0x7fb8b2d25010 nRanks 16
ip-10-32-4-110:160898:161011 [0] NCCL INFO GPU Direct RDMA Enabled for GPU 0 / HCA 0 (distance 4 <= 5), read 0 mode Default
ip-10-32-4-110:160898:160991 [0] NCCL INFO New proxy recv connection 157 from local rank 0, transport 2
ip-10-32-4-110:160898:161011 [0] NCCL INFO Connected to proxy localRank 0 -> connection 0x7fae1ca5d9b0
ip-10-32-4-110:160898:161011 [0] NCCL INFO Channel 23/1 : 12[4] -> 0[0] [receive] via NET/IB/0/GDRDMA/Shared comm 0x7fb8b2d25010 nRanks 16
ip-10-32-4-110:160898:161011 [0] NCCL INFO Channel 03/1 : 0[5000] -> 4[86000] via P2P/IPC comm 0x7fb8b2d25010 nRanks 16
ip-10-32-4-110:160898:160991 [0] NCCL INFO New proxy send connection 158 from local rank 0, transport 0
ip-10-32-4-110:160898:161011 [0] NCCL INFO Connected to proxy localRank 0 -> connection 0x7fae1ca5da40
ip-10-32-4-110:160898:161011 [0] NCCL INFO Channel 19/1 : 0[5000] -> 4[86000] via P2P/IPC comm 0x7fb8b2d25010 nRanks 16
ip-10-32-4-110:160898:160991 [0] NCCL INFO New proxy send connection 159 from local rank 0, transport 0
ip-10-32-4-110:160898:161011 [0] NCCL INFO Connected to proxy localRank 0 -> connection 0x7fae1ca5dad0
ip-10-32-4-110:160898:161011 [0] NCCL INFO GPU Direct RDMA Enabled for GPU 0 / HCA 0 (distance 4 <= 5), read 0 mode Default
ip-10-32-4-110:160898:160991 [0] NCCL INFO New proxy recv connection 160 from local rank 0, transport 2
ip-10-32-4-110:160898:161011 [0] NCCL INFO Connected to proxy localRank 0 -> connection 0x7fae1ca5db60
ip-10-32-4-110:160898:161011 [0] NCCL INFO Channel 07/1 : 11[3] -> 0[0] [receive] via NET/IB/0/GDRDMA/Shared comm 0x7fb8b2d25010 nRanks 16
ip-10-32-4-110:160898:161011 [0] NCCL INFO GPU Direct RDMA Enabled for GPU 0 / HCA 0 (distance 4 <= 5), read 0 mode Default
ip-10-32-4-110:160898:160991 [0] NCCL INFO New proxy recv connection 161 from local rank 0, transport 2
ip-10-32-4-110:160898:161011 [0] NCCL INFO Connected to proxy localRank 0 -> connection 0x7fae1ca5dbf0
ip-10-32-4-110:160898:161011 [0] NCCL INFO Channel 23/1 : 11[3] -> 0[0] [receive] via NET/IB/0/GDRDMA/Shared comm 0x7fb8b2d25010 nRanks 16
ip-10-32-4-110:160898:161011 [0] NCCL INFO Channel 03/1 : 0[5000] -> 5[b8000] via P2P/IPC comm 0x7fb8b2d25010 nRanks 16
ip-10-32-4-110:160898:160991 [0] NCCL INFO New proxy send connection 162 from local rank 0, transport 0
ip-10-32-4-110:160898:161011 [0] NCCL INFO Connected to proxy localRank 0 -> connection 0x7fae1ca5dc80
ip-10-32-4-110:160898:161011 [0] NCCL INFO Channel 19/1 : 0[5000] -> 5[b8000] via P2P/IPC comm 0x7fb8b2d25010 nRanks 16
ip-10-32-4-110:160898:160991 [0] NCCL INFO New proxy send connection 163 from local rank 0, transport 0
ip-10-32-4-110:160898:161011 [0] NCCL INFO Connected to proxy localRank 0 -> connection 0x7fae1ca5dd10
ip-10-32-4-110:160898:161011 [0] NCCL INFO GPU Direct RDMA Enabled for GPU 0 / HCA 0 (distance 4 <= 5), read 0 mode Default
ip-10-32-4-110:160898:160991 [0] NCCL INFO New proxy recv connection 164 from local rank 0, transport 2
ip-10-32-4-110:160898:161011 [0] NCCL INFO Connected to proxy localRank 0 -> connection 0x7fae1ca5dda0
ip-10-32-4-110:160898:161011 [0] NCCL INFO Channel 05/1 : 10[2] -> 0[0] [receive] via NET/IB/0/GDRDMA/Shared comm 0x7fb8b2d25010 nRanks 16
ip-10-32-4-110:160898:161011 [0] NCCL INFO GPU Direct RDMA Enabled for GPU 0 / HCA 0 (distance 4 <= 5), read 0 mode Default
ip-10-32-4-110:160898:160991 [0] NCCL INFO New proxy recv connection 165 from local rank 0, transport 2
ip-10-32-4-110:160898:161011 [0] NCCL INFO Connected to proxy localRank 0 -> connection 0x7fae1ca5de30
ip-10-32-4-110:160898:161011 [0] NCCL INFO Channel 21/1 : 10[2] -> 0[0] [receive] via NET/IB/0/GDRDMA/Shared comm 0x7fb8b2d25010 nRanks 16
ip-10-32-4-110:160898:161011 [0] NCCL INFO Channel 01/1 : 0[5000] -> 6[bf000] via P2P/IPC comm 0x7fb8b2d25010 nRanks 16
ip-10-32-4-110:160898:160991 [0] NCCL INFO New proxy send connection 166 from local rank 0, transport 0
ip-10-32-4-110:160898:161011 [0] NCCL INFO Connected to proxy localRank 0 -> connection 0x7fae1ca5dec0
ip-10-32-4-110:160898:161011 [0] NCCL INFO Channel 17/1 : 0[5000] -> 6[bf000] via P2P/IPC comm 0x7fb8b2d25010 nRanks 16
ip-10-32-4-110:160898:160991 [0] NCCL INFO New proxy send connection 167 from local rank 0, transport 0
ip-10-32-4-110:160898:161011 [0] NCCL INFO Connected to proxy localRank 0 -> connection 0x7fae1ca5df50
ip-10-32-4-110:160898:161011 [0] NCCL INFO GPU Direct RDMA Enabled for GPU 0 / HCA 0 (distance 4 <= 5), read 0 mode Default
ip-10-32-4-110:160898:160991 [0] NCCL INFO New proxy recv connection 168 from local rank 0, transport 2
ip-10-32-4-110:160898:161011 [0] NCCL INFO Connected to proxy localRank 0 -> connection 0x7fae1ca5dfe0
ip-10-32-4-110:160898:161011 [0] NCCL INFO Channel 06/1 : 9[1] -> 0[0] [receive] via NET/IB/0/GDRDMA/Shared comm 0x7fb8b2d25010 nRanks 16
ip-10-32-4-110:160898:161011 [0] NCCL INFO GPU Direct RDMA Enabled for GPU 0 / HCA 0 (distance 4 <= 5), read 0 mode Default
ip-10-32-4-110:160898:160991 [0] NCCL INFO New proxy recv connection 169 from local rank 0, transport 2
ip-10-32-4-110:160898:161011 [0] NCCL INFO Connected to proxy localRank 0 -> connection 0x7fae1ca5e070
ip-10-32-4-110:160898:161011 [0] NCCL INFO Channel 22/1 : 9[1] -> 0[0] [receive] via NET/IB/0/GDRDMA/Shared comm 0x7fb8b2d25010 nRanks 16
ip-10-32-4-110:160898:161011 [0] NCCL INFO Channel 02/1 : 0[5000] -> 7[9e000] via P2P/IPC comm 0x7fb8b2d25010 nRanks 16
ip-10-32-4-110:160898:160991 [0] NCCL INFO New proxy send connection 170 from local rank 0, transport 0
ip-10-32-4-110:160898:161011 [0] NCCL INFO Connected to proxy localRank 0 -> connection 0x7fae1ca5e100
ip-10-32-4-110:160898:161011 [0] NCCL INFO Channel 18/1 : 0[5000] -> 7[9e000] via P2P/IPC comm 0x7fb8b2d25010 nRanks 16
ip-10-32-4-110:160898:160991 [0] NCCL INFO New proxy send connection 171 from local rank 0, transport 0
ip-10-32-4-110:160898:161011 [0] NCCL INFO Connected to proxy localRank 0 -> connection 0x7fae1ca5e190
ip-10-32-4-110:160898:161011 [0] NCCL INFO GPU Direct RDMA Enabled for GPU 0 / HCA 0 (distance 4 <= 5), read 0 mode Default
ip-10-32-4-110:160898:160991 [0] NCCL INFO New proxy recv connection 172 from local rank 0, transport 2
ip-10-32-4-110:160898:161011 [0] NCCL INFO Connected to proxy localRank 0 -> connection 0x7fae1ca5e220
ip-10-32-4-110:160898:161011 [0] NCCL INFO Channel 04/1 : 8[0] -> 0[0] [receive] via NET/IB/0/GDRDMA/Shared comm 0x7fb8b2d25010 nRanks 16
ip-10-32-4-110:160898:161011 [0] NCCL INFO GPU Direct RDMA Enabled for GPU 0 / HCA 0 (distance 4 <= 5), read 0 mode Default
ip-10-32-4-110:160898:160991 [0] NCCL INFO New proxy recv connection 173 from local rank 0, transport 2
ip-10-32-4-110:160898:161011 [0] NCCL INFO Connected to proxy localRank 0 -> connection 0x7fae1ca5e2b0
ip-10-32-4-110:160898:161011 [0] NCCL INFO Channel 20/1 : 8[0] -> 0[0] [receive] via NET/IB/0/GDRDMA/Shared comm 0x7fb8b2d25010 nRanks 16
ip-10-32-4-110:160898:161011 [0] NCCL INFO GPU Direct RDMA Enabled for GPU 0 / HCA 0 (distance 4 <= 5), read 1 mode Default
ip-10-32-4-110:160898:160991 [0] NCCL INFO New proxy send connection 174 from local rank 0, transport 2
ip-10-32-4-110:160898:161011 [0] NCCL INFO Connected to proxy localRank 0 -> connection 0x7fae1ca5e340
ip-10-32-4-110:160898:161011 [0] NCCL INFO Channel 04/1 : 0[0] -> 8[0] [send] via NET/IB/0/GDRDMA/Shared comm 0x7fb8b2d25010 nRanks 16
ip-10-32-4-110:160898:161011 [0] NCCL INFO GPU Direct RDMA Enabled for GPU 0 / HCA 0 (distance 4 <= 5), read 1 mode Default
ip-10-32-4-110:160898:160991 [0] NCCL INFO New proxy send connection 175 from local rank 0, transport 2
ip-10-32-4-110:160898:161011 [0] NCCL INFO Connected to proxy localRank 0 -> connection 0x7fae1ca5e3d0
ip-10-32-4-110:160898:161011 [0] NCCL INFO Channel 20/1 : 0[0] -> 8[0] [send] via NET/IB/0/GDRDMA/Shared comm 0x7fb8b2d25010 nRanks 16
ip-10-32-4-110:160898:160991 [0] NCCL INFO New proxy recv connection 176 from local rank 0, transport 0
ip-10-32-4-110:160898:161011 [0] NCCL INFO Connected to proxy localRank 0 -> connection 0x7fae1ca5e460
ip-10-32-4-110:160898:160991 [0] NCCL INFO New proxy recv connection 177 from local rank 0, transport 0
ip-10-32-4-110:160898:161011 [0] NCCL INFO Connected to proxy localRank 0 -> connection 0x7fae1ca5e4f0
ip-10-32-4-110:160898:161011 [0] NCCL INFO GPU Direct RDMA Enabled for GPU 0 / HCA 0 (distance 4 <= 5), read 1 mode Default
ip-10-32-4-110:160898:160991 [0] NCCL INFO New proxy send connection 178 from local rank 0, transport 2
ip-10-32-4-110:160898:161011 [0] NCCL INFO Connected to proxy localRank 0 -> connection 0x7fae1ca5e580
ip-10-32-4-110:160898:161011 [0] NCCL INFO Channel 04/1 : 0[0] -> 9[1] [send] via NET/IB/0/GDRDMA/Shared comm 0x7fb8b2d25010 nRanks 16
ip-10-32-4-110:160898:161011 [0] NCCL INFO GPU Direct RDMA Enabled for GPU 0 / HCA 0 (distance 4 <= 5), read 1 mode Default
ip-10-32-4-110:160898:160991 [0] NCCL INFO New proxy send connection 179 from local rank 0, transport 2
ip-10-32-4-110:160898:161011 [0] NCCL INFO Connected to proxy localRank 0 -> connection 0x7fae1ca5e610
ip-10-32-4-110:160898:161011 [0] NCCL INFO Channel 20/1 : 0[0] -> 9[1] [send] via NET/IB/0/GDRDMA/Shared comm 0x7fb8b2d25010 nRanks 16
ip-10-32-4-110:160898:160991 [0] NCCL INFO New proxy recv connection 180 from local rank 0, transport 0
ip-10-32-4-110:160898:161011 [0] NCCL INFO Connected to proxy localRank 0 -> connection 0x7fae1ca5e6a0
ip-10-32-4-110:160898:160991 [0] NCCL INFO New proxy recv connection 181 from local rank 0, transport 0
ip-10-32-4-110:160898:161011 [0] NCCL INFO Connected to proxy localRank 0 -> connection 0x7fae1ca5e730
ip-10-32-4-110:160898:161011 [0] NCCL INFO GPU Direct RDMA Enabled for GPU 0 / HCA 0 (distance 4 <= 5), read 1 mode Default
ip-10-32-4-110:160898:160991 [0] NCCL INFO New proxy send connection 182 from local rank 0, transport 2
ip-10-32-4-110:160898:161011 [0] NCCL INFO Connected to proxy localRank 0 -> connection 0x7fae1ca5e7c0
ip-10-32-4-110:160898:161011 [0] NCCL INFO Channel 06/1 : 0[0] -> 10[2] [send] via NET/IB/0/GDRDMA/Shared comm 0x7fb8b2d25010 nRanks 16
ip-10-32-4-110:160898:161011 [0] NCCL INFO GPU Direct RDMA Enabled for GPU 0 / HCA 0 (distance 4 <= 5), read 1 mode Default
ip-10-32-4-110:160898:160991 [0] NCCL INFO New proxy send connection 183 from local rank 0, transport 2
ip-10-32-4-110:160898:161011 [0] NCCL INFO Connected to proxy localRank 0 -> connection 0x7fae1ca5e850
ip-10-32-4-110:160898:161011 [0] NCCL INFO Channel 22/1 : 0[0] -> 10[2] [send] via NET/IB/0/GDRDMA/Shared comm 0x7fb8b2d25010 nRanks 16
ip-10-32-4-110:160898:160991 [0] NCCL INFO New proxy recv connection 184 from local rank 0, transport 0
ip-10-32-4-110:160898:161011 [0] NCCL INFO Connected to proxy localRank 0 -> connection 0x7fae1ca5e8e0
ip-10-32-4-110:160898:160991 [0] NCCL INFO New proxy recv connection 185 from local rank 0, transport 0
ip-10-32-4-110:160898:161011 [0] NCCL INFO Connected to proxy localRank 0 -> connection 0x7fae1ca5e970
ip-10-32-4-110:160898:161011 [0] NCCL INFO GPU Direct RDMA Enabled for GPU 0 / HCA 0 (distance 4 <= 5), read 1 mode Default
ip-10-32-4-110:160898:160991 [0] NCCL INFO New proxy send connection 186 from local rank 0, transport 2
ip-10-32-4-110:160898:161011 [0] NCCL INFO Connected to proxy localRank 0 -> connection 0x7fae1ca5ea00
ip-10-32-4-110:160898:161011 [0] NCCL INFO Channel 05/1 : 0[0] -> 11[3] [send] via NET/IB/0/GDRDMA/Shared comm 0x7fb8b2d25010 nRanks 16
ip-10-32-4-110:160898:161011 [0] NCCL INFO GPU Direct RDMA Enabled for GPU 0 / HCA 0 (distance 4 <= 5), read 1 mode Default
ip-10-32-4-110:160898:160991 [0] NCCL INFO New proxy send connection 187 from local rank 0, transport 2
ip-10-32-4-110:160898:161011 [0] NCCL INFO Connected to proxy localRank 0 -> connection 0x7fae1ca5ea90
ip-10-32-4-110:160898:161011 [0] NCCL INFO Channel 21/1 : 0[0] -> 11[3] [send] via NET/IB/0/GDRDMA/Shared comm 0x7fb8b2d25010 nRanks 16
ip-10-32-4-110:160898:160991 [0] NCCL INFO New proxy recv connection 188 from local rank 0, transport 0
ip-10-32-4-110:160898:161011 [0] NCCL INFO Connected to proxy localRank 0 -> connection 0x7fae1ca5eb20
ip-10-32-4-110:160898:160991 [0] NCCL INFO New proxy recv connection 189 from local rank 0, transport 0
ip-10-32-4-110:160898:161011 [0] NCCL INFO Connected to proxy localRank 0 -> connection 0x7fae1ca5ebb0
ip-10-32-4-110:160898:161011 [0] NCCL INFO GPU Direct RDMA Enabled for GPU 0 / HCA 0 (distance 4 <= 5), read 1 mode Default
ip-10-32-4-110:160898:160991 [0] NCCL INFO New proxy send connection 190 from local rank 0, transport 2
ip-10-32-4-110:160898:161011 [0] NCCL INFO Connected to proxy localRank 0 -> connection 0x7fae1ca5ec40
ip-10-32-4-110:160898:161011 [0] NCCL INFO Channel 07/1 : 0[0] -> 12[4] [send] via NET/IB/0/GDRDMA/Shared comm 0x7fb8b2d25010 nRanks 16
ip-10-32-4-110:160898:161011 [0] NCCL INFO GPU Direct RDMA Enabled for GPU 0 / HCA 0 (distance 4 <= 5), read 1 mode Default
ip-10-32-4-110:160898:160991 [0] NCCL INFO New proxy send connection 191 from local rank 0, transport 2
ip-10-32-4-110:160898:161011 [0] NCCL INFO Connected to proxy localRank 0 -> connection 0x7fae1ca5ecd0
ip-10-32-4-110:160898:161011 [0] NCCL INFO Channel 23/1 : 0[0] -> 12[4] [send] via NET/IB/0/GDRDMA/Shared comm 0x7fb8b2d25010 nRanks 16
ip-10-32-4-110:160898:160991 [0] NCCL INFO New proxy recv connection 192 from local rank 0, transport 0
ip-10-32-4-110:160898:161011 [0] NCCL INFO Connected to proxy localRank 0 -> connection 0x7fae1ca5ed60
ip-10-32-4-110:160898:160991 [0] NCCL INFO New proxy recv connection 193 from local rank 0, transport 0
ip-10-32-4-110:160898:161011 [0] NCCL INFO Connected to proxy localRank 0 -> connection 0x7fae1ca5edf0
ip-10-32-4-110:160898:161011 [0] NCCL INFO GPU Direct RDMA Enabled for GPU 0 / HCA 0 (distance 4 <= 5), read 1 mode Default
ip-10-32-4-110:160898:160991 [0] NCCL INFO New proxy send connection 194 from local rank 0, transport 2
ip-10-32-4-110:160898:161011 [0] NCCL INFO Connected to proxy localRank 0 -> connection 0x7fae1ca5ee80
ip-10-32-4-110:160898:161011 [0] NCCL INFO Channel 07/1 : 0[0] -> 13[5] [send] via NET/IB/0/GDRDMA/Shared comm 0x7fb8b2d25010 nRanks 16
ip-10-32-4-110:160898:161011 [0] NCCL INFO GPU Direct RDMA Enabled for GPU 0 / HCA 0 (distance 4 <= 5), read 1 mode Default
ip-10-32-4-110:160898:160991 [0] NCCL INFO New proxy send connection 195 from local rank 0, transport 2
ip-10-32-4-110:160898:161011 [0] NCCL INFO Connected to proxy localRank 0 -> connection 0x7fae1ca5ef10
ip-10-32-4-110:160898:161011 [0] NCCL INFO Channel 23/1 : 0[0] -> 13[5] [send] via NET/IB/0/GDRDMA/Shared comm 0x7fb8b2d25010 nRanks 16
ip-10-32-4-110:160898:160991 [0] NCCL INFO New proxy recv connection 196 from local rank 0, transport 0
ip-10-32-4-110:160898:161011 [0] NCCL INFO Connected to proxy localRank 0 -> connection 0x7fae1ca5efa0
ip-10-32-4-110:160898:160991 [0] NCCL INFO New proxy recv connection 197 from local rank 0, transport 0
ip-10-32-4-110:160898:161011 [0] NCCL INFO Connected to proxy localRank 0 -> connection 0x7fae1ca5f030
ip-10-32-4-110:160898:161011 [0] NCCL INFO GPU Direct RDMA Enabled for GPU 0 / HCA 0 (distance 4 <= 5), read 1 mode Default
ip-10-32-4-110:160898:160991 [0] NCCL INFO New proxy send connection 198 from local rank 0, transport 2
ip-10-32-4-110:160898:161011 [0] NCCL INFO Connected to proxy localRank 0 -> connection 0x7fae1ca5f0c0
ip-10-32-4-110:160898:161011 [0] NCCL INFO Channel 05/1 : 0[0] -> 14[6] [send] via NET/IB/0/GDRDMA/Shared comm 0x7fb8b2d25010 nRanks 16
ip-10-32-4-110:160898:161011 [0] NCCL INFO GPU Direct RDMA Enabled for GPU 0 / HCA 0 (distance 4 <= 5), read 1 mode Default
ip-10-32-4-110:160898:160991 [0] NCCL INFO New proxy send connection 199 from local rank 0, transport 2
ip-10-32-4-110:160898:161011 [0] NCCL INFO Connected to proxy localRank 0 -> connection 0x7fae1ca5f150
ip-10-32-4-110:160898:161011 [0] NCCL INFO Channel 21/1 : 0[0] -> 14[6] [send] via NET/IB/0/GDRDMA/Shared comm 0x7fb8b2d25010 nRanks 16
ip-10-32-4-110:160898:160991 [0] NCCL INFO New proxy recv connection 200 from local rank 0, transport 0
ip-10-32-4-110:160898:161011 [0] NCCL INFO Connected to proxy localRank 0 -> connection 0x7fae1ca5f1e0
ip-10-32-4-110:160898:160991 [0] NCCL INFO New proxy recv connection 201 from local rank 0, transport 0
ip-10-32-4-110:160898:161011 [0] NCCL INFO Connected to proxy localRank 0 -> connection 0x7fae1ca5f270
ip-10-32-4-110:160898:161011 [0] NCCL INFO GPU Direct RDMA Enabled for GPU 0 / HCA 0 (distance 4 <= 5), read 1 mode Default
ip-10-32-4-110:160898:160991 [0] NCCL INFO New proxy send connection 202 from local rank 0, transport 2
ip-10-32-4-110:160898:161011 [0] NCCL INFO Connected to proxy localRank 0 -> connection 0x7fae1ca5f300
ip-10-32-4-110:160898:161011 [0] NCCL INFO Channel 06/1 : 0[0] -> 15[7] [send] via NET/IB/0/GDRDMA/Shared comm 0x7fb8b2d25010 nRanks 16
ip-10-32-4-110:160898:161011 [0] NCCL INFO GPU Direct RDMA Enabled for GPU 0 / HCA 0 (distance 4 <= 5), read 1 mode Default
ip-10-32-4-110:160898:160991 [0] NCCL INFO New proxy send connection 203 from local rank 0, transport 2
ip-10-32-4-110:160898:161011 [0] NCCL INFO Connected to proxy localRank 0 -> connection 0x7fae1ca5f390
ip-10-32-4-110:160898:161011 [0] NCCL INFO Channel 22/1 : 0[0] -> 15[7] [send] via NET/IB/0/GDRDMA/Shared comm 0x7fb8b2d25010 nRanks 16
ip-10-32-4-110:160898:160991 [0] NCCL INFO NET/IB: ncclIbAccept Max Nqps=4, localNqps=4, remoteNqps=4
ip-10-32-4-110:160898:160991 [0] NCCL INFO NET/IB : QP 0x7fae1d9f4aa8 (qpn=0xBFDE) src UDP port set to 60000 (qIndex=0)
ip-10-32-4-110:160898:160991 [0] NCCL INFO NET/IB : QP 0x7fae1d8b9988 (qpn=0xBFE2) src UDP port set to 60051 (qIndex=1)
ip-10-32-4-110:160898:160991 [0] NCCL INFO NET/IB : QP 0x7fae1e191c28 (qpn=0xBFE4) src UDP port set to 57663 (qIndex=2)
ip-10-32-4-110:160898:160991 [0] NCCL INFO NET/IB : QP 0x7fae1e18fbe8 (qpn=0xBFE5) src UDP port set to 57804 (qIndex=3)
ip-10-32-4-110:160898:160991 [0] NCCL INFO NET/IB : QP 0x7fae1e15f398 (qpn=0xBFEA) src UDP port set to 60000 (qIndex=-1)
ip-10-32-4-110:160898:160991 [0] NCCL INFO NET/IB: ncclIbAccept Max Nqps=4, localNqps=4, remoteNqps=4
ip-10-32-4-110:160898:160991 [0] NCCL INFO NET/IB : QP 0x7fae1e15f768 (qpn=0xBFEC) src UDP port set to 60000 (qIndex=0)
ip-10-32-4-110:160898:160991 [0] NCCL INFO NET/IB : QP 0x7fae1e097ba8 (qpn=0xBFEE) src UDP port set to 60051 (qIndex=1)
ip-10-32-4-110:160898:160991 [0] NCCL INFO NET/IB : QP 0x7fae1e15caa8 (qpn=0xBFF0) src UDP port set to 57663 (qIndex=2)
ip-10-32-4-110:160898:160991 [0] NCCL INFO NET/IB : QP 0x7fae1e12ca68 (qpn=0xBFF2) src UDP port set to 57804 (qIndex=3)
ip-10-32-4-110:160898:160991 [0] NCCL INFO NET/IB : QP 0x7fae1e129158 (qpn=0xBFF4) src UDP port set to 60000 (qIndex=-1)
ip-10-32-4-110:160898:160991 [0] NCCL INFO NET/IB: ncclIbAccept Max Nqps=4, localNqps=4, remoteNqps=4
ip-10-32-4-110:160898:160991 [0] NCCL INFO NET/IB : QP 0x7fae1e061158 (qpn=0xBFF6) src UDP port set to 60000 (qIndex=0)
ip-10-32-4-110:160898:160991 [0] NCCL INFO NET/IB : QP 0x7fae1e0f9118 (qpn=0xBFF8) src UDP port set to 60051 (qIndex=1)
ip-10-32-4-110:160898:160991 [0] NCCL INFO NET/IB : QP 0x7fae1e035118 (qpn=0xBFFA) src UDP port set to 57663 (qIndex=2)
ip-10-32-4-110:160898:160991 [0] NCCL INFO NET/IB : QP 0x7fae1e2580b8 (qpn=0xBFFC) src UDP port set to 57804 (qIndex=3)
ip-10-32-4-110:160898:160991 [0] NCCL INFO NET/IB : QP 0x7fae1e42ebb8 (qpn=0xBFFE) src UDP port set to 60000 (qIndex=-1)
ip-10-32-4-110:160898:160991 [0] NCCL INFO NET/IB: ncclIbAccept Max Nqps=4, localNqps=4, remoteNqps=4
ip-10-32-4-110:160898:160991 [0] NCCL INFO NET/IB : QP 0x7fae1e3970b8 (qpn=0xC000) src UDP port set to 60000 (qIndex=0)
ip-10-32-4-110:160898:160991 [0] NCCL INFO NET/IB : QP 0x7fae1e3430b8 (qpn=0xC002) src UDP port set to 60051 (qIndex=1)
ip-10-32-4-110:160898:160991 [0] NCCL INFO NET/IB : QP 0x7fae1e2040b8 (qpn=0xC004) src UDP port set to 57663 (qIndex=2)
ip-10-32-4-110:160898:160991 [0] NCCL INFO NET/IB : QP 0x7fae1d88f048 (qpn=0xC006) src UDP port set to 57804 (qIndex=3)
ip-10-32-4-110:160898:160991 [0] NCCL INFO NET/IB : QP 0x7fae1e519988 (qpn=0xC008) src UDP port set to 60000 (qIndex=-1)
ip-10-32-4-110:160898:160991 [0] NCCL INFO NET/IB: ncclIbAccept Max Nqps=4, localNqps=4, remoteNqps=4
ip-10-32-4-110:160898:160991 [0] NCCL INFO NET/IB : QP 0x7fae1e4ce088 (qpn=0xC00A) src UDP port set to 60000 (qIndex=0)
ip-10-32-4-110:160898:160991 [0] NCCL INFO NET/IB : QP 0x7fae1e2ef088 (qpn=0xC00B) src UDP port set to 60051 (qIndex=1)
ip-10-32-4-110:160898:160991 [0] NCCL INFO NET/IB : QP 0x7fae1e5e3088 (qpn=0xC00D) src UDP port set to 57663 (qIndex=2)
ip-10-32-4-110:160898:160991 [0] NCCL INFO NET/IB : QP 0x7fae1e62e088 (qpn=0xC00F) src UDP port set to 57804 (qIndex=3)
ip-10-32-4-110:160898:160991 [0] NCCL INFO NET/IB : QP 0x7fae1e2a4088 (qpn=0xC012) src UDP port set to 60000 (qIndex=-1)
ip-10-32-4-110:160898:160991 [0] NCCL INFO NET/IB: ncclIbAccept Max Nqps=4, localNqps=4, remoteNqps=4
ip-10-32-4-110:160898:160991 [0] NCCL INFO NET/IB : QP 0x7fae1e6f8088 (qpn=0xC014) src UDP port set to 60000 (qIndex=0)
ip-10-32-4-110:160898:160991 [0] NCCL INFO NET/IB : QP 0x7fae1e743088 (qpn=0xC016) src UDP port set to 60051 (qIndex=1)
ip-10-32-4-110:160898:160991 [0] NCCL INFO NET/IB : QP 0x7fae1de36058 (qpn=0xC018) src UDP port set to 57663 (qIndex=2)
ip-10-32-4-110:160898:160991 [0] NCCL INFO NET/IB : QP 0x7fae1de36c38 (qpn=0xC01A) src UDP port set to 57804 (qIndex=3)
ip-10-32-4-110:160898:160991 [0] NCCL INFO NET/IB : QP 0x7fae1de64868 (qpn=0xC01C) src UDP port set to 60000 (qIndex=-1)
ip-10-32-4-110:160898:160991 [0] NCCL INFO NET/IB: ncclIbConnect isP2p=1
ip-10-32-4-110:160898:160991 [0] NCCL INFO NET/IB: ncclIbConnect Max Nqps=4, localNqps=4, remoteNqps=4
ip-10-32-4-110:160898:160991 [0] NCCL INFO NET/IB: NCCL Dev 0 IbDev 0 Port 1 qpn 49182 mtu 5 GID 3 (0/E627081AFFFF0000) fifoRkey=0x221d56 fifoLkey=0x221d56
ip-10-32-4-110:160898:160991 [0] NCCL INFO NET/IB: IbDev 0 Port 1 qpn 49182 query_ece={supported=1, vendor_id=0x15b3, options=0x30000002, comp_mask=0x0}
ip-10-32-4-110:160898:160991 [0] NCCL INFO NET/IB: NCCL Dev 0 IbDev 0 Port 1 qpn 49183 mtu 5 GID 3 (0/E627081AFFFF0000) fifoRkey=0x221d56 fifoLkey=0x221d56
ip-10-32-4-110:160898:160991 [0] NCCL INFO NET/IB: IbDev 0 Port 1 qpn 49183 query_ece={supported=1, vendor_id=0x15b3, options=0x30000002, comp_mask=0x0}
ip-10-32-4-110:160898:160991 [0] NCCL INFO NET/IB: NCCL Dev 0 IbDev 0 Port 1 qpn 49185 mtu 5 GID 3 (0/E627081AFFFF0000) fifoRkey=0x221d56 fifoLkey=0x221d56
ip-10-32-4-110:160898:160991 [0] NCCL INFO NET/IB: IbDev 0 Port 1 qpn 49185 query_ece={supported=1, vendor_id=0x15b3, options=0x30000002, comp_mask=0x0}
ip-10-32-4-110:160898:160991 [0] NCCL INFO NET/IB: NCCL Dev 0 IbDev 0 Port 1 qpn 49186 mtu 5 GID 3 (0/E627081AFFFF0000) fifoRkey=0x221d56 fifoLkey=0x221d56
ip-10-32-4-110:160898:160991 [0] NCCL INFO NET/IB: IbDev 0 Port 1 qpn 49186 query_ece={supported=1, vendor_id=0x15b3, options=0x30000002, comp_mask=0x0}
ip-10-32-4-110:160898:160991 [0] NCCL INFO NET/IB: ncclIbConnect isP2p=1
ip-10-32-4-110:160898:160991 [0] NCCL INFO NET/IB: ncclIbConnect Max Nqps=4, localNqps=4, remoteNqps=4
ip-10-32-4-110:160898:160991 [0] NCCL INFO NET/IB: NCCL Dev 0 IbDev 0 Port 1 qpn 49188 mtu 5 GID 3 (0/E627081AFFFF0000) fifoRkey=0x225d59 fifoLkey=0x225d59
ip-10-32-4-110:160898:160991 [0] NCCL INFO NET/IB: IbDev 0 Port 1 qpn 49188 query_ece={supported=1, vendor_id=0x15b3, options=0x30000002, comp_mask=0x0}
ip-10-32-4-110:160898:160991 [0] NCCL INFO NET/IB: NCCL Dev 0 IbDev 0 Port 1 qpn 49190 mtu 5 GID 3 (0/E627081AFFFF0000) fifoRkey=0x225d59 fifoLkey=0x225d59
ip-10-32-4-110:160898:160991 [0] NCCL INFO NET/IB: IbDev 0 Port 1 qpn 49190 query_ece={supported=1, vendor_id=0x15b3, options=0x30000002, comp_mask=0x0}
ip-10-32-4-110:160898:160991 [0] NCCL INFO NET/IB: NCCL Dev 0 IbDev 0 Port 1 qpn 49191 mtu 5 GID 3 (0/E627081AFFFF0000) fifoRkey=0x225d59 fifoLkey=0x225d59
ip-10-32-4-110:160898:160991 [0] NCCL INFO NET/IB: IbDev 0 Port 1 qpn 49191 query_ece={supported=1, vendor_id=0x15b3, options=0x30000002, comp_mask=0x0}
ip-10-32-4-110:160898:160991 [0] NCCL INFO NET/IB: NCCL Dev 0 IbDev 0 Port 1 qpn 49192 mtu 5 GID 3 (0/E627081AFFFF0000) fifoRkey=0x225d59 fifoLkey=0x225d59
ip-10-32-4-110:160898:160991 [0] NCCL INFO NET/IB: IbDev 0 Port 1 qpn 49192 query_ece={supported=1, vendor_id=0x15b3, options=0x30000002, comp_mask=0x0}
ip-10-32-4-110:160898:160991 [0] NCCL INFO NET/IB: ncclIbAccept Max Nqps=4, localNqps=4, remoteNqps=4
ip-10-32-4-110:160898:160991 [0] NCCL INFO NET/IB : QP 0x7fae1df78c38 (qpn=0xC02B) src UDP port set to 60000 (qIndex=0)
ip-10-32-4-110:160898:160991 [0] NCCL INFO NET/IB : QP 0x7fae1df1c868 (qpn=0xC02D) src UDP port set to 60051 (qIndex=1)
ip-10-32-4-110:160898:160991 [0] NCCL INFO NET/IB : QP 0x7fae1df1cc38 (qpn=0xC02F) src UDP port set to 57663 (qIndex=2)
ip-10-32-4-110:160898:160991 [0] NCCL INFO NET/IB : QP 0x7fae1ddd98e8 (qpn=0xC031) src UDP port set to 57804 (qIndex=3)
ip-10-32-4-110:160898:160991 [0] NCCL INFO NET/IB : QP 0x7fae1eab08c8 (qpn=0xC033) src UDP port set to 60000 (qIndex=-1)
ip-10-32-4-110:160898:160991 [0] NCCL INFO NET/IB: ncclIbAccept Max Nqps=4, localNqps=4, remoteNqps=4
ip-10-32-4-110:160898:160991 [0] NCCL INFO NET/IB : QP 0x7fae1ea5c898 (qpn=0xC035) src UDP port set to 60000 (qIndex=0)
ip-10-32-4-110:160898:160991 [0] NCCL INFO NET/IB : QP 0x7fae1e3bb868 (qpn=0xC037) src UDP port set to 60051 (qIndex=1)
ip-10-32-4-110:160898:160991 [0] NCCL INFO NET/IB : QP 0x7fae1eb048c8 (qpn=0xC039) src UDP port set to 57663 (qIndex=2)
ip-10-32-4-110:160898:160991 [0] NCCL INFO NET/IB : QP 0x7fae1eb9b8c8 (qpn=0xC03B) src UDP port set to 57804 (qIndex=3)
ip-10-32-4-110:160898:160991 [0] NCCL INFO NET/IB : QP 0x7fae1ddda868 (qpn=0xC03D) src UDP port set to 60000 (qIndex=-1)
ip-10-32-4-110:160898:160991 [0] NCCL INFO NET/IB: ncclIbAccept Max Nqps=4, localNqps=4, remoteNqps=4
ip-10-32-4-110:160898:160991 [0] NCCL INFO NET/IB : QP 0x7fae1dec0868 (qpn=0xC03F) src UDP port set to 60000 (qIndex=0)
ip-10-32-4-110:160898:160991 [0] NCCL INFO NET/IB : QP 0x7fae1ebef8c8 (qpn=0xC041) src UDP port set to 60051 (qIndex=1)
ip-10-32-4-110:160898:160991 [0] NCCL INFO NET/IB : QP 0x7fae1ec1b898 (qpn=0xC043) src UDP port set to 57663 (qIndex=2)
ip-10-32-4-110:160898:160991 [0] NCCL INFO NET/IB : QP 0x7fae1ecb28c8 (qpn=0xC045) src UDP port set to 57804 (qIndex=3)
ip-10-32-4-110:160898:160991 [0] NCCL INFO NET/IB : QP 0x7fae1de08868 (qpn=0xC047) src UDP port set to 60000 (qIndex=-1)
ip-10-32-4-110:160898:160991 [0] NCCL INFO NET/IB: ncclIbAccept Max Nqps=4, localNqps=4, remoteNqps=4
ip-10-32-4-110:160898:160991 [0] NCCL INFO NET/IB : QP 0x7fae1ea11868 (qpn=0xC049) src UDP port set to 60000 (qIndex=0)
ip-10-32-4-110:160898:160991 [0] NCCL INFO NET/IB : QP 0x7fae1ed52898 (qpn=0xC04B) src UDP port set to 60051 (qIndex=1)
ip-10-32-4-110:160898:160991 [0] NCCL INFO NET/IB : QP 0x7fae1ed9d898 (qpn=0xC04D) src UDP port set to 57663 (qIndex=2)
ip-10-32-4-110:160898:160991 [0] NCCL INFO NET/IB : QP 0x7fae1de92868 (qpn=0xC04F) src UDP port set to 57804 (qIndex=3)
ip-10-32-4-110:160898:160991 [0] NCCL INFO NET/IB : QP 0x7fae1ec3f868 (qpn=0xC051) src UDP port set to 60000 (qIndex=-1)
ip-10-32-4-110:160898:160991 [0] NCCL INFO NET/IB: ncclIbConnect isP2p=1
ip-10-32-4-110:160898:160991 [0] NCCL INFO NET/IB: ncclIbConnect Max Nqps=4, localNqps=4, remoteNqps=4
ip-10-32-4-110:160898:160991 [0] NCCL INFO NET/IB: NCCL Dev 0 IbDev 0 Port 1 qpn 49234 mtu 5 GID 3 (0/E627081AFFFF0000) fifoRkey=0x2235ef fifoLkey=0x2235ef
ip-10-32-4-110:160898:160991 [0] NCCL INFO NET/IB: IbDev 0 Port 1 qpn 49234 query_ece={supported=1, vendor_id=0x15b3, options=0x30000002, comp_mask=0x0}
ip-10-32-4-110:160898:160991 [0] NCCL INFO NET/IB: NCCL Dev 0 IbDev 0 Port 1 qpn 49235 mtu 5 GID 3 (0/E627081AFFFF0000) fifoRkey=0x2235ef fifoLkey=0x2235ef
ip-10-32-4-110:160898:160991 [0] NCCL INFO NET/IB: IbDev 0 Port 1 qpn 49235 query_ece={supported=1, vendor_id=0x15b3, options=0x30000002, comp_mask=0x0}
ip-10-32-4-110:160898:160991 [0] NCCL INFO NET/IB: NCCL Dev 0 IbDev 0 Port 1 qpn 49236 mtu 5 GID 3 (0/E627081AFFFF0000) fifoRkey=0x2235ef fifoLkey=0x2235ef
ip-10-32-4-110:160898:160991 [0] NCCL INFO NET/IB: IbDev 0 Port 1 qpn 49236 query_ece={supported=1, vendor_id=0x15b3, options=0x30000002, comp_mask=0x0}
ip-10-32-4-110:160898:160991 [0] NCCL INFO NET/IB: NCCL Dev 0 IbDev 0 Port 1 qpn 49237 mtu 5 GID 3 (0/E627081AFFFF0000) fifoRkey=0x2235ef fifoLkey=0x2235ef
ip-10-32-4-110:160898:160991 [0] NCCL INFO NET/IB: IbDev 0 Port 1 qpn 49237 query_ece={supported=1, vendor_id=0x15b3, options=0x30000002, comp_mask=0x0}
ip-10-32-4-110:160898:160991 [0] NCCL INFO NET/IB: ncclIbAccept Max Nqps=4, localNqps=4, remoteNqps=4
ip-10-32-4-110:160898:160991 [0] NCCL INFO NET/IB : QP 0x7fae1ddac868 (qpn=0xC058) src UDP port set to 60000 (qIndex=0)
ip-10-32-4-110:160898:160991 [0] NCCL INFO NET/IB : QP 0x7fae1ddacc38 (qpn=0xC05A) src UDP port set to 60051 (qIndex=1)
ip-10-32-4-110:160898:160991 [0] NCCL INFO NET/IB : QP 0x7fae1efcb888 (qpn=0xC05C) src UDP port set to 57663 (qIndex=2)
ip-10-32-4-110:160898:160991 [0] NCCL INFO NET/IB : QP 0x7fae1eff58f8 (qpn=0xC05D) src UDP port set to 57804 (qIndex=3)
ip-10-32-4-110:160898:160991 [0] NCCL INFO NET/IB : QP 0x7fae1d02e858 (qpn=0xC05F) src UDP port set to 60000 (qIndex=-1)
ip-10-32-4-110:160898:160991 [0] NCCL INFO NET/IB: ncclIbAccept Max Nqps=4, localNqps=4, remoteNqps=4
ip-10-32-4-110:160898:160991 [0] NCCL INFO NET/IB : QP 0x7fae1ef82868 (qpn=0xC063) src UDP port set to 60000 (qIndex=0)
ip-10-32-4-110:160898:160991 [0] NCCL INFO NET/IB : QP 0x7fae1f0498c8 (qpn=0xC065) src UDP port set to 60051 (qIndex=1)
ip-10-32-4-110:160898:160991 [0] NCCL INFO NET/IB : QP 0x7fae1f0e0898 (qpn=0xC067) src UDP port set to 57663 (qIndex=2)
ip-10-32-4-110:160898:160991 [0] NCCL INFO NET/IB : QP 0x7fae1f095898 (qpn=0xC069) src UDP port set to 57804 (qIndex=3)
ip-10-32-4-110:160898:160991 [0] NCCL INFO NET/IB : QP 0x7fae1d1da858 (qpn=0xC06C) src UDP port set to 60000 (qIndex=-1)
ip-10-32-4-110:160898:160991 [0] NCCL INFO NET/IB: ncclIbConnect isP2p=1
ip-10-32-4-110:160898:160991 [0] NCCL INFO NET/IB: ncclIbConnect Max Nqps=4, localNqps=4, remoteNqps=4
ip-10-32-4-110:160898:160991 [0] NCCL INFO NET/IB: NCCL Dev 0 IbDev 0 Port 1 qpn 49262 mtu 5 GID 3 (0/E627081AFFFF0000) fifoRkey=0x21ec27 fifoLkey=0x21ec27
ip-10-32-4-110:160898:160991 [0] NCCL INFO NET/IB: IbDev 0 Port 1 qpn 49262 query_ece={supported=1, vendor_id=0x15b3, options=0x30000002, comp_mask=0x0}
ip-10-32-4-110:160898:160991 [0] NCCL INFO NET/IB: NCCL Dev 0 IbDev 0 Port 1 qpn 49263 mtu 5 GID 3 (0/E627081AFFFF0000) fifoRkey=0x21ec27 fifoLkey=0x21ec27
ip-10-32-4-110:160898:160991 [0] NCCL INFO NET/IB: IbDev 0 Port 1 qpn 49263 query_ece={supported=1, vendor_id=0x15b3, options=0x30000002, comp_mask=0x0}
ip-10-32-4-110:160898:160991 [0] NCCL INFO NET/IB: NCCL Dev 0 IbDev 0 Port 1 qpn 49264 mtu 5 GID 3 (0/E627081AFFFF0000) fifoRkey=0x21ec27 fifoLkey=0x21ec27
ip-10-32-4-110:160898:160991 [0] NCCL INFO NET/IB: IbDev 0 Port 1 qpn 49264 query_ece={supported=1, vendor_id=0x15b3, options=0x30000002, comp_mask=0x0}
ip-10-32-4-110:160898:160991 [0] NCCL INFO NET/IB: NCCL Dev 0 IbDev 0 Port 1 qpn 49265 mtu 5 GID 3 (0/E627081AFFFF0000) fifoRkey=0x21ec27 fifoLkey=0x21ec27
ip-10-32-4-110:160898:160991 [0] NCCL INFO NET/IB: IbDev 0 Port 1 qpn 49265 query_ece={supported=1, vendor_id=0x15b3, options=0x30000002, comp_mask=0x0}
ip-10-32-4-110:160898:160991 [0] NCCL INFO NET/IB: ncclIbConnect isP2p=1
ip-10-32-4-110:160898:160991 [0] NCCL INFO NET/IB: ncclIbConnect Max Nqps=4, localNqps=4, remoteNqps=4
ip-10-32-4-110:160898:160991 [0] NCCL INFO NET/IB: NCCL Dev 0 IbDev 0 Port 1 qpn 49266 mtu 5 GID 3 (0/E627081AFFFF0000) fifoRkey=0x221ed9 fifoLkey=0x221ed9
ip-10-32-4-110:160898:160991 [0] NCCL INFO NET/IB: IbDev 0 Port 1 qpn 49266 query_ece={supported=1, vendor_id=0x15b3, options=0x30000002, comp_mask=0x0}
ip-10-32-4-110:160898:160991 [0] NCCL INFO NET/IB: NCCL Dev 0 IbDev 0 Port 1 qpn 49267 mtu 5 GID 3 (0/E627081AFFFF0000) fifoRkey=0x221ed9 fifoLkey=0x221ed9
ip-10-32-4-110:160898:160991 [0] NCCL INFO NET/IB: IbDev 0 Port 1 qpn 49267 query_ece={supported=1, vendor_id=0x15b3, options=0x30000002, comp_mask=0x0}
ip-10-32-4-110:160898:160991 [0] NCCL INFO NET/IB: NCCL Dev 0 IbDev 0 Port 1 qpn 49269 mtu 5 GID 3 (0/E627081AFFFF0000) fifoRkey=0x221ed9 fifoLkey=0x221ed9
ip-10-32-4-110:160898:160991 [0] NCCL INFO NET/IB: IbDev 0 Port 1 qpn 49269 query_ece={supported=1, vendor_id=0x15b3, options=0x30000002, comp_mask=0x0}
ip-10-32-4-110:160898:160991 [0] NCCL INFO NET/IB: NCCL Dev 0 IbDev 0 Port 1 qpn 49270 mtu 5 GID 3 (0/E627081AFFFF0000) fifoRkey=0x221ed9 fifoLkey=0x221ed9
ip-10-32-4-110:160898:160991 [0] NCCL INFO NET/IB: IbDev 0 Port 1 qpn 49270 query_ece={supported=1, vendor_id=0x15b3, options=0x30000002, comp_mask=0x0}
ip-10-32-4-110:160898:160991 [0] NCCL INFO NET/IB: IbDev 0 Port 1 qpn 49182 set_ece={supported=1, vendor_id=0x15b3, options=0x30000002, comp_mask=0x0}
ip-10-32-4-110:160898:160991 [0] NCCL INFO NET/IB : QP 0x7fae1deee868 (qpn=0xC01E) src UDP port set to 60000 (qIndex=0)
ip-10-32-4-110:160898:160991 [0] NCCL INFO NET/IB: IbDev 0 Port 1 qpn 49183 set_ece={supported=1, vendor_id=0x15b3, options=0x30000002, comp_mask=0x0}
ip-10-32-4-110:160898:160991 [0] NCCL INFO NET/IB : QP 0x7fae1deeec38 (qpn=0xC01F) src UDP port set to 60051 (qIndex=1)
ip-10-32-4-110:160898:160991 [0] NCCL INFO NET/IB: IbDev 0 Port 1 qpn 49185 set_ece={supported=1, vendor_id=0x15b3, options=0x30000002, comp_mask=0x0}
ip-10-32-4-110:160898:160991 [0] NCCL INFO NET/IB : QP 0x7fae1e858898 (qpn=0xC021) src UDP port set to 57663 (qIndex=2)
ip-10-32-4-110:160898:160991 [0] NCCL INFO NET/IB: IbDev 0 Port 1 qpn 49186 set_ece={supported=1, vendor_id=0x15b3, options=0x30000002, comp_mask=0x0}
ip-10-32-4-110:160898:160991 [0] NCCL INFO NET/IB : QP 0x7fae1e80d898 (qpn=0xC022) src UDP port set to 57804 (qIndex=3)
ip-10-32-4-110:160898:160991 [0] NCCL INFO NET/IB: IbDev 0 Port 1 qpn 49188 set_ece={supported=1, vendor_id=0x15b3, options=0x30000002, comp_mask=0x0}
ip-10-32-4-110:160898:160991 [0] NCCL INFO NET/IB : QP 0x7fae1df4a868 (qpn=0xC024) src UDP port set to 60000 (qIndex=0)
ip-10-32-4-110:160898:160991 [0] NCCL INFO NET/IB: IbDev 0 Port 1 qpn 49190 set_ece={supported=1, vendor_id=0x15b3, options=0x30000002, comp_mask=0x0}
ip-10-32-4-110:160898:160991 [0] NCCL INFO NET/IB : QP 0x7fae1df4ac38 (qpn=0xC026) src UDP port set to 60051 (qIndex=1)
ip-10-32-4-110:160898:160991 [0] NCCL INFO NET/IB: IbDev 0 Port 1 qpn 49191 set_ece={supported=1, vendor_id=0x15b3, options=0x30000002, comp_mask=0x0}
ip-10-32-4-110:160898:160991 [0] NCCL INFO NET/IB : QP 0x7fae1e941898 (qpn=0xC027) src UDP port set to 57663 (qIndex=2)
ip-10-32-4-110:160898:160991 [0] NCCL INFO NET/IB: IbDev 0 Port 1 qpn 49192 set_ece={supported=1, vendor_id=0x15b3, options=0x30000002, comp_mask=0x0}
ip-10-32-4-110:160898:160991 [0] NCCL INFO NET/IB : QP 0x7fae1df78868 (qpn=0xC028) src UDP port set to 57804 (qIndex=3)
ip-10-32-4-110:160898:160991 [0] NCCL INFO NET/IB: ncclIbAccept Max Nqps=4, localNqps=4, remoteNqps=4
ip-10-32-4-110:160898:160991 [0] NCCL INFO NET/IB : QP 0x7fae1dc20858 (qpn=0xC07C) src UDP port set to 60000 (qIndex=0)
ip-10-32-4-110:160898:160991 [0] NCCL INFO NET/IB : QP 0x7fae1d2ed858 (qpn=0xC07E) src UDP port set to 60051 (qIndex=1)
ip-10-32-4-110:160898:160991 [0] NCCL INFO NET/IB : QP 0x7fae1d2edc28 (qpn=0xC080) src UDP port set to 57663 (qIndex=2)
ip-10-32-4-110:160898:160991 [0] NCCL INFO NET/IB : QP 0x7fae1f4238c8 (qpn=0xC082) src UDP port set to 57804 (qIndex=3)
ip-10-32-4-110:160898:160991 [0] NCCL INFO NET/IB : QP 0x7fae1dd0b858 (qpn=0xC084) src UDP port set to 60000 (qIndex=-1)
ip-10-32-4-110:160898:160991 [0] NCCL INFO NET/IB: IbDev 0 Port 1 qpn 49234 set_ece={supported=1, vendor_id=0x15b3, options=0x30000002, comp_mask=0x0}
ip-10-32-4-110:160898:160991 [0] NCCL INFO NET/IB : QP 0x7fae1de92c38 (qpn=0xC052) src UDP port set to 60000 (qIndex=0)
ip-10-32-4-110:160898:160991 [0] NCCL INFO NET/IB: IbDev 0 Port 1 qpn 49235 set_ece={supported=1, vendor_id=0x15b3, options=0x30000002, comp_mask=0x0}
ip-10-32-4-110:160898:160991 [0] NCCL INFO NET/IB : QP 0x7fae1eb28868 (qpn=0xC053) src UDP port set to 60051 (qIndex=1)
ip-10-32-4-110:160898:160991 [0] NCCL INFO NET/IB: IbDev 0 Port 1 qpn 49236 set_ece={supported=1, vendor_id=0x15b3, options=0x30000002, comp_mask=0x0}
ip-10-32-4-110:160898:160991 [0] NCCL INFO NET/IB : QP 0x7fae1eeb2898 (qpn=0xC054) src UDP port set to 57663 (qIndex=2)
ip-10-32-4-110:160898:160991 [0] NCCL INFO NET/IB: IbDev 0 Port 1 qpn 49237 set_ece={supported=1, vendor_id=0x15b3, options=0x30000002, comp_mask=0x0}
ip-10-32-4-110:160898:160991 [0] NCCL INFO NET/IB : QP 0x7fae1ee67898 (qpn=0xC055) src UDP port set to 57804 (qIndex=3)
ip-10-32-4-110:160898:160991 [0] NCCL INFO NET/IB: ncclIbAccept Max Nqps=4, localNqps=4, remoteNqps=4
ip-10-32-4-110:160898:160991 [0] NCCL INFO NET/IB : QP 0x7fae1d53fab8 (qpn=0xC087) src UDP port set to 60000 (qIndex=0)
ip-10-32-4-110:160898:160991 [0] NCCL INFO NET/IB : QP 0x7fae1f4778c8 (qpn=0xC08A) src UDP port set to 60051 (qIndex=1)
ip-10-32-4-110:160898:160991 [0] NCCL INFO NET/IB : QP 0x7fae1f540898 (qpn=0xC08B) src UDP port set to 57663 (qIndex=2)
ip-10-32-4-110:160898:160991 [0] NCCL INFO NET/IB : QP 0x7fae1f4c3898 (qpn=0xC08E) src UDP port set to 57804 (qIndex=3)
ip-10-32-4-110:160898:160991 [0] NCCL INFO NET/IB : QP 0x7fae1f5948c8 (qpn=0xC091) src UDP port set to 60000 (qIndex=-1)
ip-10-32-4-110:160898:160991 [0] NCCL INFO NET/IB: ncclIbAccept Max Nqps=4, localNqps=4, remoteNqps=4
ip-10-32-4-110:160898:160991 [0] NCCL INFO NET/IB : QP 0x7fae1d4eb858 (qpn=0xC092) src UDP port set to 60000 (qIndex=0)
ip-10-32-4-110:160898:160991 [0] NCCL INFO NET/IB : QP 0x7fae1f5e88c8 (qpn=0xC095) src UDP port set to 60051 (qIndex=1)
ip-10-32-4-110:160898:160991 [0] NCCL INFO NET/IB : QP 0x7fae1f60c868 (qpn=0xC098) src UDP port set to 57663 (qIndex=2)
ip-10-32-4-110:160898:160991 [0] NCCL INFO NET/IB : QP 0x7fae1f60cc38 (qpn=0xC09A) src UDP port set to 57804 (qIndex=3)
ip-10-32-4-110:160898:160991 [0] NCCL INFO NET/IB : QP 0x7fae1f67f8c8 (qpn=0xC09E) src UDP port set to 60000 (qIndex=-1)
ip-10-32-4-110:160898:160991 [0] NCCL INFO NET/IB: IbDev 0 Port 1 qpn 49262 set_ece={supported=1, vendor_id=0x15b3, options=0x30000002, comp_mask=0x0}
ip-10-32-4-110:160898:160991 [0] NCCL INFO NET/IB : QP 0x7fae1f1348c8 (qpn=0xC06E) src UDP port set to 60000 (qIndex=0)
ip-10-32-4-110:160898:160991 [0] NCCL INFO NET/IB: IbDev 0 Port 1 qpn 49263 set_ece={supported=1, vendor_id=0x15b3, options=0x30000002, comp_mask=0x0}
ip-10-32-4-110:160898:160991 [0] NCCL INFO NET/IB : QP 0x7fae1f1888c8 (qpn=0xC06F) src UDP port set to 60051 (qIndex=1)
ip-10-32-4-110:160898:160991 [0] NCCL INFO NET/IB: IbDev 0 Port 1 qpn 49264 set_ece={supported=1, vendor_id=0x15b3, options=0x30000002, comp_mask=0x0}
ip-10-32-4-110:160898:160991 [0] NCCL INFO NET/IB : QP 0x7fae1dba0858 (qpn=0xC070) src UDP port set to 57663 (qIndex=2)
ip-10-32-4-110:160898:160991 [0] NCCL INFO NET/IB: IbDev 0 Port 1 qpn 49265 set_ece={supported=1, vendor_id=0x15b3, options=0x30000002, comp_mask=0x0}
ip-10-32-4-110:160898:160991 [0] NCCL INFO NET/IB : QP 0x7fae1f21f8c8 (qpn=0xC071) src UDP port set to 57804 (qIndex=3)
ip-10-32-4-110:160898:160991 [0] NCCL INFO NET/IB: IbDev 0 Port 1 qpn 49266 set_ece={supported=1, vendor_id=0x15b3, options=0x30000002, comp_mask=0x0}
ip-10-32-4-110:160898:160991 [0] NCCL INFO NET/IB : QP 0x7fae1f1ac868 (qpn=0xC072) src UDP port set to 60000 (qIndex=0)
ip-10-32-4-110:160898:160991 [0] NCCL INFO NET/IB: IbDev 0 Port 1 qpn 49267 set_ece={supported=1, vendor_id=0x15b3, options=0x30000002, comp_mask=0x0}
ip-10-32-4-110:160898:160991 [0] NCCL INFO NET/IB : QP 0x7fae1f1acc38 (qpn=0xC073) src UDP port set to 60051 (qIndex=1)
ip-10-32-4-110:160898:160991 [0] NCCL INFO NET/IB: IbDev 0 Port 1 qpn 49269 set_ece={supported=1, vendor_id=0x15b3, options=0x30000002, comp_mask=0x0}
ip-10-32-4-110:160898:160991 [0] NCCL INFO NET/IB : QP 0x7fae1f2738c8 (qpn=0xC075) src UDP port set to 57663 (qIndex=2)
ip-10-32-4-110:160898:160991 [0] NCCL INFO NET/IB: IbDev 0 Port 1 qpn 49270 set_ece={supported=1, vendor_id=0x15b3, options=0x30000002, comp_mask=0x0}
ip-10-32-4-110:160898:160991 [0] NCCL INFO NET/IB : QP 0x7fae1f2de898 (qpn=0xC076) src UDP port set to 57804 (qIndex=3)
ip-10-32-4-110:160898:160991 [0] NCCL INFO NET/IB: ncclIbAccept Max Nqps=4, localNqps=4, remoteNqps=4
ip-10-32-4-110:160898:160991 [0] NCCL INFO NET/IB : QP 0x7fae1d0c5ab8 (qpn=0xC0A4) src UDP port set to 60000 (qIndex=0)
ip-10-32-4-110:160898:160991 [0] NCCL INFO NET/IB : QP 0x7fae1f71f898 (qpn=0xC0A6) src UDP port set to 60051 (qIndex=1)
ip-10-32-4-110:160898:160991 [0] NCCL INFO NET/IB : QP 0x7fae1f76a898 (qpn=0xC0A8) src UDP port set to 57663 (qIndex=2)
ip-10-32-4-110:160898:160991 [0] NCCL INFO NET/IB : QP 0x7fae1d711858 (qpn=0xC0AA) src UDP port set to 57804 (qIndex=3)
ip-10-32-4-110:160898:160991 [0] NCCL INFO NET/IB : QP 0x7fae1f7be8c8 (qpn=0xC0AC) src UDP port set to 60000 (qIndex=-1)
ip-10-32-4-110:160898:160991 [0] NCCL INFO NET/IB: ncclIbConnect isP2p=1
ip-10-32-4-110:160898:160991 [0] NCCL INFO NET/IB: ncclIbConnect Max Nqps=4, localNqps=4, remoteNqps=4
ip-10-32-4-110:160898:160991 [0] NCCL INFO NET/IB: NCCL Dev 0 IbDev 0 Port 1 qpn 49326 mtu 5 GID 3 (0/E627081AFFFF0000) fifoRkey=0x160ebe fifoLkey=0x160ebe
ip-10-32-4-110:160898:160991 [0] NCCL INFO NET/IB: IbDev 0 Port 1 qpn 49326 query_ece={supported=1, vendor_id=0x15b3, options=0x30000002, comp_mask=0x0}
ip-10-32-4-110:160898:160991 [0] NCCL INFO NET/IB: NCCL Dev 0 IbDev 0 Port 1 qpn 49328 mtu 5 GID 3 (0/E627081AFFFF0000) fifoRkey=0x160ebe fifoLkey=0x160ebe
ip-10-32-4-110:160898:160991 [0] NCCL INFO NET/IB: IbDev 0 Port 1 qpn 49328 query_ece={supported=1, vendor_id=0x15b3, options=0x30000002, comp_mask=0x0}
ip-10-32-4-110:160898:160991 [0] NCCL INFO NET/IB: NCCL Dev 0 IbDev 0 Port 1 qpn 49330 mtu 5 GID 3 (0/E627081AFFFF0000) fifoRkey=0x160ebe fifoLkey=0x160ebe
ip-10-32-4-110:160898:160991 [0] NCCL INFO NET/IB: IbDev 0 Port 1 qpn 49330 query_ece={supported=1, vendor_id=0x15b3, options=0x30000002, comp_mask=0x0}
ip-10-32-4-110:160898:160991 [0] NCCL INFO NET/IB: NCCL Dev 0 IbDev 0 Port 1 qpn 49332 mtu 5 GID 3 (0/E627081AFFFF0000) fifoRkey=0x160ebe fifoLkey=0x160ebe
ip-10-32-4-110:160898:160991 [0] NCCL INFO NET/IB: IbDev 0 Port 1 qpn 49332 query_ece={supported=1, vendor_id=0x15b3, options=0x30000002, comp_mask=0x0}
ip-10-32-4-110:160898:160991 [0] NCCL INFO NET/IB: ncclIbConnect isP2p=1
ip-10-32-4-110:160898:160991 [0] NCCL INFO NET/IB: ncclIbConnect Max Nqps=4, localNqps=4, remoteNqps=4
ip-10-32-4-110:160898:160991 [0] NCCL INFO NET/IB: NCCL Dev 0 IbDev 0 Port 1 qpn 49334 mtu 5 GID 3 (0/E627081AFFFF0000) fifoRkey=0x2236f0 fifoLkey=0x2236f0
ip-10-32-4-110:160898:160991 [0] NCCL INFO NET/IB: IbDev 0 Port 1 qpn 49334 query_ece={supported=1, vendor_id=0x15b3, options=0x30000002, comp_mask=0x0}
ip-10-32-4-110:160898:160991 [0] NCCL INFO NET/IB: NCCL Dev 0 IbDev 0 Port 1 qpn 49335 mtu 5 GID 3 (0/E627081AFFFF0000) fifoRkey=0x2236f0 fifoLkey=0x2236f0
ip-10-32-4-110:160898:160991 [0] NCCL INFO NET/IB: IbDev 0 Port 1 qpn 49335 query_ece={supported=1, vendor_id=0x15b3, options=0x30000002, comp_mask=0x0}
ip-10-32-4-110:160898:160991 [0] NCCL INFO NET/IB: NCCL Dev 0 IbDev 0 Port 1 qpn 49336 mtu 5 GID 3 (0/E627081AFFFF0000) fifoRkey=0x2236f0 fifoLkey=0x2236f0
ip-10-32-4-110:160898:160991 [0] NCCL INFO NET/IB: IbDev 0 Port 1 qpn 49336 query_ece={supported=1, vendor_id=0x15b3, options=0x30000002, comp_mask=0x0}
ip-10-32-4-110:160898:160991 [0] NCCL INFO NET/IB: NCCL Dev 0 IbDev 0 Port 1 qpn 49337 mtu 5 GID 3 (0/E627081AFFFF0000) fifoRkey=0x2236f0 fifoLkey=0x2236f0
ip-10-32-4-110:160898:160991 [0] NCCL INFO NET/IB: IbDev 0 Port 1 qpn 49337 query_ece={supported=1, vendor_id=0x15b3, options=0x30000002, comp_mask=0x0}
ip-10-32-4-110:160898:160991 [0] NCCL INFO NET/IB: ncclIbConnect isP2p=1
ip-10-32-4-110:160898:160991 [0] NCCL INFO NET/IB: ncclIbConnect Max Nqps=4, localNqps=4, remoteNqps=4
ip-10-32-4-110:160898:160991 [0] NCCL INFO NET/IB: NCCL Dev 0 IbDev 0 Port 1 qpn 49338 mtu 5 GID 3 (0/E627081AFFFF0000) fifoRkey=0x21e11d fifoLkey=0x21e11d
ip-10-32-4-110:160898:160991 [0] NCCL INFO NET/IB: IbDev 0 Port 1 qpn 49338 query_ece={supported=1, vendor_id=0x15b3, options=0x30000002, comp_mask=0x0}
ip-10-32-4-110:160898:160991 [0] NCCL INFO NET/IB: NCCL Dev 0 IbDev 0 Port 1 qpn 49339 mtu 5 GID 3 (0/E627081AFFFF0000) fifoRkey=0x21e11d fifoLkey=0x21e11d
ip-10-32-4-110:160898:160991 [0] NCCL INFO NET/IB: IbDev 0 Port 1 qpn 49339 query_ece={supported=1, vendor_id=0x15b3, options=0x30000002, comp_mask=0x0}
ip-10-32-4-110:160898:160991 [0] NCCL INFO NET/IB: NCCL Dev 0 IbDev 0 Port 1 qpn 49340 mtu 5 GID 3 (0/E627081AFFFF0000) fifoRkey=0x21e11d fifoLkey=0x21e11d
ip-10-32-4-110:160898:160991 [0] NCCL INFO NET/IB: IbDev 0 Port 1 qpn 49340 query_ece={supported=1, vendor_id=0x15b3, options=0x30000002, comp_mask=0x0}
ip-10-32-4-110:160898:160991 [0] NCCL INFO NET/IB: NCCL Dev 0 IbDev 0 Port 1 qpn 49341 mtu 5 GID 3 (0/E627081AFFFF0000) fifoRkey=0x21e11d fifoLkey=0x21e11d
ip-10-32-4-110:160898:160991 [0] NCCL INFO NET/IB: IbDev 0 Port 1 qpn 49341 query_ece={supported=1, vendor_id=0x15b3, options=0x30000002, comp_mask=0x0}
ip-10-32-4-110:160898:160991 [0] NCCL INFO NET/IB: ncclIbConnect isP2p=1
ip-10-32-4-110:160898:160991 [0] NCCL INFO NET/IB: ncclIbConnect Max Nqps=4, localNqps=4, remoteNqps=4
ip-10-32-4-110:160898:160991 [0] NCCL INFO NET/IB: NCCL Dev 0 IbDev 0 Port 1 qpn 49342 mtu 5 GID 3 (0/E627081AFFFF0000) fifoRkey=0x224600 fifoLkey=0x224600
ip-10-32-4-110:160898:160991 [0] NCCL INFO NET/IB: IbDev 0 Port 1 qpn 49342 query_ece={supported=1, vendor_id=0x15b3, options=0x30000002, comp_mask=0x0}
ip-10-32-4-110:160898:160991 [0] NCCL INFO NET/IB: NCCL Dev 0 IbDev 0 Port 1 qpn 49343 mtu 5 GID 3 (0/E627081AFFFF0000) fifoRkey=0x224600 fifoLkey=0x224600
ip-10-32-4-110:160898:160991 [0] NCCL INFO NET/IB: IbDev 0 Port 1 qpn 49343 query_ece={supported=1, vendor_id=0x15b3, options=0x30000002, comp_mask=0x0}
ip-10-32-4-110:160898:160991 [0] NCCL INFO NET/IB: NCCL Dev 0 IbDev 0 Port 1 qpn 49344 mtu 5 GID 3 (0/E627081AFFFF0000) fifoRkey=0x224600 fifoLkey=0x224600
ip-10-32-4-110:160898:160991 [0] NCCL INFO NET/IB: IbDev 0 Port 1 qpn 49344 query_ece={supported=1, vendor_id=0x15b3, options=0x30000002, comp_mask=0x0}
ip-10-32-4-110:160898:160991 [0] NCCL INFO NET/IB: NCCL Dev 0 IbDev 0 Port 1 qpn 49345 mtu 5 GID 3 (0/E627081AFFFF0000) fifoRkey=0x224600 fifoLkey=0x224600
ip-10-32-4-110:160898:160991 [0] NCCL INFO NET/IB: IbDev 0 Port 1 qpn 49345 query_ece={supported=1, vendor_id=0x15b3, options=0x30000002, comp_mask=0x0}
ip-10-32-4-110:160898:160991 [0] NCCL INFO NET/IB: ncclIbConnect isP2p=1
ip-10-32-4-110:160898:160991 [0] NCCL INFO NET/IB: ncclIbConnect Max Nqps=4, localNqps=4, remoteNqps=4
ip-10-32-4-110:160898:160991 [0] NCCL INFO NET/IB: NCCL Dev 0 IbDev 0 Port 1 qpn 49349 mtu 5 GID 3 (0/E627081AFFFF0000) fifoRkey=0x2210d2 fifoLkey=0x2210d2
ip-10-32-4-110:160898:160991 [0] NCCL INFO NET/IB: IbDev 0 Port 1 qpn 49349 query_ece={supported=1, vendor_id=0x15b3, options=0x30000002, comp_mask=0x0}
ip-10-32-4-110:160898:160991 [0] NCCL INFO NET/IB: NCCL Dev 0 IbDev 0 Port 1 qpn 49351 mtu 5 GID 3 (0/E627081AFFFF0000) fifoRkey=0x2210d2 fifoLkey=0x2210d2
ip-10-32-4-110:160898:160991 [0] NCCL INFO NET/IB: IbDev 0 Port 1 qpn 49351 query_ece={supported=1, vendor_id=0x15b3, options=0x30000002, comp_mask=0x0}
ip-10-32-4-110:160898:160991 [0] NCCL INFO NET/IB: NCCL Dev 0 IbDev 0 Port 1 qpn 49352 mtu 5 GID 3 (0/E627081AFFFF0000) fifoRkey=0x2210d2 fifoLkey=0x2210d2
ip-10-32-4-110:160898:160991 [0] NCCL INFO NET/IB: IbDev 0 Port 1 qpn 49352 query_ece={supported=1, vendor_id=0x15b3, options=0x30000002, comp_mask=0x0}
ip-10-32-4-110:160898:160991 [0] NCCL INFO NET/IB: NCCL Dev 0 IbDev 0 Port 1 qpn 49353 mtu 5 GID 3 (0/E627081AFFFF0000) fifoRkey=0x2210d2 fifoLkey=0x2210d2
ip-10-32-4-110:160898:160991 [0] NCCL INFO NET/IB: IbDev 0 Port 1 qpn 49353 query_ece={supported=1, vendor_id=0x15b3, options=0x30000002, comp_mask=0x0}
ip-10-32-4-110:160898:160991 [0] NCCL INFO NET/IB: ncclIbConnect isP2p=1
ip-10-32-4-110:160898:160991 [0] NCCL INFO NET/IB: ncclIbConnect Max Nqps=4, localNqps=4, remoteNqps=4
ip-10-32-4-110:160898:160991 [0] NCCL INFO NET/IB: NCCL Dev 0 IbDev 0 Port 1 qpn 49354 mtu 5 GID 3 (0/E627081AFFFF0000) fifoRkey=0x221fda fifoLkey=0x221fda
ip-10-32-4-110:160898:160991 [0] NCCL INFO NET/IB: IbDev 0 Port 1 qpn 49354 query_ece={supported=1, vendor_id=0x15b3, options=0x30000002, comp_mask=0x0}
ip-10-32-4-110:160898:160991 [0] NCCL INFO NET/IB: NCCL Dev 0 IbDev 0 Port 1 qpn 49355 mtu 5 GID 3 (0/E627081AFFFF0000) fifoRkey=0x221fda fifoLkey=0x221fda
ip-10-32-4-110:160898:160991 [0] NCCL INFO NET/IB: IbDev 0 Port 1 qpn 49355 query_ece={supported=1, vendor_id=0x15b3, options=0x30000002, comp_mask=0x0}
ip-10-32-4-110:160898:160991 [0] NCCL INFO NET/IB: NCCL Dev 0 IbDev 0 Port 1 qpn 49356 mtu 5 GID 3 (0/E627081AFFFF0000) fifoRkey=0x221fda fifoLkey=0x221fda
ip-10-32-4-110:160898:160991 [0] NCCL INFO NET/IB: IbDev 0 Port 1 qpn 49356 query_ece={supported=1, vendor_id=0x15b3, options=0x30000002, comp_mask=0x0}
ip-10-32-4-110:160898:160991 [0] NCCL INFO NET/IB: NCCL Dev 0 IbDev 0 Port 1 qpn 49357 mtu 5 GID 3 (0/E627081AFFFF0000) fifoRkey=0x221fda fifoLkey=0x221fda
ip-10-32-4-110:160898:160991 [0] NCCL INFO NET/IB: IbDev 0 Port 1 qpn 49357 query_ece={supported=1, vendor_id=0x15b3, options=0x30000002, comp_mask=0x0}
ip-10-32-4-110:160898:160991 [0] NCCL INFO NET/IB: ncclIbConnect isP2p=1
ip-10-32-4-110:160898:160991 [0] NCCL INFO NET/IB: ncclIbConnect Max Nqps=4, localNqps=4, remoteNqps=4
ip-10-32-4-110:160898:160991 [0] NCCL INFO NET/IB: NCCL Dev 0 IbDev 0 Port 1 qpn 49358 mtu 5 GID 3 (0/E627081AFFFF0000) fifoRkey=0x2223de fifoLkey=0x2223de
ip-10-32-4-110:160898:160991 [0] NCCL INFO NET/IB: IbDev 0 Port 1 qpn 49358 query_ece={supported=1, vendor_id=0x15b3, options=0x30000002, comp_mask=0x0}
ip-10-32-4-110:160898:160991 [0] NCCL INFO NET/IB: NCCL Dev 0 IbDev 0 Port 1 qpn 49359 mtu 5 GID 3 (0/E627081AFFFF0000) fifoRkey=0x2223de fifoLkey=0x2223de
ip-10-32-4-110:160898:160991 [0] NCCL INFO NET/IB: IbDev 0 Port 1 qpn 49359 query_ece={supported=1, vendor_id=0x15b3, options=0x30000002, comp_mask=0x0}
ip-10-32-4-110:160898:160991 [0] NCCL INFO NET/IB: NCCL Dev 0 IbDev 0 Port 1 qpn 49360 mtu 5 GID 3 (0/E627081AFFFF0000) fifoRkey=0x2223de fifoLkey=0x2223de
ip-10-32-4-110:160898:160991 [0] NCCL INFO NET/IB: IbDev 0 Port 1 qpn 49360 query_ece={supported=1, vendor_id=0x15b3, options=0x30000002, comp_mask=0x0}
ip-10-32-4-110:160898:160991 [0] NCCL INFO NET/IB: NCCL Dev 0 IbDev 0 Port 1 qpn 49361 mtu 5 GID 3 (0/E627081AFFFF0000) fifoRkey=0x2223de fifoLkey=0x2223de
ip-10-32-4-110:160898:160991 [0] NCCL INFO NET/IB: IbDev 0 Port 1 qpn 49361 query_ece={supported=1, vendor_id=0x15b3, options=0x30000002, comp_mask=0x0}
ip-10-32-4-110:160898:160991 [0] NCCL INFO NET/IB: IbDev 0 Port 1 qpn 49326 set_ece={supported=1, vendor_id=0x15b3, options=0x30000002, comp_mask=0x0}
ip-10-32-4-110:160898:160991 [0] NCCL INFO NET/IB : QP 0x7fae1d7d0858 (qpn=0xC0AE) src UDP port set to 60000 (qIndex=0)
ip-10-32-4-110:160898:160991 [0] NCCL INFO NET/IB: IbDev 0 Port 1 qpn 49328 set_ece={supported=1, vendor_id=0x15b3, options=0x30000002, comp_mask=0x0}
ip-10-32-4-110:160898:160991 [0] NCCL INFO NET/IB : QP 0x7fae1f8128c8 (qpn=0xC0B0) src UDP port set to 60051 (qIndex=1)
ip-10-32-4-110:160898:160991 [0] NCCL INFO NET/IB: IbDev 0 Port 1 qpn 49330 set_ece={supported=1, vendor_id=0x15b3, options=0x30000002, comp_mask=0x0}
ip-10-32-4-110:160898:160991 [0] NCCL INFO NET/IB : QP 0x7fae1f881898 (qpn=0xC0B2) src UDP port set to 57663 (qIndex=2)
ip-10-32-4-110:160898:160991 [0] NCCL INFO NET/IB: IbDev 0 Port 1 qpn 49332 set_ece={supported=1, vendor_id=0x15b3, options=0x30000002, comp_mask=0x0}
ip-10-32-4-110:160898:160991 [0] NCCL INFO NET/IB : QP 0x7fae1f836868 (qpn=0xC0B4) src UDP port set to 57804 (qIndex=3)
ip-10-32-4-110:160898:160991 [0] NCCL INFO NET/IB: IbDev 0 Port 1 qpn 49354 set_ece={supported=1, vendor_id=0x15b3, options=0x30000002, comp_mask=0x0}
ip-10-32-4-110:160898:160991 [0] NCCL INFO NET/IB : QP 0x7fae1fcab8c8 (qpn=0xC0CA) src UDP port set to 60000 (qIndex=0)
ip-10-32-4-110:160898:160991 [0] NCCL INFO NET/IB: IbDev 0 Port 1 qpn 49355 set_ece={supported=1, vendor_id=0x15b3, options=0x30000002, comp_mask=0x0}
ip-10-32-4-110:160898:160991 [0] NCCL INFO NET/IB : QP 0x7fae1fcf7898 (qpn=0xC0CB) src UDP port set to 60051 (qIndex=1)
ip-10-32-4-110:160898:160991 [0] NCCL INFO NET/IB: IbDev 0 Port 1 qpn 49356 set_ece={supported=1, vendor_id=0x15b3, options=0x30000002, comp_mask=0x0}
ip-10-32-4-110:160898:160991 [0] NCCL INFO NET/IB : QP 0x7fae1fd5b868 (qpn=0xC0CC) src UDP port set to 57663 (qIndex=2)
ip-10-32-4-110:160898:160991 [0] NCCL INFO NET/IB: IbDev 0 Port 1 qpn 49357 set_ece={supported=1, vendor_id=0x15b3, options=0x30000002, comp_mask=0x0}
ip-10-32-4-110:160898:160991 [0] NCCL INFO NET/IB : QP 0x7fae1fd5bc38 (qpn=0xC0CD) src UDP port set to 57804 (qIndex=3)
ip-10-32-4-110:160898:160991 [0] NCCL INFO NET/IB: ncclIbConnect isP2p=1
ip-10-32-4-110:160898:160991 [0] NCCL INFO NET/IB: ncclIbConnect Max Nqps=4, localNqps=4, remoteNqps=4
ip-10-32-4-110:160898:160991 [0] NCCL INFO NET/IB: NCCL Dev 0 IbDev 0 Port 1 qpn 49365 mtu 5 GID 3 (0/E627081AFFFF0000) fifoRkey=0x223bf5 fifoLkey=0x223bf5
ip-10-32-4-110:160898:160991 [0] NCCL INFO NET/IB: IbDev 0 Port 1 qpn 49365 query_ece={supported=1, vendor_id=0x15b3, options=0x30000002, comp_mask=0x0}
ip-10-32-4-110:160898:160991 [0] NCCL INFO NET/IB: NCCL Dev 0 IbDev 0 Port 1 qpn 49367 mtu 5 GID 3 (0/E627081AFFFF0000) fifoRkey=0x223bf5 fifoLkey=0x223bf5
ip-10-32-4-110:160898:160991 [0] NCCL INFO NET/IB: IbDev 0 Port 1 qpn 49367 query_ece={supported=1, vendor_id=0x15b3, options=0x30000002, comp_mask=0x0}
ip-10-32-4-110:160898:160991 [0] NCCL INFO NET/IB: NCCL Dev 0 IbDev 0 Port 1 qpn 49368 mtu 5 GID 3 (0/E627081AFFFF0000) fifoRkey=0x223bf5 fifoLkey=0x223bf5
ip-10-32-4-110:160898:160991 [0] NCCL INFO NET/IB: IbDev 0 Port 1 qpn 49368 query_ece={supported=1, vendor_id=0x15b3, options=0x30000002, comp_mask=0x0}
ip-10-32-4-110:160898:160991 [0] NCCL INFO NET/IB: NCCL Dev 0 IbDev 0 Port 1 qpn 49370 mtu 5 GID 3 (0/E627081AFFFF0000) fifoRkey=0x223bf5 fifoLkey=0x223bf5
ip-10-32-4-110:160898:160991 [0] NCCL INFO NET/IB: IbDev 0 Port 1 qpn 49370 query_ece={supported=1, vendor_id=0x15b3, options=0x30000002, comp_mask=0x0}
ip-10-32-4-110:160898:160991 [0] NCCL INFO NET/IB: ncclIbConnect isP2p=1
ip-10-32-4-110:160898:160991 [0] NCCL INFO NET/IB: ncclIbConnect Max Nqps=4, localNqps=4, remoteNqps=4
ip-10-32-4-110:160898:160991 [0] NCCL INFO NET/IB: NCCL Dev 0 IbDev 0 Port 1 qpn 49373 mtu 5 GID 3 (0/E627081AFFFF0000) fifoRkey=0x222de7 fifoLkey=0x222de7
ip-10-32-4-110:160898:160991 [0] NCCL INFO NET/IB: IbDev 0 Port 1 qpn 49373 query_ece={supported=1, vendor_id=0x15b3, options=0x30000002, comp_mask=0x0}
ip-10-32-4-110:160898:160991 [0] NCCL INFO NET/IB: NCCL Dev 0 IbDev 0 Port 1 qpn 49375 mtu 5 GID 3 (0/E627081AFFFF0000) fifoRkey=0x222de7 fifoLkey=0x222de7
ip-10-32-4-110:160898:160991 [0] NCCL INFO NET/IB: IbDev 0 Port 1 qpn 49375 query_ece={supported=1, vendor_id=0x15b3, options=0x30000002, comp_mask=0x0}
ip-10-32-4-110:160898:160991 [0] NCCL INFO NET/IB: NCCL Dev 0 IbDev 0 Port 1 qpn 49376 mtu 5 GID 3 (0/E627081AFFFF0000) fifoRkey=0x222de7 fifoLkey=0x222de7
ip-10-32-4-110:160898:160991 [0] NCCL INFO NET/IB: IbDev 0 Port 1 qpn 49376 query_ece={supported=1, vendor_id=0x15b3, options=0x30000002, comp_mask=0x0}
ip-10-32-4-110:160898:160991 [0] NCCL INFO NET/IB: NCCL Dev 0 IbDev 0 Port 1 qpn 49377 mtu 5 GID 3 (0/E627081AFFFF0000) fifoRkey=0x222de7 fifoLkey=0x222de7
ip-10-32-4-110:160898:160991 [0] NCCL INFO NET/IB: IbDev 0 Port 1 qpn 49377 query_ece={supported=1, vendor_id=0x15b3, options=0x30000002, comp_mask=0x0}
ip-10-32-4-110:160898:160991 [0] NCCL INFO NET/IB: IbDev 0 Port 1 qpn 49334 set_ece={supported=1, vendor_id=0x15b3, options=0x30000002, comp_mask=0x0}
ip-10-32-4-110:160898:160991 [0] NCCL INFO NET/IB : QP 0x7fae1f836c38 (qpn=0xC0B6) src UDP port set to 60000 (qIndex=0)
ip-10-32-4-110:160898:160991 [0] NCCL INFO NET/IB: IbDev 0 Port 1 qpn 49335 set_ece={supported=1, vendor_id=0x15b3, options=0x30000002, comp_mask=0x0}
ip-10-32-4-110:160898:160991 [0] NCCL INFO NET/IB : QP 0x7fae1f8d58c8 (qpn=0xC0B7) src UDP port set to 60051 (qIndex=1)
ip-10-32-4-110:160898:160991 [0] NCCL INFO NET/IB: IbDev 0 Port 1 qpn 49336 set_ece={supported=1, vendor_id=0x15b3, options=0x30000002, comp_mask=0x0}
ip-10-32-4-110:160898:160991 [0] NCCL INFO NET/IB : QP 0x7fae1f921898 (qpn=0xC0B8) src UDP port set to 57663 (qIndex=2)
ip-10-32-4-110:160898:160991 [0] NCCL INFO NET/IB: IbDev 0 Port 1 qpn 49337 set_ece={supported=1, vendor_id=0x15b3, options=0x30000002, comp_mask=0x0}
ip-10-32-4-110:160898:160991 [0] NCCL INFO NET/IB : QP 0x7fae1f9948c8 (qpn=0xC0B9) src UDP port set to 57804 (qIndex=3)
ip-10-32-4-110:160898:160991 [0] NCCL INFO NET/IB: ncclIbConnect isP2p=1
ip-10-32-4-110:160898:160991 [0] NCCL INFO NET/IB: ncclIbConnect Max Nqps=4, localNqps=4, remoteNqps=4
ip-10-32-4-110:160898:160991 [0] NCCL INFO NET/IB: NCCL Dev 0 IbDev 0 Port 1 qpn 49381 mtu 5 GID 3 (0/E627081AFFFF0000) fifoRkey=0x2231eb fifoLkey=0x2231eb
ip-10-32-4-110:160898:160991 [0] NCCL INFO NET/IB: IbDev 0 Port 1 qpn 49381 query_ece={supported=1, vendor_id=0x15b3, options=0x30000002, comp_mask=0x0}
ip-10-32-4-110:160898:160991 [0] NCCL INFO NET/IB: NCCL Dev 0 IbDev 0 Port 1 qpn 49383 mtu 5 GID 3 (0/E627081AFFFF0000) fifoRkey=0x2231eb fifoLkey=0x2231eb
ip-10-32-4-110:160898:160991 [0] NCCL INFO NET/IB: IbDev 0 Port 1 qpn 49383 query_ece={supported=1, vendor_id=0x15b3, options=0x30000002, comp_mask=0x0}
ip-10-32-4-110:160898:160991 [0] NCCL INFO NET/IB: NCCL Dev 0 IbDev 0 Port 1 qpn 49384 mtu 5 GID 3 (0/E627081AFFFF0000) fifoRkey=0x2231eb fifoLkey=0x2231eb
ip-10-32-4-110:160898:160991 [0] NCCL INFO NET/IB: IbDev 0 Port 1 qpn 49384 query_ece={supported=1, vendor_id=0x15b3, options=0x30000002, comp_mask=0x0}
ip-10-32-4-110:160898:160991 [0] NCCL INFO NET/IB: NCCL Dev 0 IbDev 0 Port 1 qpn 49386 mtu 5 GID 3 (0/E627081AFFFF0000) fifoRkey=0x2231eb fifoLkey=0x2231eb
ip-10-32-4-110:160898:160991 [0] NCCL INFO NET/IB: IbDev 0 Port 1 qpn 49386 query_ece={supported=1, vendor_id=0x15b3, options=0x30000002, comp_mask=0x0}
ip-10-32-4-110:160898:160991 [0] NCCL INFO NET/IB: ncclIbConnect isP2p=1
ip-10-32-4-110:160898:160991 [0] NCCL INFO NET/IB: ncclIbConnect Max Nqps=4, localNqps=4, remoteNqps=4
ip-10-32-4-110:160898:160991 [0] NCCL INFO NET/IB: NCCL Dev 0 IbDev 0 Port 1 qpn 49389 mtu 5 GID 3 (0/E627081AFFFF0000) fifoRkey=0x21dd19 fifoLkey=0x21dd19
ip-10-32-4-110:160898:160991 [0] NCCL INFO NET/IB: IbDev 0 Port 1 qpn 49389 query_ece={supported=1, vendor_id=0x15b3, options=0x30000002, comp_mask=0x0}
ip-10-32-4-110:160898:160991 [0] NCCL INFO NET/IB: NCCL Dev 0 IbDev 0 Port 1 qpn 49391 mtu 5 GID 3 (0/E627081AFFFF0000) fifoRkey=0x21dd19 fifoLkey=0x21dd19
ip-10-32-4-110:160898:160991 [0] NCCL INFO NET/IB: IbDev 0 Port 1 qpn 49391 query_ece={supported=1, vendor_id=0x15b3, options=0x30000002, comp_mask=0x0}
ip-10-32-4-110:160898:160991 [0] NCCL INFO NET/IB: NCCL Dev 0 IbDev 0 Port 1 qpn 49392 mtu 5 GID 3 (0/E627081AFFFF0000) fifoRkey=0x21dd19 fifoLkey=0x21dd19
ip-10-32-4-110:160898:160991 [0] NCCL INFO NET/IB: IbDev 0 Port 1 qpn 49392 query_ece={supported=1, vendor_id=0x15b3, options=0x30000002, comp_mask=0x0}
ip-10-32-4-110:160898:160991 [0] NCCL INFO NET/IB: NCCL Dev 0 IbDev 0 Port 1 qpn 49393 mtu 5 GID 3 (0/E627081AFFFF0000) fifoRkey=0x21dd19 fifoLkey=0x21dd19
ip-10-32-4-110:160898:160991 [0] NCCL INFO NET/IB: IbDev 0 Port 1 qpn 49393 query_ece={supported=1, vendor_id=0x15b3, options=0x30000002, comp_mask=0x0}
ip-10-32-4-110:160898:160991 [0] NCCL INFO NET/IB: IbDev 0 Port 1 qpn 49358 set_ece={supported=1, vendor_id=0x15b3, options=0x30000002, comp_mask=0x0}
ip-10-32-4-110:160898:160991 [0] NCCL INFO NET/IB : QP 0x7fae1fe008c8 (qpn=0xC0CE) src UDP port set to 60000 (qIndex=0)
ip-10-32-4-110:160898:160991 [0] NCCL INFO NET/IB: IbDev 0 Port 1 qpn 49359 set_ece={supported=1, vendor_id=0x15b3, options=0x30000002, comp_mask=0x0}
ip-10-32-4-110:160898:160991 [0] NCCL INFO NET/IB : QP 0x7fae1fe548c8 (qpn=0xC0CF) src UDP port set to 60051 (qIndex=1)
ip-10-32-4-110:160898:160991 [0] NCCL INFO NET/IB: IbDev 0 Port 1 qpn 49360 set_ece={supported=1, vendor_id=0x15b3, options=0x30000002, comp_mask=0x0}
ip-10-32-4-110:160898:160991 [0] NCCL INFO NET/IB : QP 0x7fae1febf898 (qpn=0xC0D0) src UDP port set to 57663 (qIndex=2)
ip-10-32-4-110:160898:160991 [0] NCCL INFO NET/IB: IbDev 0 Port 1 qpn 49361 set_ece={supported=1, vendor_id=0x15b3, options=0x30000002, comp_mask=0x0}
ip-10-32-4-110:160898:160991 [0] NCCL INFO NET/IB : QP 0x7fae1fd29868 (qpn=0xC0D1) src UDP port set to 57804 (qIndex=3)
ip-10-32-4-110:160898:160991 [0] NCCL INFO NET/IB: IbDev 0 Port 1 qpn 49349 set_ece={supported=1, vendor_id=0x15b3, options=0x30000002, comp_mask=0x0}
ip-10-32-4-110:160898:160991 [0] NCCL INFO NET/IB : QP 0x7fae1e282ab8 (qpn=0xC0C5) src UDP port set to 60000 (qIndex=0)
ip-10-32-4-110:160898:160991 [0] NCCL INFO NET/IB: IbDev 0 Port 1 qpn 49351 set_ece={supported=1, vendor_id=0x15b3, options=0x30000002, comp_mask=0x0}
ip-10-32-4-110:160898:160991 [0] NCCL INFO NET/IB : QP 0x7fae1fc0c868 (qpn=0xC0C7) src UDP port set to 60051 (qIndex=1)
ip-10-32-4-110:160898:160991 [0] NCCL INFO NET/IB: IbDev 0 Port 1 qpn 49352 set_ece={supported=1, vendor_id=0x15b3, options=0x30000002, comp_mask=0x0}
ip-10-32-4-110:160898:160991 [0] NCCL INFO NET/IB : QP 0x7fae1fc0cc38 (qpn=0xC0C8) src UDP port set to 57663 (qIndex=2)
ip-10-32-4-110:160898:160991 [0] NCCL INFO NET/IB: IbDev 0 Port 1 qpn 49353 set_ece={supported=1, vendor_id=0x15b3, options=0x30000002, comp_mask=0x0}
ip-10-32-4-110:160898:160991 [0] NCCL INFO NET/IB : QP 0x7fae1fc57898 (qpn=0xC0C9) src UDP port set to 57804 (qIndex=3)
ip-10-32-4-110:160898:160991 [0] NCCL INFO NET/IB: IbDev 0 Port 1 qpn 49338 set_ece={supported=1, vendor_id=0x15b3, options=0x30000002, comp_mask=0x0}
ip-10-32-4-110:160898:160991 [0] NCCL INFO NET/IB : QP 0x7fae1da8b858 (qpn=0xC0BA) src UDP port set to 60000 (qIndex=0)
ip-10-32-4-110:160898:160991 [0] NCCL INFO NET/IB: IbDev 0 Port 1 qpn 49339 set_ece={supported=1, vendor_id=0x15b3, options=0x30000002, comp_mask=0x0}
ip-10-32-4-110:160898:160991 [0] NCCL INFO NET/IB : QP 0x7fae1da8bc28 (qpn=0xC0BB) src UDP port set to 60051 (qIndex=1)
ip-10-32-4-110:160898:160991 [0] NCCL INFO NET/IB: IbDev 0 Port 1 qpn 49340 set_ece={supported=1, vendor_id=0x15b3, options=0x30000002, comp_mask=0x0}
ip-10-32-4-110:160898:160991 [0] NCCL INFO NET/IB : QP 0x7fae1fa53898 (qpn=0xC0BC) src UDP port set to 57663 (qIndex=2)
ip-10-32-4-110:160898:160991 [0] NCCL INFO NET/IB: IbDev 0 Port 1 qpn 49341 set_ece={supported=1, vendor_id=0x15b3, options=0x30000002, comp_mask=0x0}
ip-10-32-4-110:160898:160991 [0] NCCL INFO NET/IB : QP 0x7fae1dadf858 (qpn=0xC0BD) src UDP port set to 57804 (qIndex=3)
ip-10-32-4-110:160898:160991 [0] NCCL INFO NET/IB: IbDev 0 Port 1 qpn 49365 set_ece={supported=1, vendor_id=0x15b3, options=0x30000002, comp_mask=0x0}
ip-10-32-4-110:160898:160991 [0] NCCL INFO NET/IB : QP 0x7fae1fd8d868 (qpn=0xC0D5) src UDP port set to 60000 (qIndex=0)
ip-10-32-4-110:160898:160991 [0] NCCL INFO NET/IB: IbDev 0 Port 1 qpn 49367 set_ece={supported=1, vendor_id=0x15b3, options=0x30000002, comp_mask=0x0}
ip-10-32-4-110:160898:160991 [0] NCCL INFO NET/IB : QP 0x7fae1fd8dc38 (qpn=0xC0D7) src UDP port set to 60051 (qIndex=1)
ip-10-32-4-110:160898:160991 [0] NCCL INFO NET/IB: IbDev 0 Port 1 qpn 49368 set_ece={supported=1, vendor_id=0x15b3, options=0x30000002, comp_mask=0x0}
ip-10-32-4-110:160898:160991 [0] NCCL INFO NET/IB : QP 0x7fadac0498c8 (qpn=0xC0D8) src UDP port set to 57663 (qIndex=2)
ip-10-32-4-110:160898:160991 [0] NCCL INFO NET/IB: IbDev 0 Port 1 qpn 49370 set_ece={supported=1, vendor_id=0x15b3, options=0x30000002, comp_mask=0x0}
ip-10-32-4-110:160898:160991 [0] NCCL INFO NET/IB : QP 0x7fae1ff8f868 (qpn=0xC0DA) src UDP port set to 57804 (qIndex=3)
ip-10-32-4-110:160898:160991 [0] NCCL INFO NET/IB: IbDev 0 Port 1 qpn 49342 set_ece={supported=1, vendor_id=0x15b3, options=0x30000002, comp_mask=0x0}
ip-10-32-4-110:160898:160991 [0] NCCL INFO NET/IB : QP 0x7fae1dadfc28 (qpn=0xC0BE) src UDP port set to 60000 (qIndex=0)
ip-10-32-4-110:160898:160991 [0] NCCL INFO NET/IB: IbDev 0 Port 1 qpn 49343 set_ece={supported=1, vendor_id=0x15b3, options=0x30000002, comp_mask=0x0}
ip-10-32-4-110:160898:160991 [0] NCCL INFO NET/IB : QP 0x7fae1e1da858 (qpn=0xC0BF) src UDP port set to 60051 (qIndex=1)
ip-10-32-4-110:160898:160991 [0] NCCL INFO NET/IB: IbDev 0 Port 1 qpn 49344 set_ece={supported=1, vendor_id=0x15b3, options=0x30000002, comp_mask=0x0}
ip-10-32-4-110:160898:160991 [0] NCCL INFO NET/IB : QP 0x7fae1e1dac28 (qpn=0xC0C0) src UDP port set to 57663 (qIndex=2)
ip-10-32-4-110:160898:160991 [0] NCCL INFO NET/IB: IbDev 0 Port 1 qpn 49345 set_ece={supported=1, vendor_id=0x15b3, options=0x30000002, comp_mask=0x0}
ip-10-32-4-110:160898:160991 [0] NCCL INFO NET/IB : QP 0x7fae1fb3c898 (qpn=0xC0C1) src UDP port set to 57804 (qIndex=3)
ip-10-32-4-110:160898:160991 [0] NCCL INFO NET/IB: IbDev 0 Port 1 qpn 49381 set_ece={supported=1, vendor_id=0x15b3, options=0x30000002, comp_mask=0x0}
ip-10-32-4-110:160898:160991 [0] NCCL INFO NET/IB : QP 0x7fae1e319ab8 (qpn=0xC0E5) src UDP port set to 60000 (qIndex=0)
ip-10-32-4-110:160898:160991 [0] NCCL INFO NET/IB: IbDev 0 Port 1 qpn 49383 set_ece={supported=1, vendor_id=0x15b3, options=0x30000002, comp_mask=0x0}
ip-10-32-4-110:160898:160991 [0] NCCL INFO NET/IB : QP 0x7fae1e36d858 (qpn=0xC0E7) src UDP port set to 60051 (qIndex=1)
ip-10-32-4-110:160898:160991 [0] NCCL INFO NET/IB: IbDev 0 Port 1 qpn 49384 set_ece={supported=1, vendor_id=0x15b3, options=0x30000002, comp_mask=0x0}
ip-10-32-4-110:160898:160991 [0] NCCL INFO NET/IB : QP 0x7fae1e36dc28 (qpn=0xC0E8) src UDP port set to 57663 (qIndex=2)
ip-10-32-4-110:160898:160991 [0] NCCL INFO NET/IB: IbDev 0 Port 1 qpn 49386 set_ece={supported=1, vendor_id=0x15b3, options=0x30000002, comp_mask=0x0}
ip-10-32-4-110:160898:160991 [0] NCCL INFO NET/IB : QP 0x7fadac21b898 (qpn=0xC0EA) src UDP port set to 57804 (qIndex=3)
ip-10-32-4-110:160898:160991 [0] NCCL INFO NET/IB: IbDev 0 Port 1 qpn 49373 set_ece={supported=1, vendor_id=0x15b3, options=0x30000002, comp_mask=0x0}
ip-10-32-4-110:160898:160991 [0] NCCL INFO NET/IB : QP 0x7fae1ff8fc38 (qpn=0xC0DD) src UDP port set to 60000 (qIndex=0)
ip-10-32-4-110:160898:160991 [0] NCCL INFO NET/IB: IbDev 0 Port 1 qpn 49375 set_ece={supported=1, vendor_id=0x15b3, options=0x30000002, comp_mask=0x0}
ip-10-32-4-110:160898:160991 [0] NCCL INFO NET/IB : QP 0x7fadac09d8c8 (qpn=0xC0DF) src UDP port set to 60051 (qIndex=1)
ip-10-32-4-110:160898:160991 [0] NCCL INFO NET/IB: IbDev 0 Port 1 qpn 49376 set_ece={supported=1, vendor_id=0x15b3, options=0x30000002, comp_mask=0x0}
ip-10-32-4-110:160898:160991 [0] NCCL INFO NET/IB : QP 0x7fadac132898 (qpn=0xC0E0) src UDP port set to 57663 (qIndex=2)
ip-10-32-4-110:160898:160991 [0] NCCL INFO NET/IB: IbDev 0 Port 1 qpn 49377 set_ece={supported=1, vendor_id=0x15b3, options=0x30000002, comp_mask=0x0}
ip-10-32-4-110:160898:160991 [0] NCCL INFO NET/IB : QP 0x7fae1ffc1868 (qpn=0xC0E1) src UDP port set to 57804 (qIndex=3)
ip-10-32-4-110:160898:160991 [0] NCCL INFO NET/IB: IbDev 0 Port 1 qpn 49389 set_ece={supported=1, vendor_id=0x15b3, options=0x30000002, comp_mask=0x0}
ip-10-32-4-110:160898:160991 [0] NCCL INFO NET/IB : QP 0x7fadac26f8c8 (qpn=0xC0ED) src UDP port set to 60000 (qIndex=0)
ip-10-32-4-110:160898:160991 [0] NCCL INFO NET/IB: IbDev 0 Port 1 qpn 49391 set_ece={supported=1, vendor_id=0x15b3, options=0x30000002, comp_mask=0x0}
ip-10-32-4-110:160898:160991 [0] NCCL INFO NET/IB : QP 0x7fae1e404858 (qpn=0xC0EF) src UDP port set to 60051 (qIndex=1)
ip-10-32-4-110:160898:160991 [0] NCCL INFO NET/IB: IbDev 0 Port 1 qpn 49392 set_ece={supported=1, vendor_id=0x15b3, options=0x30000002, comp_mask=0x0}
ip-10-32-4-110:160898:160991 [0] NCCL INFO NET/IB : QP 0x7fae1e404c28 (qpn=0xC0F0) src UDP port set to 57663 (qIndex=2)
ip-10-32-4-110:160898:160991 [0] NCCL INFO NET/IB: IbDev 0 Port 1 qpn 49393 set_ece={supported=1, vendor_id=0x15b3, options=0x30000002, comp_mask=0x0}
ip-10-32-4-110:160898:160991 [0] NCCL INFO NET/IB : QP 0x7fadac304898 (qpn=0xC0F1) src UDP port set to 57804 (qIndex=3)
ip-10-32-4-110:160898:161003 [0] NCCL INFO recvProxyProgress: issued GDR flush
     1048576         16384     float    none      -1    80.21   13.07   12.26      0    77.26   13.57   12.72    N/A
     2097152         32768     float    none      -1    106.5   19.69   18.46      0    106.6   19.68   18.45    N/A
     4194304         65536     float    none      -1    158.8   26.41   24.76      0    156.6   26.78   25.10    N/A
     8388608        131072     float    none      -1    270.7   30.99   29.05      0    274.2   30.60   28.68    N/A
    16777216        262144     float    none      -1    492.3   34.08   31.95      0    486.1   34.51   32.36    N/A
    33554432        524288     float    none      -1    956.8   35.07   32.88      0    965.5   34.75   32.58    N/A
    67108864       1048576     float    none      -1   1739.3   38.58   36.17      0   1737.5   38.62   36.21    N/A
   134217728       2097152     float    none      -1   3294.0   40.75   38.20      0   3299.6   40.68   38.13    N/A
   268435456       4194304     float    none      -1   6253.0   42.93   40.25      0   6251.6   42.94   40.26    N/A
   536870912       8388608     float    none      -1    12120   44.30   41.53      0    12136   44.24   41.47    N/A
  1073741824      16777216     float    none      -1    23827   45.06   42.25      0    23797   45.12   42.30    N/A
  2147483648      33554432     float    none      -1    47296   45.41   42.57      0    46941   45.75   42.89    N/A
  4294967296      67108864     float    none      -1    95149   45.14   42.32      0    94091   45.65   42.79    N/A
ip-10-32-4-110:160898:161038 [0] NCCL INFO comm 0x7fb8b2d25010 rank 0 nranks 16 cudaDev 0 busId 5000 - Destroy COMPLETE
# Errors with asterisks indicate errors that have exceeded the maximum threshold.
# Out of bounds values : 0 OK
# Avg bus bandwidth    : 33.3303 
#
# Collective test concluded: alltoall_perf

