# Collective test starting: alltoall_perf
# nThread 1 nGpus 1 minBytes 1048576 maxBytes 4294967296 step: 2(factor) warmup iters: 5 iters: 20 agg iters: 1 validation: 1 graph: 0
#
rccl-tests: Version HEAD:155f474
# Using devices
#  Rank  0 Group  0 Pid 160253 on ip-10-32-4-110 device  0 [0000:05:00] BW1000_H
#  Rank  1 Group  0 Pid 160252 on ip-10-32-4-110 device  1 [0000:2b:00] BW1000_H
#  Rank  2 Group  0 Pid 160247 on ip-10-32-4-110 device  2 [0000:14:00] BW1000_H
#  Rank  3 Group  0 Pid 160250 on ip-10-32-4-110 device  3 [0000:1c:00] BW1000_H
#  Rank  4 Group  0 Pid 160251 on ip-10-32-4-110 device  4 [0000:86:00] BW1000_H
#  Rank  5 Group  0 Pid 160249 on ip-10-32-4-110 device  5 [0000:b8:00] BW1000_H
#  Rank  6 Group  0 Pid 160248 on ip-10-32-4-110 device  6 [0000:bf:00] BW1000_H
#  Rank  7 Group  0 Pid 160246 on ip-10-32-4-110 device  7 [0000:9e:00] BW1000_H
#  Rank  8 Group  0 Pid  32507 on ip-10-32-4-76 device  0 [0000:05:00] BW1000_H
#  Rank  9 Group  0 Pid  32509 on ip-10-32-4-76 device  1 [0000:2b:00] BW1000_H
#  Rank 10 Group  0 Pid  32508 on ip-10-32-4-76 device  2 [0000:14:00] BW1000_H
#  Rank 11 Group  0 Pid  32505 on ip-10-32-4-76 device  3 [0000:1c:00] BW1000_H
#  Rank 12 Group  0 Pid  32506 on ip-10-32-4-76 device  4 [0000:86:00] BW1000_H
#  Rank 13 Group  0 Pid  32511 on ip-10-32-4-76 device  5 [0000:b8:00] BW1000_H
#  Rank 14 Group  0 Pid  32510 on ip-10-32-4-76 device  6 [0000:bf:00] BW1000_H
#  Rank 15 Group  0 Pid  32512 on ip-10-32-4-76 device  7 [0000:9e:00] BW1000_H
ip-10-32-4-110:160253:160253 [0] NCCL INFO Kernel version: 6.6.110-42.4.tl4.x86_64
ip-10-32-4-110:160253:160253 [0] NCCL INFO Hipruntime version: 70226365, firmware version: 62
ip-10-32-4-110:160253:160253 [0] NCCL INFO NCCL_SOCKET_IFNAME set to eth0
ip-10-32-4-110:160253:160253 [0] NCCL INFO ROCr version 1.11
ip-10-32-4-110:160253:160253 [0] NCCL INFO Dmabuf feature disabled without NCCL_DMABUF_ENABLE=1
ip-10-32-4-110:160253:160253 [0] NCCL INFO Kernel version: 6.6.110-42.4.tl4.x86_64
ip-10-32-4-110:160253:160253 [0] NCCL INFO RCCL version : 2.27.7-HEAD:3b793e3
HIP version  : 7.2.26365-0599bcb4
ROCm version : 7.2.3.0-0-18d184d
Hostname     : ip-10-32-4-110
Librccl path : /opt/dtk/lib/librccl.so.1
ip-10-32-4-110:160253:160287 [0] NCCL INFO NET/Plugin: Could not find: libnccl-net.so. 
ip-10-32-4-110:160253:160287 [0] NCCL INFO dlvsym failed on mlx5dv_get_data_direct_sysfs_path - /lib/x86_64-linux-gnu/libmlx5.so.1: undefined symbol: mlx5dv_get_data_direct_sysfs_path, version MLX5_1.25 version MLX5_1.25
ip-10-32-4-110:160253:160287 [0] NCCL INFO dlvsym failed on mlx5dv_reg_dmabuf_mr - /lib/x86_64-linux-gnu/libmlx5.so.1: undefined symbol: mlx5dv_reg_dmabuf_mr, version MLX5_1.25 version MLX5_1.25
ip-10-32-4-110:160253:160287 [0] NCCL INFO NET/IB: [0] mlx5_bond_0:uverbs0:1/RoCE provider=Mlx5 speed=200000 context=0x7fb058183180 pciPath=/sys/devices/pci0000:00/0000:00:01.1/0000:01:00.0/0000:02:01.0/0000:06:00.0 ar=0
ip-10-32-4-110:160253:160287 [0] NCCL INFO NET/IB : Made virtual device [0] name=mlx5_bond_0 speed=200000 ndevs=1
ip-10-32-4-110:160253:160287 [0] NCCL INFO NET/IB: [1] mlx5_bond_1:uverbs1:1/RoCE provider=Mlx5 speed=200000 context=0x7fb0581c4820 pciPath=/sys/devices/pci0000:0e/0000:0e:03.1/0000:17:00.0/0000:18:00.0/0000:19:00.0 ar=0
ip-10-32-4-110:160253:160287 [0] NCCL INFO NET/IB : Made virtual device [1] name=mlx5_bond_1 speed=200000 ndevs=1
ip-10-32-4-110:160253:160287 [0] NCCL INFO NET/IB: [2] mlx5_bond_2:uverbs2:1/RoCE provider=Mlx5 speed=200000 context=0x7fb058205ec0 pciPath=/sys/devices/pci0000:80/0000:80:01.1/0000:81:00.0/0000:82:00.0/0000:83:00.0 ar=0
ip-10-32-4-110:160253:160287 [0] NCCL INFO NET/IB : Made virtual device [2] name=mlx5_bond_2 speed=200000 ndevs=1
ip-10-32-4-110:160253:160287 [0] NCCL INFO NET/IB: [3] mlx5_bond_3:uverbs3:1/RoCE provider=Mlx5 speed=200000 context=0x7fb058247560 pciPath=/sys/devices/pci0000:b2/0000:b2:03.1/0000:bb:00.0/0000:bc:01.0/0000:c0:00.0 ar=0
ip-10-32-4-110:160253:160287 [0] NCCL INFO NET/IB : Made virtual device [3] name=mlx5_bond_3 speed=200000 ndevs=1
ip-10-32-4-110:160253:160287 [0] NCCL INFO NET/IB : Using [0]mlx5_bond_0:1/RoCE [1]mlx5_bond_1:1/RoCE [2]mlx5_bond_2:1/RoCE [3]mlx5_bond_3:1/RoCE [RO]; OOB eth0:10.32.4.110<0>
ip-10-32-4-110:160253:160287 [0] NCCL INFO Initialized NET plugin IB
ip-10-32-4-110:160253:160287 [0] NCCL INFO Found ib_register_peer_memory_client in /proc/kallsyms
ip-10-32-4-110:160253:160287 [0] NCCL INFO Assigned NET plugin IB to comm
ip-10-32-4-110:160253:160287 [0] NCCL INFO Using network IB
ip-10-32-4-110:160253:160287 [0] NCCL INFO rocm_smi_lib: version 1.0.0.0
ip-10-32-4-110:160253:160287 [0] NCCL INFO ncclCommInitRank_impl comm 0x7fbbb2ed5010 rank 0 nranks 16 cudaDev 0 nvmlDev 0 busId 5000 commId 0xa7444809ffa469f6 - Init START
ip-10-32-4-110:160253:160287 [0] NCCL INFO RAS client listening socket at ::1<28028>
ip-10-32-4-110:160253:160287 [0] NCCL INFO CC_MODE agent: ccMode=0
ip-10-32-4-110:160253:160287 [0] NCCL INFO rank:0 get match hsa dev domain:0x0 bdf:0x500 rank busId:0x20480
ip-10-32-4-110:160253:160287 [0] NCCL INFO XDP Switch is on with xdp_size : 14
ip-10-32-4-110:160253:160287 [0] NCCL INFO rank 0/16, cuMemSupport 0, isSuperNode 0, cuMemHandleType Default
ip-10-32-4-110:160253:160287 [0] NCCL INFO Skipping topology detection, NCCL_TOPO_FILE(not set), /tmp/topo.xml(exists), NICName(mlx5_bond_0).
ip-10-32-4-110:160253:160287 [0] NCCL INFO Loading topology file /tmp/topo.xml
ip-10-32-4-110:160253:160287 [0] NCCL INFO Loading unnamed topology
ip-10-32-4-110:160253:160287 [0] NCCL INFO rocm_smi_lib: version 1.0.0.0
ip-10-32-4-110:160253:160287 [0] NCCL INFO TOPO/NET : Importing network plugins to topology
ip-10-32-4-110:160253:160287 [0] NCCL INFO Retrieving state for IB
ip-10-32-4-110:160253:160287 [0] NCCL INFO Initialized state 0 for IB
ip-10-32-4-110:160253:160287 [0] NCCL INFO NET/IB : GPU Direct RDMA Enabled for HCA 0 'mlx5_bond_0'
ip-10-32-4-110:160253:160287 [0] NCCL INFO ncclTopoPopulateNics : Filled mlx5_bond_0 in topo with pciPath=/sys/devices/pci0000:00/0000:00:01.1/0000:01:00.0/0000:02:01.0/0000:06:00.0 keep=1 coll=(null)
ip-10-32-4-110:160253:160287 [0] NCCL INFO NET/IB : GPU Direct RDMA Enabled for HCA 1 'mlx5_bond_1'
ip-10-32-4-110:160253:160287 [0] NCCL INFO ncclTopoPopulateNics : Filled mlx5_bond_1 in topo with pciPath=/sys/devices/pci0000:0e/0000:0e:03.1/0000:17:00.0/0000:18:00.0/0000:19:00.0 keep=1 coll=(null)
ip-10-32-4-110:160253:160287 [0] NCCL INFO NET/IB : GPU Direct RDMA Enabled for HCA 2 'mlx5_bond_2'
ip-10-32-4-110:160253:160287 [0] NCCL INFO ncclTopoPopulateNics : Filled mlx5_bond_2 in topo with pciPath=/sys/devices/pci0000:80/0000:80:01.1/0000:81:00.0/0000:82:00.0/0000:83:00.0 keep=1 coll=(null)
ip-10-32-4-110:160253:160287 [0] NCCL INFO NET/IB : GPU Direct RDMA Enabled for HCA 3 'mlx5_bond_3'
ip-10-32-4-110:160253:160287 [0] NCCL INFO ncclTopoPopulateNics : Filled mlx5_bond_3 in topo with pciPath=/sys/devices/pci0000:b2/0000:b2:03.1/0000:bb:00.0/0000:bc:01.0/0000:c0:00.0 keep=1 coll=(null)
ip-10-32-4-110:160253:160287 [0] NCCL INFO NCCL_NET_GDR_LEVEL set by environment to PXB
ip-10-32-4-110:160253:160287 [0] NCCL INFO GPU Direct RDMA Enabled for GPU 0 / HCA 0 (distance 4 <= 5), read 0 mode Default
ip-10-32-4-110:160253:160287 [0] NCCL INFO GPU Direct RDMA Enabled for GPU 1 / HCA 0 (distance 4 <= 5), read 0 mode Default
ip-10-32-4-110:160253:160287 [0] NCCL INFO GPU Direct RDMA Enabled for GPU 2 / HCA 1 (distance 4 <= 5), read 0 mode Default
ip-10-32-4-110:160253:160287 [0] NCCL INFO GPU Direct RDMA Enabled for GPU 3 / HCA 1 (distance 4 <= 5), read 0 mode Default
ip-10-32-4-110:160253:160287 [0] NCCL INFO GPU Direct RDMA Enabled for GPU 4 / HCA 2 (distance 4 <= 5), read 0 mode Default
ip-10-32-4-110:160253:160287 [0] NCCL INFO GPU Direct RDMA Enabled for GPU 5 / HCA 2 (distance 4 <= 5), read 0 mode Default
ip-10-32-4-110:160253:160287 [0] NCCL INFO GPU Direct RDMA Enabled for GPU 6 / HCA 3 (distance 4 <= 5), read 0 mode Default
ip-10-32-4-110:160253:160287 [0] NCCL INFO GPU Direct RDMA Enabled for GPU 7 / HCA 3 (distance 4 <= 5), read 0 mode Default
ip-10-32-4-110:160253:160287 [0] NCCL INFO GPU Direct RDMA Enabled for GPU 0 / HCA 0 (distance 4 <= 5), read 1 mode Default
ip-10-32-4-110:160253:160287 [0] NCCL INFO GPU Direct RDMA Enabled for GPU 1 / HCA 0 (distance 4 <= 5), read 1 mode Default
ip-10-32-4-110:160253:160287 [0] NCCL INFO GPU Direct RDMA Enabled for GPU 2 / HCA 1 (distance 4 <= 5), read 1 mode Default
ip-10-32-4-110:160253:160287 [0] NCCL INFO GPU Direct RDMA Enabled for GPU 3 / HCA 1 (distance 4 <= 5), read 1 mode Default
ip-10-32-4-110:160253:160287 [0] NCCL INFO GPU Direct RDMA Enabled for GPU 4 / HCA 2 (distance 4 <= 5), read 1 mode Default
ip-10-32-4-110:160253:160287 [0] NCCL INFO GPU Direct RDMA Enabled for GPU 5 / HCA 2 (distance 4 <= 5), read 1 mode Default
ip-10-32-4-110:160253:160287 [0] NCCL INFO GPU Direct RDMA Enabled for GPU 6 / HCA 3 (distance 4 <= 5), read 1 mode Default
ip-10-32-4-110:160253:160287 [0] NCCL INFO GPU Direct RDMA Enabled for GPU 7 / HCA 3 (distance 4 <= 5), read 1 mode Default
ip-10-32-4-110:160253:160287 [0] NCCL INFO GPU Direct RDMA Enabled for GPU 0 / HCA 0 (distance 4 <= 5), read 0 mode Default
ip-10-32-4-110:160253:160287 [0] NCCL INFO GPU Direct RDMA Enabled for GPU 1 / HCA 0 (distance 4 <= 5), read 0 mode Default
ip-10-32-4-110:160253:160287 [0] NCCL INFO GPU Direct RDMA Enabled for GPU 2 / HCA 1 (distance 4 <= 5), read 0 mode Default
ip-10-32-4-110:160253:160287 [0] NCCL INFO GPU Direct RDMA Enabled for GPU 3 / HCA 1 (distance 4 <= 5), read 0 mode Default
ip-10-32-4-110:160253:160287 [0] NCCL INFO GPU Direct RDMA Enabled for GPU 4 / HCA 2 (distance 4 <= 5), read 0 mode Default
ip-10-32-4-110:160253:160287 [0] NCCL INFO GPU Direct RDMA Enabled for GPU 5 / HCA 2 (distance 4 <= 5), read 0 mode Default
ip-10-32-4-110:160253:160287 [0] NCCL INFO GPU Direct RDMA Enabled for GPU 6 / HCA 3 (distance 4 <= 5), read 0 mode Default
ip-10-32-4-110:160253:160287 [0] NCCL INFO GPU Direct RDMA Enabled for GPU 7 / HCA 3 (distance 4 <= 5), read 0 mode Default
ip-10-32-4-110:160253:160287 [0] NCCL INFO === System : maxBw 25.0 totalBw 224.0 ===
ip-10-32-4-110:160253:160287 [0] NCCL INFO CPU/0-0 (1/2/6)
ip-10-32-4-110:160253:160287 [0] NCCL INFO + PCI[48.0] - PCI/0-4000 (1d9423b61d9423b6)
ip-10-32-4-110:160253:160287 [0] NCCL INFO               + PCI[48.0] - GPU/0-5000 (0)
ip-10-32-4-110:160253:160287 [0] NCCL INFO                             + XGMI[224.0] - NVS/0-0
ip-10-32-4-110:160253:160287 [0] NCCL INFO               + PCI[48.0] - NIC/0-6000
ip-10-32-4-110:160253:160287 [0] NCCL INFO                             + NET[25.0] - NET/0-0 (0/684914000350bcf0/1/25.000000)
ip-10-32-4-110:160253:160287 [0] NCCL INFO               + PCI[48.0] - GPU/0-2b000 (1)
ip-10-32-4-110:160253:160287 [0] NCCL INFO                             + XGMI[224.0] - NVS/0-0
ip-10-32-4-110:160253:160287 [0] NCCL INFO + PCI[48.0] - PCI/0-13000 (1d9423b61d9423b6)
ip-10-32-4-110:160253:160287 [0] NCCL INFO               + PCI[48.0] - NIC/0-19000
ip-10-32-4-110:160253:160287 [0] NCCL INFO                             + NET[25.0] - NET/0-1 (0/fa9305000350bcf0/1/25.000000)
ip-10-32-4-110:160253:160287 [0] NCCL INFO               + PCI[48.0] - GPU/0-14000 (2)
ip-10-32-4-110:160253:160287 [0] NCCL INFO                             + XGMI[224.0] - NVS/0-0
ip-10-32-4-110:160253:160287 [0] NCCL INFO               + PCI[48.0] - GPU/0-1c000 (3)
ip-10-32-4-110:160253:160287 [0] NCCL INFO                             + XGMI[224.0] - NVS/0-0
ip-10-32-4-110:160253:160287 [0] NCCL INFO + SYS[16.0] - CPU/0-1
ip-10-32-4-110:160253:160287 [0] NCCL INFO CPU/0-1 (1/2/6)
ip-10-32-4-110:160253:160287 [0] NCCL INFO + PCI[48.0] - PCI/0-85000 (1d9423b61d9423b6)
ip-10-32-4-110:160253:160287 [0] NCCL INFO               + PCI[48.0] - NIC/0-83000
ip-10-32-4-110:160253:160287 [0] NCCL INFO                             + NET[25.0] - NET/0-2 (0/eaa005000350bcf0/1/25.000000)
ip-10-32-4-110:160253:160287 [0] NCCL INFO               + PCI[48.0] - GPU/0-86000 (4)
ip-10-32-4-110:160253:160287 [0] NCCL INFO                             + XGMI[224.0] - NVS/0-0
ip-10-32-4-110:160253:160287 [0] NCCL INFO               + PCI[48.0] - GPU/0-b8000 (5)
ip-10-32-4-110:160253:160287 [0] NCCL INFO                             + XGMI[224.0] - NVS/0-0
ip-10-32-4-110:160253:160287 [0] NCCL INFO + PCI[48.0] - PCI/0-be000 (1d9423b61d9423b6)
ip-10-32-4-110:160253:160287 [0] NCCL INFO               + PCI[48.0] - NIC/0-c0000
ip-10-32-4-110:160253:160287 [0] NCCL INFO                             + NET[25.0] - NET/0-3 (0/ba8005000350bcf0/1/25.000000)
ip-10-32-4-110:160253:160287 [0] NCCL INFO               + PCI[48.0] - GPU/0-bf000 (6)
ip-10-32-4-110:160253:160287 [0] NCCL INFO                             + XGMI[224.0] - NVS/0-0
ip-10-32-4-110:160253:160287 [0] NCCL INFO               + PCI[48.0] - GPU/0-9e000 (7)
ip-10-32-4-110:160253:160287 [0] NCCL INFO                             + XGMI[224.0] - NVS/0-0
ip-10-32-4-110:160253:160287 [0] NCCL INFO + SYS[16.0] - CPU/0-0
ip-10-32-4-110:160253:160287 [0] NCCL INFO ==========================================
ip-10-32-4-110:160253:160287 [0] NCCL INFO GPU/0-5000 :GPU/0-5000 (0/5000.0/LOC) GPU/0-2b000 (2/224.0/XGMI) GPU/0-14000 (2/224.0/XGMI) GPU/0-1c000 (2/224.0/XGMI) GPU/0-86000 (2/224.0/XGMI) GPU/0-b8000 (2/224.0/XGMI) GPU/0-bf000 (2/224.0/XGMI) GPU/0-9e000 (2/224.0/XGMI) NVS/0-0 (1/224.0/XGMI) CPU/0-0 (2/48.0/PHB) CPU/0-1 (3/16.0/SYS) NET/0-0 (3/25.0/PIX) NET/0-1 (5/25.0/PHB) NET/0-2 (6/16.0/SYS) NET/0-3 (6/16.0/SYS) 
ip-10-32-4-110:160253:160287 [0] NCCL INFO GPU/0-2b000 :GPU/0-5000 (2/224.0/XGMI) GPU/0-2b000 (0/5000.0/LOC) GPU/0-14000 (2/224.0/XGMI) GPU/0-1c000 (2/224.0/XGMI) GPU/0-86000 (2/224.0/XGMI) GPU/0-b8000 (2/224.0/XGMI) GPU/0-bf000 (2/224.0/XGMI) GPU/0-9e000 (2/224.0/XGMI) NVS/0-0 (1/224.0/XGMI) CPU/0-0 (2/48.0/PHB) CPU/0-1 (3/16.0/SYS) NET/0-0 (3/25.0/PIX) NET/0-1 (5/25.0/PHB) NET/0-2 (6/16.0/SYS) NET/0-3 (6/16.0/SYS) 
ip-10-32-4-110:160253:160287 [0] NCCL INFO GPU/0-14000 :GPU/0-5000 (2/224.0/XGMI) GPU/0-2b000 (2/224.0/XGMI) GPU/0-14000 (0/5000.0/LOC) GPU/0-1c000 (2/224.0/XGMI) GPU/0-86000 (2/224.0/XGMI) GPU/0-b8000 (2/224.0/XGMI) GPU/0-bf000 (2/224.0/XGMI) GPU/0-9e000 (2/224.0/XGMI) NVS/0-0 (1/224.0/XGMI) CPU/0-0 (2/48.0/PHB) CPU/0-1 (3/16.0/SYS) NET/0-0 (5/25.0/PHB) NET/0-1 (3/25.0/PIX) NET/0-2 (6/16.0/SYS) NET/0-3 (6/16.0/SYS) 
ip-10-32-4-110:160253:160287 [0] NCCL INFO GPU/0-1c000 :GPU/0-5000 (2/224.0/XGMI) GPU/0-2b000 (2/224.0/XGMI) GPU/0-14000 (2/224.0/XGMI) GPU/0-1c000 (0/5000.0/LOC) GPU/0-86000 (2/224.0/XGMI) GPU/0-b8000 (2/224.0/XGMI) GPU/0-bf000 (2/224.0/XGMI) GPU/0-9e000 (2/224.0/XGMI) NVS/0-0 (1/224.0/XGMI) CPU/0-0 (2/48.0/PHB) CPU/0-1 (3/16.0/SYS) NET/0-0 (5/25.0/PHB) NET/0-1 (3/25.0/PIX) NET/0-2 (6/16.0/SYS) NET/0-3 (6/16.0/SYS) 
ip-10-32-4-110:160253:160287 [0] NCCL INFO GPU/0-86000 :GPU/0-5000 (2/224.0/XGMI) GPU/0-2b000 (2/224.0/XGMI) GPU/0-14000 (2/224.0/XGMI) GPU/0-1c000 (2/224.0/XGMI) GPU/0-86000 (0/5000.0/LOC) GPU/0-b8000 (2/224.0/XGMI) GPU/0-bf000 (2/224.0/XGMI) GPU/0-9e000 (2/224.0/XGMI) NVS/0-0 (1/224.0/XGMI) CPU/0-0 (3/16.0/SYS) CPU/0-1 (2/48.0/PHB) NET/0-0 (6/16.0/SYS) NET/0-1 (6/16.0/SYS) NET/0-2 (3/25.0/PIX) NET/0-3 (5/25.0/PHB) 
ip-10-32-4-110:160253:160287 [0] NCCL INFO GPU/0-b8000 :GPU/0-5000 (2/224.0/XGMI) GPU/0-2b000 (2/224.0/XGMI) GPU/0-14000 (2/224.0/XGMI) GPU/0-1c000 (2/224.0/XGMI) GPU/0-86000 (2/224.0/XGMI) GPU/0-b8000 (0/5000.0/LOC) GPU/0-bf000 (2/224.0/XGMI) GPU/0-9e000 (2/224.0/XGMI) NVS/0-0 (1/224.0/XGMI) CPU/0-0 (3/16.0/SYS) CPU/0-1 (2/48.0/PHB) NET/0-0 (6/16.0/SYS) NET/0-1 (6/16.0/SYS) NET/0-2 (3/25.0/PIX) NET/0-3 (5/25.0/PHB) 
ip-10-32-4-110:160253:160287 [0] NCCL INFO GPU/0-bf000 :GPU/0-5000 (2/224.0/XGMI) GPU/0-2b000 (2/224.0/XGMI) GPU/0-14000 (2/224.0/XGMI) GPU/0-1c000 (2/224.0/XGMI) GPU/0-86000 (2/224.0/XGMI) GPU/0-b8000 (2/224.0/XGMI) GPU/0-bf000 (0/5000.0/LOC) GPU/0-9e000 (2/224.0/XGMI) NVS/0-0 (1/224.0/XGMI) CPU/0-0 (3/16.0/SYS) CPU/0-1 (2/48.0/PHB) NET/0-0 (6/16.0/SYS) NET/0-1 (6/16.0/SYS) NET/0-2 (5/25.0/PHB) NET/0-3 (3/25.0/PIX) 
ip-10-32-4-110:160253:160287 [0] NCCL INFO GPU/0-9e000 :GPU/0-5000 (2/224.0/XGMI) GPU/0-2b000 (2/224.0/XGMI) GPU/0-14000 (2/224.0/XGMI) GPU/0-1c000 (2/224.0/XGMI) GPU/0-86000 (2/224.0/XGMI) GPU/0-b8000 (2/224.0/XGMI) GPU/0-bf000 (2/224.0/XGMI) GPU/0-9e000 (0/5000.0/LOC) NVS/0-0 (1/224.0/XGMI) CPU/0-0 (3/16.0/SYS) CPU/0-1 (2/48.0/PHB) NET/0-0 (6/16.0/SYS) NET/0-1 (6/16.0/SYS) NET/0-2 (5/25.0/PHB) NET/0-3 (3/25.0/PIX) 
ip-10-32-4-110:160253:160287 [0] NCCL INFO NET/0-0 :GPU/0-5000 (3/25.0/PIX) GPU/0-2b000 (3/25.0/PIX) GPU/0-14000 (5/25.0/PHB) GPU/0-1c000 (5/25.0/PHB) GPU/0-86000 (6/16.0/SYS) GPU/0-b8000 (6/16.0/SYS) GPU/0-bf000 (6/16.0/SYS) GPU/0-9e000 (6/16.0/SYS) CPU/0-0 (3/25.0/PHB) CPU/0-1 (4/16.0/SYS) NET/0-0 (0/5000.0/LOC) NET/0-1 (6/25.0/PHB) NET/0-2 (7/16.0/SYS) NET/0-3 (7/16.0/SYS) 
ip-10-32-4-110:160253:160287 [0] NCCL INFO NET/0-1 :GPU/0-5000 (5/25.0/PHB) GPU/0-2b000 (5/25.0/PHB) GPU/0-14000 (3/25.0/PIX) GPU/0-1c000 (3/25.0/PIX) GPU/0-86000 (6/16.0/SYS) GPU/0-b8000 (6/16.0/SYS) GPU/0-bf000 (6/16.0/SYS) GPU/0-9e000 (6/16.0/SYS) CPU/0-0 (3/25.0/PHB) CPU/0-1 (4/16.0/SYS) NET/0-0 (6/25.0/PHB) NET/0-1 (0/5000.0/LOC) NET/0-2 (7/16.0/SYS) NET/0-3 (7/16.0/SYS) 
ip-10-32-4-110:160253:160287 [0] NCCL INFO NET/0-2 :GPU/0-5000 (6/16.0/SYS) GPU/0-2b000 (6/16.0/SYS) GPU/0-14000 (6/16.0/SYS) GPU/0-1c000 (6/16.0/SYS) GPU/0-86000 (3/25.0/PIX) GPU/0-b8000 (3/25.0/PIX) GPU/0-bf000 (5/25.0/PHB) GPU/0-9e000 (5/25.0/PHB) CPU/0-0 (4/16.0/SYS) CPU/0-1 (3/25.0/PHB) NET/0-0 (7/16.0/SYS) NET/0-1 (7/16.0/SYS) NET/0-2 (0/5000.0/LOC) NET/0-3 (6/25.0/PHB) 
ip-10-32-4-110:160253:160287 [0] NCCL INFO NET/0-3 :GPU/0-5000 (6/16.0/SYS) GPU/0-2b000 (6/16.0/SYS) GPU/0-14000 (6/16.0/SYS) GPU/0-1c000 (6/16.0/SYS) GPU/0-86000 (5/25.0/PHB) GPU/0-b8000 (5/25.0/PHB) GPU/0-bf000 (3/25.0/PIX) GPU/0-9e000 (3/25.0/PIX) CPU/0-0 (4/16.0/SYS) CPU/0-1 (3/25.0/PHB) NET/0-0 (7/16.0/SYS) NET/0-1 (7/16.0/SYS) NET/0-2 (6/25.0/PHB) NET/0-3 (0/5000.0/LOC) 
ip-10-32-4-110:160253:160287 [0] NCCL INFO Setting affinity for GPU 0 to 0-95,192-287
ip-10-32-4-110:160253:160287 [0] NCCL INFO Rank:0 Get link topo from rocmDev:0 linkNum:8 link:0 linkState:1 remote type:1 bdf:0x4900 topoType:2
ip-10-32-4-110:160253:160287 [0] NCCL INFO Transport init rank 0 useXdp 1 linkTopoType 2
ip-10-32-4-110:160253:160287 [0] NCCL INFO Pattern 4, crossNic 0, nChannels 4, bw 24.000000/24.000000, type XGMI/PIX, sameChannels 0
ip-10-32-4-110:160253:160287 [0] NCCL INFO  0 : NET/0-0 GPU/0-5000 GPU/0-9e000 GPU/0-bf000 GPU/0-b8000 GPU/0-86000 GPU/0-1c000 GPU/0-14000 GPU/0-2b000 NET/0-0
ip-10-32-4-110:160253:160287 [0] NCCL INFO  1 : NET/0-1 GPU/0-14000 GPU/0-2b000 GPU/0-5000 GPU/0-9e000 GPU/0-bf000 GPU/0-b8000 GPU/0-86000 GPU/0-1c000 NET/0-1
ip-10-32-4-110:160253:160287 [0] NCCL INFO  2 : NET/0-2 GPU/0-86000 GPU/0-1c000 GPU/0-14000 GPU/0-2b000 GPU/0-5000 GPU/0-9e000 GPU/0-bf000 GPU/0-b8000 NET/0-2
ip-10-32-4-110:160253:160287 [0] NCCL INFO  3 : NET/0-3 GPU/0-bf000 GPU/0-b8000 GPU/0-86000 GPU/0-1c000 GPU/0-14000 GPU/0-2b000 GPU/0-5000 GPU/0-9e000 NET/0-3
ip-10-32-4-110:160253:160287 [0] NCCL INFO Pattern 1, crossNic 0, nChannels 4, bw 42.000000/24.000000, type XGMI/PIX, sameChannels 0
ip-10-32-4-110:160253:160287 [0] NCCL INFO  0 : NET/0-0 GPU/0-5000 GPU/0-2b000 GPU/0-14000 GPU/0-1c000 GPU/0-86000 GPU/0-b8000 GPU/0-bf000 GPU/0-9e000 NET/0-0
ip-10-32-4-110:160253:160287 [0] NCCL INFO  1 : NET/0-1 GPU/0-14000 GPU/0-1c000 GPU/0-86000 GPU/0-b8000 GPU/0-bf000 GPU/0-9e000 GPU/0-5000 GPU/0-2b000 NET/0-1
ip-10-32-4-110:160253:160287 [0] NCCL INFO  2 : NET/0-2 GPU/0-86000 GPU/0-b8000 GPU/0-bf000 GPU/0-9e000 GPU/0-5000 GPU/0-2b000 GPU/0-14000 GPU/0-1c000 NET/0-2
ip-10-32-4-110:160253:160287 [0] NCCL INFO  3 : NET/0-3 GPU/0-bf000 GPU/0-9e000 GPU/0-5000 GPU/0-2b000 GPU/0-14000 GPU/0-1c000 GPU/0-86000 GPU/0-b8000 NET/0-3
ip-10-32-4-110:160253:160287 [0] NCCL INFO comm 0x7fbbb2ed5010 rank 0 nRanks 16 nNodes 2 localRanks 8 localRank 0 MNNVL 0
ip-10-32-4-110:160253:160287 [0] NCCL INFO [RINGS]      00     01     02     03
ip-10-32-4-110:160253:160287 [0] NCCL INFO [RINGS]  00->01 02->03 04->05 06->07
ip-10-32-4-110:160253:160287 [0] NCCL INFO [RINGS]  00->01 02->03 04->05 06->07
ip-10-32-4-110:160253:160287 [0] NCCL INFO Tree 0 : -1 -> 0 -> 1/8/-1
ip-10-32-4-110:160253:160287 [0] NCCL INFO Tree 4 : 8 -> 0 -> 1/-1/-1
ip-10-32-4-110:160253:160287 [0] NCCL INFO Channel 00/32 :  0  7  6  5  4  3  2  1  8 15 14 13 12 11 10  9
ip-10-32-4-110:160253:160287 [0] NCCL INFO Channel 01/32 :  0  7  6  5  4  3 10  9  8 15 14 13 12 11  2  1
ip-10-32-4-110:160253:160287 [0] NCCL INFO Channel 02/32 :  0  7  6  5 12 11 10  9  8 15 14 13  4  3  2  1
ip-10-32-4-110:160253:160287 [0] NCCL INFO Channel 03/32 :  0  7 14 13 12 11 10  9  8 15  6  5  4  3  2  1
ip-10-32-4-110:160253:160287 [0] NCCL INFO Channel 04/32 :  0  7  6  5  4  3  2  1  8 15 14 13 12 11 10  9
ip-10-32-4-110:160253:160287 [0] NCCL INFO Channel 05/32 :  0  7  6  5  4  3 10  9  8 15 14 13 12 11  2  1
ip-10-32-4-110:160253:160287 [0] NCCL INFO Channel 06/32 :  0  7  6  5 12 11 10  9  8 15 14 13  4  3  2  1
ip-10-32-4-110:160253:160287 [0] NCCL INFO Channel 07/32 :  0  7 14 13 12 11 10  9  8 15  6  5  4  3  2  1
ip-10-32-4-110:160253:160287 [0] NCCL INFO Channel 08/32 :  0  7  6  5  4  3  2  1  8 15 14 13 12 11 10  9
ip-10-32-4-110:160253:160287 [0] NCCL INFO Channel 09/32 :  0  7  6  5  4  3 10  9  8 15 14 13 12 11  2  1
ip-10-32-4-110:160253:160287 [0] NCCL INFO Channel 10/32 :  0  7  6  5 12 11 10  9  8 15 14 13  4  3  2  1
ip-10-32-4-110:160253:160287 [0] NCCL INFO Channel 11/32 :  0  7 14 13 12 11 10  9  8 15  6  5  4  3  2  1
ip-10-32-4-110:160253:160287 [0] NCCL INFO Channel 12/32 :  0  7  6  5  4  3  2  1  8 15 14 13 12 11 10  9
ip-10-32-4-110:160253:160287 [0] NCCL INFO Channel 13/32 :  0  7  6  5  4  3 10  9  8 15 14 13 12 11  2  1
ip-10-32-4-110:160253:160287 [0] NCCL INFO Channel 14/32 :  0  7  6  5 12 11 10  9  8 15 14 13  4  3  2  1
ip-10-32-4-110:160253:160287 [0] NCCL INFO Channel 15/32 :  0  7 14 13 12 11 10  9  8 15  6  5  4  3  2  1
ip-10-32-4-110:160253:160287 [0] NCCL INFO Channel 16/32 :  0  7  6  5  4  3  2  1  8 15 14 13 12 11 10  9
ip-10-32-4-110:160253:160287 [0] NCCL INFO Channel 17/32 :  0  7  6  5  4  3 10  9  8 15 14 13 12 11  2  1
ip-10-32-4-110:160253:160287 [0] NCCL INFO Channel 18/32 :  0  7  6  5 12 11 10  9  8 15 14 13  4  3  2  1
ip-10-32-4-110:160253:160287 [0] NCCL INFO Channel 19/32 :  0  7 14 13 12 11 10  9  8 15  6  5  4  3  2  1
ip-10-32-4-110:160253:160287 [0] NCCL INFO Channel 20/32 :  0  7  6  5  4  3  2  1  8 15 14 13 12 11 10  9
ip-10-32-4-110:160253:160287 [0] NCCL INFO Channel 21/32 :  0  7  6  5  4  3 10  9  8 15 14 13 12 11  2  1
ip-10-32-4-110:160253:160287 [0] NCCL INFO Channel 22/32 :  0  7  6  5 12 11 10  9  8 15 14 13  4  3  2  1
ip-10-32-4-110:160253:160287 [0] NCCL INFO Channel 23/32 :  0  7 14 13 12 11 10  9  8 15  6  5  4  3  2  1
ip-10-32-4-110:160253:160287 [0] NCCL INFO Channel 24/32 :  0  7  6  5  4  3  2  1  8 15 14 13 12 11 10  9
ip-10-32-4-110:160253:160287 [0] NCCL INFO Channel 25/32 :  0  7  6  5  4  3 10  9  8 15 14 13 12 11  2  1
ip-10-32-4-110:160253:160287 [0] NCCL INFO Channel 26/32 :  0  7  6  5 12 11 10  9  8 15 14 13  4  3  2  1
ip-10-32-4-110:160253:160287 [0] NCCL INFO Channel 27/32 :  0  7 14 13 12 11 10  9  8 15  6  5  4  3  2  1
ip-10-32-4-110:160253:160287 [0] NCCL INFO Channel 28/32 :  0  7  6  5  4  3  2  1  8 15 14 13 12 11 10  9
ip-10-32-4-110:160253:160287 [0] NCCL INFO Channel 29/32 :  0  7  6  5  4  3 10  9  8 15 14 13 12 11  2  1
ip-10-32-4-110:160253:160287 [0] NCCL INFO Channel 30/32 :  0  7  6  5 12 11 10  9  8 15 14 13  4  3  2  1
ip-10-32-4-110:160253:160287 [0] NCCL INFO Channel 31/32 :  0  7 14 13 12 11 10  9  8 15  6  5  4  3  2  1
ip-10-32-4-110:160253:160287 [0] NCCL INFO ncclCommInitPlaneInfo begin
ip-10-32-4-110:160253:160287 [0] NCCL INFO ncclCommInitPlaneInfo end
ip-10-32-4-110:160253:160287 [0] NCCL INFO Ring 0 : 9 -> 0 -> 7 comm 0x7fbbb2ed5010 nRanks 16 busId 5000
ip-10-32-4-110:160253:160287 [0] NCCL INFO Ring 1 : 1 -> 0 -> 7 comm 0x7fbbb2ed5010 nRanks 16 busId 5000
ip-10-32-4-110:160253:160287 [0] NCCL INFO Ring 2 : 1 -> 0 -> 7 comm 0x7fbbb2ed5010 nRanks 16 busId 5000
ip-10-32-4-110:160253:160287 [0] NCCL INFO Ring 3 : 1 -> 0 -> 7 comm 0x7fbbb2ed5010 nRanks 16 busId 5000
ip-10-32-4-110:160253:160287 [0] NCCL INFO Ring 4 : 9 -> 0 -> 7 comm 0x7fbbb2ed5010 nRanks 16 busId 5000
ip-10-32-4-110:160253:160287 [0] NCCL INFO Ring 5 : 1 -> 0 -> 7 comm 0x7fbbb2ed5010 nRanks 16 busId 5000
ip-10-32-4-110:160253:160287 [0] NCCL INFO Ring 6 : 1 -> 0 -> 7 comm 0x7fbbb2ed5010 nRanks 16 busId 5000
ip-10-32-4-110:160253:160287 [0] NCCL INFO Ring 7 : 1 -> 0 -> 7 comm 0x7fbbb2ed5010 nRanks 16 busId 5000
ip-10-32-4-110:160253:160287 [0] NCCL INFO Ring 8 : 9 -> 0 -> 7 comm 0x7fbbb2ed5010 nRanks 16 busId 5000
ip-10-32-4-110:160253:160287 [0] NCCL INFO Ring 9 : 1 -> 0 -> 7 comm 0x7fbbb2ed5010 nRanks 16 busId 5000
ip-10-32-4-110:160253:160287 [0] NCCL INFO Ring 10 : 1 -> 0 -> 7 comm 0x7fbbb2ed5010 nRanks 16 busId 5000
ip-10-32-4-110:160253:160287 [0] NCCL INFO Ring 11 : 1 -> 0 -> 7 comm 0x7fbbb2ed5010 nRanks 16 busId 5000
ip-10-32-4-110:160253:160287 [0] NCCL INFO Ring 12 : 9 -> 0 -> 7 comm 0x7fbbb2ed5010 nRanks 16 busId 5000
ip-10-32-4-110:160253:160287 [0] NCCL INFO Ring 13 : 1 -> 0 -> 7 comm 0x7fbbb2ed5010 nRanks 16 busId 5000
ip-10-32-4-110:160253:160287 [0] NCCL INFO Ring 14 : 1 -> 0 -> 7 comm 0x7fbbb2ed5010 nRanks 16 busId 5000
ip-10-32-4-110:160253:160287 [0] NCCL INFO Ring 15 : 1 -> 0 -> 7 comm 0x7fbbb2ed5010 nRanks 16 busId 5000
ip-10-32-4-110:160253:160287 [0] NCCL INFO Ring 16 : 9 -> 0 -> 7 comm 0x7fbbb2ed5010 nRanks 16 busId 5000
ip-10-32-4-110:160253:160287 [0] NCCL INFO Ring 17 : 1 -> 0 -> 7 comm 0x7fbbb2ed5010 nRanks 16 busId 5000
ip-10-32-4-110:160253:160287 [0] NCCL INFO Ring 18 : 1 -> 0 -> 7 comm 0x7fbbb2ed5010 nRanks 16 busId 5000
ip-10-32-4-110:160253:160287 [0] NCCL INFO Ring 19 : 1 -> 0 -> 7 comm 0x7fbbb2ed5010 nRanks 16 busId 5000
ip-10-32-4-110:160253:160287 [0] NCCL INFO Ring 20 : 9 -> 0 -> 7 comm 0x7fbbb2ed5010 nRanks 16 busId 5000
ip-10-32-4-110:160253:160287 [0] NCCL INFO Ring 21 : 1 -> 0 -> 7 comm 0x7fbbb2ed5010 nRanks 16 busId 5000
ip-10-32-4-110:160253:160287 [0] NCCL INFO Ring 22 : 1 -> 0 -> 7 comm 0x7fbbb2ed5010 nRanks 16 busId 5000
ip-10-32-4-110:160253:160287 [0] NCCL INFO Ring 23 : 1 -> 0 -> 7 comm 0x7fbbb2ed5010 nRanks 16 busId 5000
ip-10-32-4-110:160253:160287 [0] NCCL INFO Ring 24 : 9 -> 0 -> 7 comm 0x7fbbb2ed5010 nRanks 16 busId 5000
ip-10-32-4-110:160253:160287 [0] NCCL INFO Ring 25 : 1 -> 0 -> 7 comm 0x7fbbb2ed5010 nRanks 16 busId 5000
ip-10-32-4-110:160253:160287 [0] NCCL INFO Ring 26 : 1 -> 0 -> 7 comm 0x7fbbb2ed5010 nRanks 16 busId 5000
ip-10-32-4-110:160253:160287 [0] NCCL INFO Ring 27 : 1 -> 0 -> 7 comm 0x7fbbb2ed5010 nRanks 16 busId 5000
ip-10-32-4-110:160253:160287 [0] NCCL INFO Ring 28 : 9 -> 0 -> 7 comm 0x7fbbb2ed5010 nRanks 16 busId 5000
ip-10-32-4-110:160253:160287 [0] NCCL INFO Ring 29 : 1 -> 0 -> 7 comm 0x7fbbb2ed5010 nRanks 16 busId 5000
ip-10-32-4-110:160253:160287 [0] NCCL INFO Ring 30 : 1 -> 0 -> 7 comm 0x7fbbb2ed5010 nRanks 16 busId 5000
ip-10-32-4-110:160253:160287 [0] NCCL INFO Ring 31 : 1 -> 0 -> 7 comm 0x7fbbb2ed5010 nRanks 16 busId 5000
ip-10-32-4-110:160253:160287 [0] NCCL INFO Trees [0] 1/8/-1->0->-1 [1] 1/-1/-1->0->7 [2] 1/-1/-1->0->7 [3] 1/-1/-1->0->7 [4] 1/-1/-1->0->8 [5] 1/-1/-1->0->7 [6] 1/-1/-1->0->7 [7] 1/-1/-1->0->7 [8] 1/8/-1->0->-1 [9] 1/-1/-1->0->7 [10] 1/-1/-1->0->7 [11] 1/-1/-1->0->7 [12] 1/-1/-1->0->8 [13] 1/-1/-1->0->7 [14] 1/-1/-1->0->7 [15] 1/-1/-1->0->7 [16] 1/8/-1->0->-1 [17] 1/-1/-1->0->7 [18] 1/-1/-1->0->7 [19] 1/-1/-1->0->7 [20] 1/-1/-1->0->8 [21] 1/-1/-1->0->7 [22] 1/-1/-1->0->7 [23] 1/-1/-1->0->7 [24] 1/8/-1->0->-1 [25] 1/-1/-1->0->7 [26] 1/-1/-1->0->7 [27] 1/-1/-1->0->7 [28] 1/-1/-1->0->8 [29] 1/-1/-1->0->7 [30] 1/-1/-1->0->7 [31] 1/-1/-1->0->7 comm 0x7fbbb2ed5010 nRanks 16 busId 5000
ip-10-32-4-110:160253:160287 [0] NCCL INFO P2P Chunksize set to 131072
ip-10-32-4-110:160253:160287 [0] NCCL INFO comm->useSMFree: 0, ncclPxnDisable: 1
ip-10-32-4-110:160253:160287 [0] NCCL INFO comm->autoPerPeerOn: 1, comm->p2pnChannels: 32, comm->p2pnChannelsPerPeer: 2, comm->useSMFree=0
ip-10-32-4-110:160253:160287 [0] NCCL INFO PROFILER/Plugin: Could not find: librccl-profiler.so. 
ip-10-32-4-110:160253:160287 [0] NCCL INFO Check P2P Type isAllDirectP2p 1 directMode 0
ip-10-32-4-110:160253:160337 [0] NCCL INFO [Proxy Service] Device 0 CPU core 235
ip-10-32-4-110:160253:160345 [0] NCCL INFO [Proxy Service UDS] Device 0 CPU core 259
ip-10-32-4-110:160253:160287 [0] NCCL INFO GPU Direct RDMA Enabled for GPU 0 / HCA 0 (distance 4 <= 5), read 0 mode Default
ip-10-32-4-110:160253:160337 [0] NCCL INFO New proxy recv connection 0 from local rank 0, transport 2
ip-10-32-4-110:160253:160287 [0] NCCL INFO Connected to proxy localRank 0 -> connection 0x7fb0240016c0
ip-10-32-4-110:160253:160357 [0] NCCL INFO [Proxy Progress] Device 0 CPU core 218
ip-10-32-4-110:160253:160287 [0] NCCL INFO Channel 00/0 : 9[1] -> 0[0] [receive] via NET/IB/0/GDRDMA comm 0x7fbbb2ed5010 nRanks 16
ip-10-32-4-110:160253:160287 [0] NCCL INFO GPU Direct RDMA Enabled for GPU 0 / HCA 0 (distance 4 <= 5), read 0 mode Default
ip-10-32-4-110:160253:160337 [0] NCCL INFO New proxy recv connection 1 from local rank 0, transport 2
ip-10-32-4-110:160253:160287 [0] NCCL INFO Connected to proxy localRank 0 -> connection 0x7fb024001750
ip-10-32-4-110:160253:160287 [0] NCCL INFO Channel 04/0 : 9[1] -> 0[0] [receive] via NET/IB/0/GDRDMA comm 0x7fbbb2ed5010 nRanks 16
ip-10-32-4-110:160253:160287 [0] NCCL INFO GPU Direct RDMA Enabled for GPU 0 / HCA 0 (distance 4 <= 5), read 0 mode Default
ip-10-32-4-110:160253:160337 [0] NCCL INFO New proxy recv connection 2 from local rank 0, transport 2
ip-10-32-4-110:160253:160287 [0] NCCL INFO Connected to proxy localRank 0 -> connection 0x7fb0240017e0
ip-10-32-4-110:160253:160287 [0] NCCL INFO Channel 08/0 : 9[1] -> 0[0] [receive] via NET/IB/0/GDRDMA comm 0x7fbbb2ed5010 nRanks 16
ip-10-32-4-110:160253:160287 [0] NCCL INFO GPU Direct RDMA Enabled for GPU 0 / HCA 0 (distance 4 <= 5), read 0 mode Default
ip-10-32-4-110:160253:160337 [0] NCCL INFO New proxy recv connection 3 from local rank 0, transport 2
ip-10-32-4-110:160253:160287 [0] NCCL INFO Connected to proxy localRank 0 -> connection 0x7fb024001870
ip-10-32-4-110:160253:160287 [0] NCCL INFO Channel 12/0 : 9[1] -> 0[0] [receive] via NET/IB/0/GDRDMA comm 0x7fbbb2ed5010 nRanks 16
ip-10-32-4-110:160253:160287 [0] NCCL INFO GPU Direct RDMA Enabled for GPU 0 / HCA 0 (distance 4 <= 5), read 0 mode Default
ip-10-32-4-110:160253:160337 [0] NCCL INFO New proxy recv connection 4 from local rank 0, transport 2
ip-10-32-4-110:160253:160287 [0] NCCL INFO Connected to proxy localRank 0 -> connection 0x7fb024001900
ip-10-32-4-110:160253:160287 [0] NCCL INFO Channel 16/0 : 9[1] -> 0[0] [receive] via NET/IB/0/GDRDMA comm 0x7fbbb2ed5010 nRanks 16
ip-10-32-4-110:160253:160287 [0] NCCL INFO GPU Direct RDMA Enabled for GPU 0 / HCA 0 (distance 4 <= 5), read 0 mode Default
ip-10-32-4-110:160253:160337 [0] NCCL INFO New proxy recv connection 5 from local rank 0, transport 2
ip-10-32-4-110:160253:160287 [0] NCCL INFO Connected to proxy localRank 0 -> connection 0x7fb024001990
ip-10-32-4-110:160253:160287 [0] NCCL INFO Channel 20/0 : 9[1] -> 0[0] [receive] via NET/IB/0/GDRDMA comm 0x7fbbb2ed5010 nRanks 16
ip-10-32-4-110:160253:160287 [0] NCCL INFO GPU Direct RDMA Enabled for GPU 0 / HCA 0 (distance 4 <= 5), read 0 mode Default
ip-10-32-4-110:160253:160337 [0] NCCL INFO New proxy recv connection 6 from local rank 0, transport 2
ip-10-32-4-110:160253:160287 [0] NCCL INFO Connected to proxy localRank 0 -> connection 0x7fb024001a20
ip-10-32-4-110:160253:160287 [0] NCCL INFO Channel 24/0 : 9[1] -> 0[0] [receive] via NET/IB/0/GDRDMA comm 0x7fbbb2ed5010 nRanks 16
ip-10-32-4-110:160253:160287 [0] NCCL INFO GPU Direct RDMA Enabled for GPU 0 / HCA 0 (distance 4 <= 5), read 0 mode Default
ip-10-32-4-110:160253:160337 [0] NCCL INFO New proxy recv connection 7 from local rank 0, transport 2
ip-10-32-4-110:160253:160287 [0] NCCL INFO Connected to proxy localRank 0 -> connection 0x7fb024001ab0
ip-10-32-4-110:160253:160287 [0] NCCL INFO Channel 28/0 : 9[1] -> 0[0] [receive] via NET/IB/0/GDRDMA comm 0x7fbbb2ed5010 nRanks 16
ip-10-32-4-110:160253:160287 [0] NCCL INFO Channel 00/0 : 0[5000] -> 7[9e000] via P2P/IPC comm 0x7fbbb2ed5010 nRanks 16
ip-10-32-4-110:160253:160337 [0] NCCL INFO New proxy send connection 8 from local rank 0, transport 0
ip-10-32-4-110:160253:160287 [0] NCCL INFO Connected to proxy localRank 0 -> connection 0x7fb024001b40
ip-10-32-4-110:160253:160287 [0] NCCL INFO Channel 01/0 : 0[5000] -> 7[9e000] via P2P/IPC comm 0x7fbbb2ed5010 nRanks 16
ip-10-32-4-110:160253:160337 [0] NCCL INFO New proxy send connection 9 from local rank 0, transport 0
ip-10-32-4-110:160253:160287 [0] NCCL INFO Connected to proxy localRank 0 -> connection 0x7fb024001bd0
ip-10-32-4-110:160253:160287 [0] NCCL INFO Channel 02/0 : 0[5000] -> 7[9e000] via P2P/IPC comm 0x7fbbb2ed5010 nRanks 16
ip-10-32-4-110:160253:160337 [0] NCCL INFO New proxy send connection 10 from local rank 0, transport 0
ip-10-32-4-110:160253:160287 [0] NCCL INFO Connected to proxy localRank 0 -> connection 0x7fb024001c60
ip-10-32-4-110:160253:160287 [0] NCCL INFO Channel 03/0 : 0[5000] -> 7[9e000] via P2P/IPC comm 0x7fbbb2ed5010 nRanks 16
ip-10-32-4-110:160253:160337 [0] NCCL INFO New proxy send connection 11 from local rank 0, transport 0
ip-10-32-4-110:160253:160287 [0] NCCL INFO Connected to proxy localRank 0 -> connection 0x7fb024001cf0
ip-10-32-4-110:160253:160287 [0] NCCL INFO Channel 04/0 : 0[5000] -> 7[9e000] via P2P/IPC comm 0x7fbbb2ed5010 nRanks 16
ip-10-32-4-110:160253:160337 [0] NCCL INFO New proxy send connection 12 from local rank 0, transport 0
ip-10-32-4-110:160253:160287 [0] NCCL INFO Connected to proxy localRank 0 -> connection 0x7fb024001d80
ip-10-32-4-110:160253:160287 [0] NCCL INFO Channel 05/0 : 0[5000] -> 7[9e000] via P2P/IPC comm 0x7fbbb2ed5010 nRanks 16
ip-10-32-4-110:160253:160337 [0] NCCL INFO New proxy send connection 13 from local rank 0, transport 0
ip-10-32-4-110:160253:160287 [0] NCCL INFO Connected to proxy localRank 0 -> connection 0x7fb024001e10
ip-10-32-4-110:160253:160287 [0] NCCL INFO Channel 06/0 : 0[5000] -> 7[9e000] via P2P/IPC comm 0x7fbbb2ed5010 nRanks 16
ip-10-32-4-110:160253:160337 [0] NCCL INFO New proxy send connection 14 from local rank 0, transport 0
ip-10-32-4-110:160253:160287 [0] NCCL INFO Connected to proxy localRank 0 -> connection 0x7fb024001ea0
ip-10-32-4-110:160253:160287 [0] NCCL INFO Channel 07/0 : 0[5000] -> 7[9e000] via P2P/IPC comm 0x7fbbb2ed5010 nRanks 16
ip-10-32-4-110:160253:160337 [0] NCCL INFO New proxy send connection 15 from local rank 0, transport 0
ip-10-32-4-110:160253:160287 [0] NCCL INFO Connected to proxy localRank 0 -> connection 0x7fb024001f30
ip-10-32-4-110:160253:160287 [0] NCCL INFO Channel 08/0 : 0[5000] -> 7[9e000] via P2P/IPC comm 0x7fbbb2ed5010 nRanks 16
ip-10-32-4-110:160253:160337 [0] NCCL INFO New proxy send connection 16 from local rank 0, transport 0
ip-10-32-4-110:160253:160287 [0] NCCL INFO Connected to proxy localRank 0 -> connection 0x7fb024001fc0
ip-10-32-4-110:160253:160287 [0] NCCL INFO Channel 09/0 : 0[5000] -> 7[9e000] via P2P/IPC comm 0x7fbbb2ed5010 nRanks 16
ip-10-32-4-110:160253:160337 [0] NCCL INFO New proxy send connection 17 from local rank 0, transport 0
ip-10-32-4-110:160253:160287 [0] NCCL INFO Connected to proxy localRank 0 -> connection 0x7fb024002050
ip-10-32-4-110:160253:160287 [0] NCCL INFO Channel 10/0 : 0[5000] -> 7[9e000] via P2P/IPC comm 0x7fbbb2ed5010 nRanks 16
ip-10-32-4-110:160253:160337 [0] NCCL INFO New proxy send connection 18 from local rank 0, transport 0
ip-10-32-4-110:160253:160287 [0] NCCL INFO Connected to proxy localRank 0 -> connection 0x7fb0240020e0
ip-10-32-4-110:160253:160287 [0] NCCL INFO Channel 11/0 : 0[5000] -> 7[9e000] via P2P/IPC comm 0x7fbbb2ed5010 nRanks 16
ip-10-32-4-110:160253:160337 [0] NCCL INFO New proxy send connection 19 from local rank 0, transport 0
ip-10-32-4-110:160253:160287 [0] NCCL INFO Connected to proxy localRank 0 -> connection 0x7fb024002170
ip-10-32-4-110:160253:160287 [0] NCCL INFO Channel 12/0 : 0[5000] -> 7[9e000] via P2P/IPC comm 0x7fbbb2ed5010 nRanks 16
ip-10-32-4-110:160253:160337 [0] NCCL INFO New proxy send connection 20 from local rank 0, transport 0
ip-10-32-4-110:160253:160287 [0] NCCL INFO Connected to proxy localRank 0 -> connection 0x7fb024002200
ip-10-32-4-110:160253:160287 [0] NCCL INFO Channel 13/0 : 0[5000] -> 7[9e000] via P2P/IPC comm 0x7fbbb2ed5010 nRanks 16
ip-10-32-4-110:160253:160337 [0] NCCL INFO New proxy send connection 21 from local rank 0, transport 0
ip-10-32-4-110:160253:160287 [0] NCCL INFO Connected to proxy localRank 0 -> connection 0x7fb024002290
ip-10-32-4-110:160253:160287 [0] NCCL INFO Channel 14/0 : 0[5000] -> 7[9e000] via P2P/IPC comm 0x7fbbb2ed5010 nRanks 16
ip-10-32-4-110:160253:160337 [0] NCCL INFO New proxy send connection 22 from local rank 0, transport 0
ip-10-32-4-110:160253:160287 [0] NCCL INFO Connected to proxy localRank 0 -> connection 0x7fb024002320
ip-10-32-4-110:160253:160287 [0] NCCL INFO Channel 15/0 : 0[5000] -> 7[9e000] via P2P/IPC comm 0x7fbbb2ed5010 nRanks 16
ip-10-32-4-110:160253:160337 [0] NCCL INFO New proxy send connection 23 from local rank 0, transport 0
ip-10-32-4-110:160253:160287 [0] NCCL INFO Connected to proxy localRank 0 -> connection 0x7fb0240023b0
ip-10-32-4-110:160253:160287 [0] NCCL INFO Channel 16/0 : 0[5000] -> 7[9e000] via P2P/IPC comm 0x7fbbb2ed5010 nRanks 16
ip-10-32-4-110:160253:160337 [0] NCCL INFO New proxy send connection 24 from local rank 0, transport 0
ip-10-32-4-110:160253:160287 [0] NCCL INFO Connected to proxy localRank 0 -> connection 0x7fb024002440
ip-10-32-4-110:160253:160287 [0] NCCL INFO Channel 17/0 : 0[5000] -> 7[9e000] via P2P/IPC comm 0x7fbbb2ed5010 nRanks 16
ip-10-32-4-110:160253:160337 [0] NCCL INFO New proxy send connection 25 from local rank 0, transport 0
ip-10-32-4-110:160253:160287 [0] NCCL INFO Connected to proxy localRank 0 -> connection 0x7fb0240024d0
ip-10-32-4-110:160253:160287 [0] NCCL INFO Channel 18/0 : 0[5000] -> 7[9e000] via P2P/IPC comm 0x7fbbb2ed5010 nRanks 16
ip-10-32-4-110:160253:160337 [0] NCCL INFO New proxy send connection 26 from local rank 0, transport 0
ip-10-32-4-110:160253:160287 [0] NCCL INFO Connected to proxy localRank 0 -> connection 0x7fb024002560
ip-10-32-4-110:160253:160287 [0] NCCL INFO Channel 19/0 : 0[5000] -> 7[9e000] via P2P/IPC comm 0x7fbbb2ed5010 nRanks 16
ip-10-32-4-110:160253:160337 [0] NCCL INFO New proxy send connection 27 from local rank 0, transport 0
ip-10-32-4-110:160253:160287 [0] NCCL INFO Connected to proxy localRank 0 -> connection 0x7fb0240025f0
ip-10-32-4-110:160253:160287 [0] NCCL INFO Channel 20/0 : 0[5000] -> 7[9e000] via P2P/IPC comm 0x7fbbb2ed5010 nRanks 16
ip-10-32-4-110:160253:160337 [0] NCCL INFO New proxy send connection 28 from local rank 0, transport 0
ip-10-32-4-110:160253:160287 [0] NCCL INFO Connected to proxy localRank 0 -> connection 0x7fb024002680
ip-10-32-4-110:160253:160287 [0] NCCL INFO Channel 21/0 : 0[5000] -> 7[9e000] via P2P/IPC comm 0x7fbbb2ed5010 nRanks 16
ip-10-32-4-110:160253:160337 [0] NCCL INFO New proxy send connection 29 from local rank 0, transport 0
ip-10-32-4-110:160253:160287 [0] NCCL INFO Connected to proxy localRank 0 -> connection 0x7fb024002710
ip-10-32-4-110:160253:160287 [0] NCCL INFO Channel 22/0 : 0[5000] -> 7[9e000] via P2P/IPC comm 0x7fbbb2ed5010 nRanks 16
ip-10-32-4-110:160253:160337 [0] NCCL INFO New proxy send connection 30 from local rank 0, transport 0
ip-10-32-4-110:160253:160287 [0] NCCL INFO Connected to proxy localRank 0 -> connection 0x7fb0240027a0
ip-10-32-4-110:160253:160287 [0] NCCL INFO Channel 23/0 : 0[5000] -> 7[9e000] via P2P/IPC comm 0x7fbbb2ed5010 nRanks 16
ip-10-32-4-110:160253:160337 [0] NCCL INFO New proxy send connection 31 from local rank 0, transport 0
ip-10-32-4-110:160253:160287 [0] NCCL INFO Connected to proxy localRank 0 -> connection 0x7fb024002830
ip-10-32-4-110:160253:160287 [0] NCCL INFO Channel 24/0 : 0[5000] -> 7[9e000] via P2P/IPC comm 0x7fbbb2ed5010 nRanks 16
ip-10-32-4-110:160253:160337 [0] NCCL INFO New proxy send connection 32 from local rank 0, transport 0
ip-10-32-4-110:160253:160287 [0] NCCL INFO Connected to proxy localRank 0 -> connection 0x7fb0240028c0
ip-10-32-4-110:160253:160287 [0] NCCL INFO Channel 25/0 : 0[5000] -> 7[9e000] via P2P/IPC comm 0x7fbbb2ed5010 nRanks 16
ip-10-32-4-110:160253:160337 [0] NCCL INFO New proxy send connection 33 from local rank 0, transport 0
ip-10-32-4-110:160253:160287 [0] NCCL INFO Connected to proxy localRank 0 -> connection 0x7fb024002950
ip-10-32-4-110:160253:160287 [0] NCCL INFO Channel 26/0 : 0[5000] -> 7[9e000] via P2P/IPC comm 0x7fbbb2ed5010 nRanks 16
ip-10-32-4-110:160253:160337 [0] NCCL INFO New proxy send connection 34 from local rank 0, transport 0
ip-10-32-4-110:160253:160287 [0] NCCL INFO Connected to proxy localRank 0 -> connection 0x7fb0240029e0
ip-10-32-4-110:160253:160287 [0] NCCL INFO Channel 27/0 : 0[5000] -> 7[9e000] via P2P/IPC comm 0x7fbbb2ed5010 nRanks 16
ip-10-32-4-110:160253:160337 [0] NCCL INFO New proxy send connection 35 from local rank 0, transport 0
ip-10-32-4-110:160253:160287 [0] NCCL INFO Connected to proxy localRank 0 -> connection 0x7fb024002a70
ip-10-32-4-110:160253:160287 [0] NCCL INFO Channel 28/0 : 0[5000] -> 7[9e000] via P2P/IPC comm 0x7fbbb2ed5010 nRanks 16
ip-10-32-4-110:160253:160337 [0] NCCL INFO New proxy send connection 36 from local rank 0, transport 0
ip-10-32-4-110:160253:160287 [0] NCCL INFO Connected to proxy localRank 0 -> connection 0x7fb024002b00
ip-10-32-4-110:160253:160287 [0] NCCL INFO Channel 29/0 : 0[5000] -> 7[9e000] via P2P/IPC comm 0x7fbbb2ed5010 nRanks 16
ip-10-32-4-110:160253:160337 [0] NCCL INFO New proxy send connection 37 from local rank 0, transport 0
ip-10-32-4-110:160253:160287 [0] NCCL INFO Connected to proxy localRank 0 -> connection 0x7fb024002b90
ip-10-32-4-110:160253:160287 [0] NCCL INFO Channel 30/0 : 0[5000] -> 7[9e000] via P2P/IPC comm 0x7fbbb2ed5010 nRanks 16
ip-10-32-4-110:160253:160337 [0] NCCL INFO New proxy send connection 38 from local rank 0, transport 0
ip-10-32-4-110:160253:160287 [0] NCCL INFO Connected to proxy localRank 0 -> connection 0x7fb024002c20
ip-10-32-4-110:160253:160287 [0] NCCL INFO Channel 31/0 : 0[5000] -> 7[9e000] via P2P/IPC comm 0x7fbbb2ed5010 nRanks 16
ip-10-32-4-110:160253:160337 [0] NCCL INFO New proxy send connection 39 from local rank 0, transport 0
ip-10-32-4-110:160253:160287 [0] NCCL INFO Connected to proxy localRank 0 -> connection 0x7fb024002cb0
ip-10-32-4-110:160253:160337 [0] NCCL INFO New proxy recv connection 40 from local rank 0, transport 0
ip-10-32-4-110:160253:160287 [0] NCCL INFO Connected to proxy localRank 0 -> connection 0x7fb024002d40
ip-10-32-4-110:160253:160337 [0] NCCL INFO New proxy recv connection 41 from local rank 0, transport 0
ip-10-32-4-110:160253:160287 [0] NCCL INFO Connected to proxy localRank 0 -> connection 0x7fb024002dd0
ip-10-32-4-110:160253:160337 [0] NCCL INFO New proxy recv connection 42 from local rank 0, transport 0
ip-10-32-4-110:160253:160287 [0] NCCL INFO Connected to proxy localRank 0 -> connection 0x7fb024002e60
ip-10-32-4-110:160253:160337 [0] NCCL INFO New proxy recv connection 43 from local rank 0, transport 0
ip-10-32-4-110:160253:160287 [0] NCCL INFO Connected to proxy localRank 0 -> connection 0x7fb024002ef0
ip-10-32-4-110:160253:160337 [0] NCCL INFO New proxy recv connection 44 from local rank 0, transport 0
ip-10-32-4-110:160253:160287 [0] NCCL INFO Connected to proxy localRank 0 -> connection 0x7fb024002f80
ip-10-32-4-110:160253:160337 [0] NCCL INFO New proxy recv connection 45 from local rank 0, transport 0
ip-10-32-4-110:160253:160287 [0] NCCL INFO Connected to proxy localRank 0 -> connection 0x7fb024003010
ip-10-32-4-110:160253:160337 [0] NCCL INFO New proxy recv connection 46 from local rank 0, transport 0
ip-10-32-4-110:160253:160287 [0] NCCL INFO Connected to proxy localRank 0 -> connection 0x7fb0240030a0
ip-10-32-4-110:160253:160337 [0] NCCL INFO New proxy recv connection 47 from local rank 0, transport 0
ip-10-32-4-110:160253:160287 [0] NCCL INFO Connected to proxy localRank 0 -> connection 0x7fb024003130
ip-10-32-4-110:160253:160337 [0] NCCL INFO New proxy recv connection 48 from local rank 0, transport 0
ip-10-32-4-110:160253:160287 [0] NCCL INFO Connected to proxy localRank 0 -> connection 0x7fb0240031c0
ip-10-32-4-110:160253:160337 [0] NCCL INFO New proxy recv connection 49 from local rank 0, transport 0
ip-10-32-4-110:160253:160287 [0] NCCL INFO Connected to proxy localRank 0 -> connection 0x7fb024003250
ip-10-32-4-110:160253:160337 [0] NCCL INFO New proxy recv connection 50 from local rank 0, transport 0
ip-10-32-4-110:160253:160287 [0] NCCL INFO Connected to proxy localRank 0 -> connection 0x7fb0240032e0
ip-10-32-4-110:160253:160337 [0] NCCL INFO New proxy recv connection 51 from local rank 0, transport 0
ip-10-32-4-110:160253:160287 [0] NCCL INFO Connected to proxy localRank 0 -> connection 0x7fb024003370
ip-10-32-4-110:160253:160337 [0] NCCL INFO New proxy recv connection 52 from local rank 0, transport 0
ip-10-32-4-110:160253:160287 [0] NCCL INFO Connected to proxy localRank 0 -> connection 0x7fb024003400
ip-10-32-4-110:160253:160337 [0] NCCL INFO New proxy recv connection 53 from local rank 0, transport 0
ip-10-32-4-110:160253:160287 [0] NCCL INFO Connected to proxy localRank 0 -> connection 0x7fb024003490
ip-10-32-4-110:160253:160337 [0] NCCL INFO New proxy recv connection 54 from local rank 0, transport 0
ip-10-32-4-110:160253:160287 [0] NCCL INFO Connected to proxy localRank 0 -> connection 0x7fb024003520
ip-10-32-4-110:160253:160337 [0] NCCL INFO New proxy recv connection 55 from local rank 0, transport 0
ip-10-32-4-110:160253:160287 [0] NCCL INFO Connected to proxy localRank 0 -> connection 0x7fb0240035b0
ip-10-32-4-110:160253:160337 [0] NCCL INFO New proxy recv connection 56 from local rank 0, transport 0
ip-10-32-4-110:160253:160287 [0] NCCL INFO Connected to proxy localRank 0 -> connection 0x7fb024003640
ip-10-32-4-110:160253:160337 [0] NCCL INFO New proxy recv connection 57 from local rank 0, transport 0
ip-10-32-4-110:160253:160287 [0] NCCL INFO Connected to proxy localRank 0 -> connection 0x7fb0240036d0
ip-10-32-4-110:160253:160337 [0] NCCL INFO New proxy recv connection 58 from local rank 0, transport 0
ip-10-32-4-110:160253:160287 [0] NCCL INFO Connected to proxy localRank 0 -> connection 0x7fb024003760
ip-10-32-4-110:160253:160337 [0] NCCL INFO New proxy recv connection 59 from local rank 0, transport 0
ip-10-32-4-110:160253:160287 [0] NCCL INFO Connected to proxy localRank 0 -> connection 0x7fb0240037f0
ip-10-32-4-110:160253:160337 [0] NCCL INFO New proxy recv connection 60 from local rank 0, transport 0
ip-10-32-4-110:160253:160287 [0] NCCL INFO Connected to proxy localRank 0 -> connection 0x7fb024003880
ip-10-32-4-110:160253:160337 [0] NCCL INFO New proxy recv connection 61 from local rank 0, transport 0
ip-10-32-4-110:160253:160287 [0] NCCL INFO Connected to proxy localRank 0 -> connection 0x7fb024003910
ip-10-32-4-110:160253:160337 [0] NCCL INFO New proxy recv connection 62 from local rank 0, transport 0
ip-10-32-4-110:160253:160287 [0] NCCL INFO Connected to proxy localRank 0 -> connection 0x7fb0240039a0
ip-10-32-4-110:160253:160337 [0] NCCL INFO New proxy recv connection 63 from local rank 0, transport 0
ip-10-32-4-110:160253:160287 [0] NCCL INFO Connected to proxy localRank 0 -> connection 0x7fb024003a30
ip-10-32-4-110:160253:160337 [0] NCCL INFO NET/IB: ncclIbAccept Max Nqps=4, localNqps=4, remoteNqps=4
ip-10-32-4-110:160253:160337 [0] NCCL INFO NET/IB : NCCL_ROCE_SRC_PORT_LIST parsed (4 entries)
ip-10-32-4-110:160253:160337 [0] NCCL INFO NET/IB :   NCCL_ROCE_SRC_PORT_LIST[0]=60000
ip-10-32-4-110:160253:160337 [0] NCCL INFO NET/IB :   NCCL_ROCE_SRC_PORT_LIST[1]=60051
ip-10-32-4-110:160253:160337 [0] NCCL INFO NET/IB :   NCCL_ROCE_SRC_PORT_LIST[2]=57663
ip-10-32-4-110:160253:160337 [0] NCCL INFO NET/IB :   NCCL_ROCE_SRC_PORT_LIST[3]=57804
ip-10-32-4-110:160253:160337 [0] NCCL INFO NET/IB : QP 0x7fb0240ea4d8 (qpn=0xBBEE) src UDP port set to 60000 (qIndex=0)
ip-10-32-4-110:160253:160337 [0] NCCL INFO NET/IB : QP 0x7fb0241a5c28 (qpn=0xBBEF) src UDP port set to 60051 (qIndex=1)
ip-10-32-4-110:160253:160337 [0] NCCL INFO NET/IB : QP 0x7fb0241a3be8 (qpn=0xBBF0) src UDP port set to 57663 (qIndex=2)
ip-10-32-4-110:160253:160337 [0] NCCL INFO NET/IB : QP 0x7fb0240e7be8 (qpn=0xBBF1) src UDP port set to 57804 (qIndex=3)
ip-10-32-4-110:160253:160337 [0] NCCL INFO NET/IB : QP 0x7fb0240bb398 (qpn=0xBC05) src UDP port set to 60000 (qIndex=-1)
ip-10-32-4-110:160253:160337 [0] NCCL INFO NET/IB: ncclIbAccept Max Nqps=4, localNqps=4, remoteNqps=4
ip-10-32-4-110:160253:160337 [0] NCCL INFO NET/IB : QP 0x7fb024177ba8 (qpn=0xBC07) src UDP port set to 60000 (qIndex=0)
ip-10-32-4-110:160253:160337 [0] NCCL INFO NET/IB : QP 0x7fb0240b8aa8 (qpn=0xBC08) src UDP port set to 60051 (qIndex=1)
ip-10-32-4-110:160253:160337 [0] NCCL INFO NET/IB : QP 0x7fb024148a68 (qpn=0xBC09) src UDP port set to 57663 (qIndex=2)
ip-10-32-4-110:160253:160337 [0] NCCL INFO NET/IB : QP 0x7fb02408ca68 (qpn=0xBC0A) src UDP port set to 57804 (qIndex=3)
ip-10-32-4-110:160253:160337 [0] NCCL INFO NET/IB : QP 0x7fb024145578 (qpn=0xBC0B) src UDP port set to 60000 (qIndex=-1)
ip-10-32-4-110:160253:160337 [0] NCCL INFO NET/IB: ncclIbAccept Max Nqps=4, localNqps=4, remoteNqps=4
ip-10-32-4-110:160253:160337 [0] NCCL INFO NET/IB : QP 0x7fb02405dac8 (qpn=0xBC0C) src UDP port set to 60000 (qIndex=0)
ip-10-32-4-110:160253:160337 [0] NCCL INFO NET/IB : QP 0x7fb0242a0c28 (qpn=0xBC0D) src UDP port set to 60051 (qIndex=1)
ip-10-32-4-110:160253:160337 [0] NCCL INFO NET/IB : QP 0x7fb02430d8d8 (qpn=0xBC0E) src UDP port set to 57663 (qIndex=2)
ip-10-32-4-110:160253:160337 [0] NCCL INFO NET/IB : QP 0x7fb0244228d8 (qpn=0xBC0F) src UDP port set to 57804 (qIndex=3)
ip-10-32-4-110:160253:160337 [0] NCCL INFO NET/IB : QP 0x7fb02424c8d8 (qpn=0xBC10) src UDP port set to 60000 (qIndex=-1)
ip-10-32-4-110:160253:160337 [0] NCCL INFO NET/IB: ncclIbAccept Max Nqps=4, localNqps=4, remoteNqps=4
ip-10-32-4-110:160253:160337 [0] NCCL INFO NET/IB : QP 0x7fb024476b28 (qpn=0xBC11) src UDP port set to 60000 (qIndex=0)
ip-10-32-4-110:160253:160337 [0] NCCL INFO NET/IB : QP 0x7fb0244ec898 (qpn=0xBC12) src UDP port set to 60051 (qIndex=1)
ip-10-32-4-110:160253:160337 [0] NCCL INFO NET/IB : QP 0x7fb024537898 (qpn=0xBC13) src UDP port set to 57663 (qIndex=2)
ip-10-32-4-110:160253:160337 [0] NCCL INFO NET/IB : QP 0x7fb0241f0898 (qpn=0xBC14) src UDP port set to 57804 (qIndex=3)
ip-10-32-4-110:160253:160337 [0] NCCL INFO NET/IB : QP 0x7fb0243d9868 (qpn=0xBC15) src UDP port set to 60000 (qIndex=-1)
ip-10-32-4-110:160253:160337 [0] NCCL INFO NET/IB: ncclIbAccept Max Nqps=4, localNqps=4, remoteNqps=4
ip-10-32-4-110:160253:160337 [0] NCCL INFO NET/IB : QP 0x7fb024337c18 (qpn=0xBC16) src UDP port set to 60000 (qIndex=0)
ip-10-32-4-110:160253:160337 [0] NCCL INFO NET/IB : QP 0x7fb0242c4868 (qpn=0xBC17) src UDP port set to 60051 (qIndex=1)
ip-10-32-4-110:160253:160337 [0] NCCL INFO NET/IB : QP 0x7fb02464c898 (qpn=0xBC18) src UDP port set to 57663 (qIndex=2)
ip-10-32-4-110:160253:160337 [0] NCCL INFO NET/IB : QP 0x7fb024601898 (qpn=0xBC19) src UDP port set to 57804 (qIndex=3)
ip-10-32-4-110:160253:160337 [0] NCCL INFO NET/IB : QP 0x7fb024361048 (qpn=0xBC1B) src UDP port set to 60000 (qIndex=-1)
ip-10-32-4-110:160253:160337 [0] NCCL INFO NET/IB: ncclIbAccept Max Nqps=4, localNqps=4, remoteNqps=4
ip-10-32-4-110:160253:160337 [0] NCCL INFO NET/IB : QP 0x7fb024361c28 (qpn=0xBC1F) src UDP port set to 60000 (qIndex=0)
ip-10-32-4-110:160253:160337 [0] NCCL INFO NET/IB : QP 0x7fb024222868 (qpn=0xBC21) src UDP port set to 60051 (qIndex=1)
ip-10-32-4-110:160253:160337 [0] NCCL INFO NET/IB : QP 0x7fb02438b858 (qpn=0xBC24) src UDP port set to 57663 (qIndex=2)
ip-10-32-4-110:160253:160337 [0] NCCL INFO NET/IB : QP 0x7fb024716898 (qpn=0xBC26) src UDP port set to 57804 (qIndex=3)
ip-10-32-4-110:160253:160337 [0] NCCL INFO NET/IB : QP 0x7fb024761898 (qpn=0xBC2B) src UDP port set to 60000 (qIndex=-1)
ip-10-32-4-110:160253:160337 [0] NCCL INFO NET/IB: ncclIbAccept Max Nqps=4, localNqps=4, remoteNqps=4
ip-10-32-4-110:160253:160337 [0] NCCL INFO NET/IB : QP 0x7fb0243b5858 (qpn=0xBC2C) src UDP port set to 60000 (qIndex=0)
ip-10-32-4-110:160253:160337 [0] NCCL INFO NET/IB : QP 0x7fb02444c858 (qpn=0xBC2D) src UDP port set to 60051 (qIndex=1)
ip-10-32-4-110:160253:160337 [0] NCCL INFO NET/IB : QP 0x7fb024876898 (qpn=0xBC2E) src UDP port set to 57663 (qIndex=2)
ip-10-32-4-110:160253:160337 [0] NCCL INFO NET/IB : QP 0x7fb02482b898 (qpn=0xBC2F) src UDP port set to 57804 (qIndex=3)
ip-10-32-4-110:160253:160337 [0] NCCL INFO NET/IB : QP 0x7fb0244ca858 (qpn=0xBC30) src UDP port set to 60000 (qIndex=-1)
ip-10-32-4-110:160253:160337 [0] NCCL INFO NET/IB: ncclIbAccept Max Nqps=4, localNqps=4, remoteNqps=4
ip-10-32-4-110:160253:160337 [0] NCCL INFO NET/IB : QP 0x7fb0244cac28 (qpn=0xBC31) src UDP port set to 60000 (qIndex=0)
ip-10-32-4-110:160253:160337 [0] NCCL INFO NET/IB : QP 0x7fb024561858 (qpn=0xBC32) src UDP port set to 60051 (qIndex=1)
ip-10-32-4-110:160253:160337 [0] NCCL INFO NET/IB : QP 0x7fb02458b858 (qpn=0xBC33) src UDP port set to 57663 (qIndex=2)
ip-10-32-4-110:160253:160337 [0] NCCL INFO NET/IB : QP 0x7fb02498b898 (qpn=0xBC34) src UDP port set to 57804 (qIndex=3)
ip-10-32-4-110:160253:160337 [0] NCCL INFO NET/IB : QP 0x7fb024940898 (qpn=0xBC35) src UDP port set to 60000 (qIndex=-1)
ip-10-32-4-110:160253:160287 [0] NCCL INFO Connected all rings, use ring PXN 0 GDR 1
ip-10-32-4-110:160253:160287 [0] NCCL INFO Channel 00/0 : 0[5000] -> 1[2b000] via P2P/IPC comm 0x7fbbb2ed5010 nRanks 16
ip-10-32-4-110:160253:160337 [0] NCCL INFO New proxy send connection 64 from local rank 0, transport 0
ip-10-32-4-110:160253:160287 [0] NCCL INFO Connected to proxy localRank 0 -> connection 0x7fb024003ac0
ip-10-32-4-110:160253:160287 [0] NCCL INFO Channel 01/0 : 0[5000] -> 1[2b000] via P2P/IPC comm 0x7fbbb2ed5010 nRanks 16
ip-10-32-4-110:160253:160337 [0] NCCL INFO New proxy send connection 65 from local rank 0, transport 0
ip-10-32-4-110:160253:160287 [0] NCCL INFO Connected to proxy localRank 0 -> connection 0x7fb024003b50
ip-10-32-4-110:160253:160287 [0] NCCL INFO Channel 02/0 : 0[5000] -> 1[2b000] via P2P/IPC comm 0x7fbbb2ed5010 nRanks 16
ip-10-32-4-110:160253:160337 [0] NCCL INFO New proxy send connection 66 from local rank 0, transport 0
ip-10-32-4-110:160253:160287 [0] NCCL INFO Connected to proxy localRank 0 -> connection 0x7fb024003be0
ip-10-32-4-110:160253:160287 [0] NCCL INFO Channel 03/0 : 0[5000] -> 1[2b000] via P2P/IPC comm 0x7fbbb2ed5010 nRanks 16
ip-10-32-4-110:160253:160337 [0] NCCL INFO New proxy send connection 67 from local rank 0, transport 0
ip-10-32-4-110:160253:160287 [0] NCCL INFO Connected to proxy localRank 0 -> connection 0x7fb024003c70
ip-10-32-4-110:160253:160287 [0] NCCL INFO Channel 04/0 : 0[5000] -> 1[2b000] via P2P/IPC comm 0x7fbbb2ed5010 nRanks 16
ip-10-32-4-110:160253:160337 [0] NCCL INFO New proxy send connection 68 from local rank 0, transport 0
ip-10-32-4-110:160253:160287 [0] NCCL INFO Connected to proxy localRank 0 -> connection 0x7fb024003d00
ip-10-32-4-110:160253:160287 [0] NCCL INFO Channel 05/0 : 0[5000] -> 1[2b000] via P2P/IPC comm 0x7fbbb2ed5010 nRanks 16
ip-10-32-4-110:160253:160337 [0] NCCL INFO New proxy send connection 69 from local rank 0, transport 0
ip-10-32-4-110:160253:160287 [0] NCCL INFO Connected to proxy localRank 0 -> connection 0x7fb024003d90
ip-10-32-4-110:160253:160287 [0] NCCL INFO Channel 06/0 : 0[5000] -> 1[2b000] via P2P/IPC comm 0x7fbbb2ed5010 nRanks 16
ip-10-32-4-110:160253:160337 [0] NCCL INFO New proxy send connection 70 from local rank 0, transport 0
ip-10-32-4-110:160253:160287 [0] NCCL INFO Connected to proxy localRank 0 -> connection 0x7fb024003e20
ip-10-32-4-110:160253:160287 [0] NCCL INFO Channel 07/0 : 0[5000] -> 1[2b000] via P2P/IPC comm 0x7fbbb2ed5010 nRanks 16
ip-10-32-4-110:160253:160337 [0] NCCL INFO New proxy send connection 71 from local rank 0, transport 0
ip-10-32-4-110:160253:160287 [0] NCCL INFO Connected to proxy localRank 0 -> connection 0x7fb024003eb0
ip-10-32-4-110:160253:160287 [0] NCCL INFO Channel 08/0 : 0[5000] -> 1[2b000] via P2P/IPC comm 0x7fbbb2ed5010 nRanks 16
ip-10-32-4-110:160253:160337 [0] NCCL INFO New proxy send connection 72 from local rank 0, transport 0
ip-10-32-4-110:160253:160287 [0] NCCL INFO Connected to proxy localRank 0 -> connection 0x7fb024003f40
ip-10-32-4-110:160253:160287 [0] NCCL INFO Channel 09/0 : 0[5000] -> 1[2b000] via P2P/IPC comm 0x7fbbb2ed5010 nRanks 16
ip-10-32-4-110:160253:160337 [0] NCCL INFO New proxy send connection 73 from local rank 0, transport 0
ip-10-32-4-110:160253:160287 [0] NCCL INFO Connected to proxy localRank 0 -> connection 0x7fb024003fd0
ip-10-32-4-110:160253:160287 [0] NCCL INFO Channel 10/0 : 0[5000] -> 1[2b000] via P2P/IPC comm 0x7fbbb2ed5010 nRanks 16
ip-10-32-4-110:160253:160337 [0] NCCL INFO New proxy send connection 74 from local rank 0, transport 0
ip-10-32-4-110:160253:160287 [0] NCCL INFO Connected to proxy localRank 0 -> connection 0x7fb024004060
ip-10-32-4-110:160253:160287 [0] NCCL INFO Channel 11/0 : 0[5000] -> 1[2b000] via P2P/IPC comm 0x7fbbb2ed5010 nRanks 16
ip-10-32-4-110:160253:160337 [0] NCCL INFO New proxy send connection 75 from local rank 0, transport 0
ip-10-32-4-110:160253:160287 [0] NCCL INFO Connected to proxy localRank 0 -> connection 0x7fb0240040f0
ip-10-32-4-110:160253:160287 [0] NCCL INFO Channel 12/0 : 0[5000] -> 1[2b000] via P2P/IPC comm 0x7fbbb2ed5010 nRanks 16
ip-10-32-4-110:160253:160337 [0] NCCL INFO New proxy send connection 76 from local rank 0, transport 0
ip-10-32-4-110:160253:160287 [0] NCCL INFO Connected to proxy localRank 0 -> connection 0x7fb024004180
ip-10-32-4-110:160253:160287 [0] NCCL INFO Channel 13/0 : 0[5000] -> 1[2b000] via P2P/IPC comm 0x7fbbb2ed5010 nRanks 16
ip-10-32-4-110:160253:160337 [0] NCCL INFO New proxy send connection 77 from local rank 0, transport 0
ip-10-32-4-110:160253:160287 [0] NCCL INFO Connected to proxy localRank 0 -> connection 0x7fb024004210
ip-10-32-4-110:160253:160287 [0] NCCL INFO Channel 14/0 : 0[5000] -> 1[2b000] via P2P/IPC comm 0x7fbbb2ed5010 nRanks 16
ip-10-32-4-110:160253:160337 [0] NCCL INFO New proxy send connection 78 from local rank 0, transport 0
ip-10-32-4-110:160253:160287 [0] NCCL INFO Connected to proxy localRank 0 -> connection 0x7fb0240042a0
ip-10-32-4-110:160253:160287 [0] NCCL INFO Channel 15/0 : 0[5000] -> 1[2b000] via P2P/IPC comm 0x7fbbb2ed5010 nRanks 16
ip-10-32-4-110:160253:160337 [0] NCCL INFO New proxy send connection 79 from local rank 0, transport 0
ip-10-32-4-110:160253:160287 [0] NCCL INFO Connected to proxy localRank 0 -> connection 0x7fb024004330
ip-10-32-4-110:160253:160287 [0] NCCL INFO Channel 16/0 : 0[5000] -> 1[2b000] via P2P/IPC comm 0x7fbbb2ed5010 nRanks 16
ip-10-32-4-110:160253:160337 [0] NCCL INFO New proxy send connection 80 from local rank 0, transport 0
ip-10-32-4-110:160253:160287 [0] NCCL INFO Connected to proxy localRank 0 -> connection 0x7fb0240043c0
ip-10-32-4-110:160253:160287 [0] NCCL INFO Channel 17/0 : 0[5000] -> 1[2b000] via P2P/IPC comm 0x7fbbb2ed5010 nRanks 16
ip-10-32-4-110:160253:160337 [0] NCCL INFO New proxy send connection 81 from local rank 0, transport 0
ip-10-32-4-110:160253:160287 [0] NCCL INFO Connected to proxy localRank 0 -> connection 0x7fb024004450
ip-10-32-4-110:160253:160287 [0] NCCL INFO Channel 18/0 : 0[5000] -> 1[2b000] via P2P/IPC comm 0x7fbbb2ed5010 nRanks 16
ip-10-32-4-110:160253:160337 [0] NCCL INFO New proxy send connection 82 from local rank 0, transport 0
ip-10-32-4-110:160253:160287 [0] NCCL INFO Connected to proxy localRank 0 -> connection 0x7fb0240044e0
ip-10-32-4-110:160253:160287 [0] NCCL INFO Channel 19/0 : 0[5000] -> 1[2b000] via P2P/IPC comm 0x7fbbb2ed5010 nRanks 16
ip-10-32-4-110:160253:160337 [0] NCCL INFO New proxy send connection 83 from local rank 0, transport 0
ip-10-32-4-110:160253:160287 [0] NCCL INFO Connected to proxy localRank 0 -> connection 0x7fb024004570
ip-10-32-4-110:160253:160287 [0] NCCL INFO Channel 20/0 : 0[5000] -> 1[2b000] via P2P/IPC comm 0x7fbbb2ed5010 nRanks 16
ip-10-32-4-110:160253:160337 [0] NCCL INFO New proxy send connection 84 from local rank 0, transport 0
ip-10-32-4-110:160253:160287 [0] NCCL INFO Connected to proxy localRank 0 -> connection 0x7fb024004600
ip-10-32-4-110:160253:160287 [0] NCCL INFO Channel 21/0 : 0[5000] -> 1[2b000] via P2P/IPC comm 0x7fbbb2ed5010 nRanks 16
ip-10-32-4-110:160253:160337 [0] NCCL INFO New proxy send connection 85 from local rank 0, transport 0
ip-10-32-4-110:160253:160287 [0] NCCL INFO Connected to proxy localRank 0 -> connection 0x7fb024004690
ip-10-32-4-110:160253:160287 [0] NCCL INFO Channel 22/0 : 0[5000] -> 1[2b000] via P2P/IPC comm 0x7fbbb2ed5010 nRanks 16
ip-10-32-4-110:160253:160337 [0] NCCL INFO New proxy send connection 86 from local rank 0, transport 0
ip-10-32-4-110:160253:160287 [0] NCCL INFO Connected to proxy localRank 0 -> connection 0x7fb024004720
ip-10-32-4-110:160253:160287 [0] NCCL INFO Channel 23/0 : 0[5000] -> 1[2b000] via P2P/IPC comm 0x7fbbb2ed5010 nRanks 16
ip-10-32-4-110:160253:160337 [0] NCCL INFO New proxy send connection 87 from local rank 0, transport 0
ip-10-32-4-110:160253:160287 [0] NCCL INFO Connected to proxy localRank 0 -> connection 0x7fb0240047b0
ip-10-32-4-110:160253:160287 [0] NCCL INFO Channel 24/0 : 0[5000] -> 1[2b000] via P2P/IPC comm 0x7fbbb2ed5010 nRanks 16
ip-10-32-4-110:160253:160337 [0] NCCL INFO New proxy send connection 88 from local rank 0, transport 0
ip-10-32-4-110:160253:160287 [0] NCCL INFO Connected to proxy localRank 0 -> connection 0x7fb024004840
ip-10-32-4-110:160253:160287 [0] NCCL INFO Channel 25/0 : 0[5000] -> 1[2b000] via P2P/IPC comm 0x7fbbb2ed5010 nRanks 16
ip-10-32-4-110:160253:160337 [0] NCCL INFO New proxy send connection 89 from local rank 0, transport 0
ip-10-32-4-110:160253:160287 [0] NCCL INFO Connected to proxy localRank 0 -> connection 0x7fb0240048d0
ip-10-32-4-110:160253:160287 [0] NCCL INFO Channel 26/0 : 0[5000] -> 1[2b000] via P2P/IPC comm 0x7fbbb2ed5010 nRanks 16
ip-10-32-4-110:160253:160337 [0] NCCL INFO New proxy send connection 90 from local rank 0, transport 0
ip-10-32-4-110:160253:160287 [0] NCCL INFO Connected to proxy localRank 0 -> connection 0x7fb024004960
ip-10-32-4-110:160253:160287 [0] NCCL INFO Channel 27/0 : 0[5000] -> 1[2b000] via P2P/IPC comm 0x7fbbb2ed5010 nRanks 16
ip-10-32-4-110:160253:160337 [0] NCCL INFO New proxy send connection 91 from local rank 0, transport 0
ip-10-32-4-110:160253:160287 [0] NCCL INFO Connected to proxy localRank 0 -> connection 0x7fb0240049f0
ip-10-32-4-110:160253:160287 [0] NCCL INFO Channel 28/0 : 0[5000] -> 1[2b000] via P2P/IPC comm 0x7fbbb2ed5010 nRanks 16
ip-10-32-4-110:160253:160337 [0] NCCL INFO New proxy send connection 92 from local rank 0, transport 0
ip-10-32-4-110:160253:160287 [0] NCCL INFO Connected to proxy localRank 0 -> connection 0x7fb024004a80
ip-10-32-4-110:160253:160287 [0] NCCL INFO Channel 29/0 : 0[5000] -> 1[2b000] via P2P/IPC comm 0x7fbbb2ed5010 nRanks 16
ip-10-32-4-110:160253:160337 [0] NCCL INFO New proxy send connection 93 from local rank 0, transport 0
ip-10-32-4-110:160253:160287 [0] NCCL INFO Connected to proxy localRank 0 -> connection 0x7fb024004b10
ip-10-32-4-110:160253:160287 [0] NCCL INFO Channel 30/0 : 0[5000] -> 1[2b000] via P2P/IPC comm 0x7fbbb2ed5010 nRanks 16
ip-10-32-4-110:160253:160337 [0] NCCL INFO New proxy send connection 94 from local rank 0, transport 0
ip-10-32-4-110:160253:160287 [0] NCCL INFO Connected to proxy localRank 0 -> connection 0x7fb024004ba0
ip-10-32-4-110:160253:160287 [0] NCCL INFO Channel 31/0 : 0[5000] -> 1[2b000] via P2P/IPC comm 0x7fbbb2ed5010 nRanks 16
ip-10-32-4-110:160253:160337 [0] NCCL INFO New proxy send connection 95 from local rank 0, transport 0
ip-10-32-4-110:160253:160287 [0] NCCL INFO Connected to proxy localRank 0 -> connection 0x7fb024004c30
ip-10-32-4-110:160253:160287 [0] NCCL INFO GPU Direct RDMA Enabled for GPU 0 / HCA 0 (distance 4 <= 5), read 0 mode Default
ip-10-32-4-110:160253:160337 [0] NCCL INFO New proxy recv connection 96 from local rank 0, transport 2
ip-10-32-4-110:160253:160287 [0] NCCL INFO Connected to proxy localRank 0 -> connection 0x7fb024004cc0
ip-10-32-4-110:160253:160287 [0] NCCL INFO Channel 00/0 : 8[0] -> 0[0] [receive] via NET/IB/0/GDRDMA comm 0x7fbbb2ed5010 nRanks 16
ip-10-32-4-110:160253:160287 [0] NCCL INFO GPU Direct RDMA Enabled for GPU 0 / HCA 0 (distance 4 <= 5), read 0 mode Default
ip-10-32-4-110:160253:160337 [0] NCCL INFO New proxy recv connection 97 from local rank 0, transport 2
ip-10-32-4-110:160253:160287 [0] NCCL INFO Connected to proxy localRank 0 -> connection 0x7fb024004d50
ip-10-32-4-110:160253:160287 [0] NCCL INFO Channel 04/0 : 8[0] -> 0[0] [receive] via NET/IB/0/GDRDMA comm 0x7fbbb2ed5010 nRanks 16
ip-10-32-4-110:160253:160287 [0] NCCL INFO GPU Direct RDMA Enabled for GPU 0 / HCA 0 (distance 4 <= 5), read 0 mode Default
ip-10-32-4-110:160253:160337 [0] NCCL INFO New proxy recv connection 98 from local rank 0, transport 2
ip-10-32-4-110:160253:160287 [0] NCCL INFO Connected to proxy localRank 0 -> connection 0x7fb024004de0
ip-10-32-4-110:160253:160287 [0] NCCL INFO Channel 08/0 : 8[0] -> 0[0] [receive] via NET/IB/0/GDRDMA comm 0x7fbbb2ed5010 nRanks 16
ip-10-32-4-110:160253:160287 [0] NCCL INFO GPU Direct RDMA Enabled for GPU 0 / HCA 0 (distance 4 <= 5), read 0 mode Default
ip-10-32-4-110:160253:160337 [0] NCCL INFO New proxy recv connection 99 from local rank 0, transport 2
ip-10-32-4-110:160253:160287 [0] NCCL INFO Connected to proxy localRank 0 -> connection 0x7fb024004e70
ip-10-32-4-110:160253:160287 [0] NCCL INFO Channel 12/0 : 8[0] -> 0[0] [receive] via NET/IB/0/GDRDMA comm 0x7fbbb2ed5010 nRanks 16
ip-10-32-4-110:160253:160287 [0] NCCL INFO GPU Direct RDMA Enabled for GPU 0 / HCA 0 (distance 4 <= 5), read 0 mode Default
ip-10-32-4-110:160253:160337 [0] NCCL INFO New proxy recv connection 100 from local rank 0, transport 2
ip-10-32-4-110:160253:160287 [0] NCCL INFO Connected to proxy localRank 0 -> connection 0x7fb024004f00
ip-10-32-4-110:160253:160287 [0] NCCL INFO Channel 16/0 : 8[0] -> 0[0] [receive] via NET/IB/0/GDRDMA comm 0x7fbbb2ed5010 nRanks 16
ip-10-32-4-110:160253:160287 [0] NCCL INFO GPU Direct RDMA Enabled for GPU 0 / HCA 0 (distance 4 <= 5), read 0 mode Default
ip-10-32-4-110:160253:160337 [0] NCCL INFO New proxy recv connection 101 from local rank 0, transport 2
ip-10-32-4-110:160253:160287 [0] NCCL INFO Connected to proxy localRank 0 -> connection 0x7fb024004f90
ip-10-32-4-110:160253:160287 [0] NCCL INFO Channel 20/0 : 8[0] -> 0[0] [receive] via NET/IB/0/GDRDMA comm 0x7fbbb2ed5010 nRanks 16
ip-10-32-4-110:160253:160287 [0] NCCL INFO GPU Direct RDMA Enabled for GPU 0 / HCA 0 (distance 4 <= 5), read 0 mode Default
ip-10-32-4-110:160253:160337 [0] NCCL INFO New proxy recv connection 102 from local rank 0, transport 2
ip-10-32-4-110:160253:160287 [0] NCCL INFO Connected to proxy localRank 0 -> connection 0x7fb024005020
ip-10-32-4-110:160253:160287 [0] NCCL INFO Channel 24/0 : 8[0] -> 0[0] [receive] via NET/IB/0/GDRDMA comm 0x7fbbb2ed5010 nRanks 16
ip-10-32-4-110:160253:160287 [0] NCCL INFO GPU Direct RDMA Enabled for GPU 0 / HCA 0 (distance 4 <= 5), read 0 mode Default
ip-10-32-4-110:160253:160337 [0] NCCL INFO New proxy recv connection 103 from local rank 0, transport 2
ip-10-32-4-110:160253:160287 [0] NCCL INFO Connected to proxy localRank 0 -> connection 0x7fb0240050b0
ip-10-32-4-110:160253:160287 [0] NCCL INFO Channel 28/0 : 8[0] -> 0[0] [receive] via NET/IB/0/GDRDMA comm 0x7fbbb2ed5010 nRanks 16
ip-10-32-4-110:160253:160287 [0] NCCL INFO GPU Direct RDMA Enabled for GPU 0 / HCA 0 (distance 4 <= 5), read 1 mode Default
ip-10-32-4-110:160253:160337 [0] NCCL INFO New proxy send connection 104 from local rank 0, transport 2
ip-10-32-4-110:160253:160287 [0] NCCL INFO Connected to proxy localRank 0 -> connection 0x7fb024005140
ip-10-32-4-110:160253:160287 [0] NCCL INFO Channel 00/0 : 0[0] -> 8[0] [send] via NET/IB/0/GDRDMA comm 0x7fbbb2ed5010 nRanks 16
ip-10-32-4-110:160253:160287 [0] NCCL INFO GPU Direct RDMA Enabled for GPU 0 / HCA 0 (distance 4 <= 5), read 1 mode Default
ip-10-32-4-110:160253:160337 [0] NCCL INFO New proxy send connection 105 from local rank 0, transport 2
ip-10-32-4-110:160253:160287 [0] NCCL INFO Connected to proxy localRank 0 -> connection 0x7fb0240051d0
ip-10-32-4-110:160253:160287 [0] NCCL INFO Channel 04/0 : 0[0] -> 8[0] [send] via NET/IB/0/GDRDMA comm 0x7fbbb2ed5010 nRanks 16
ip-10-32-4-110:160253:160287 [0] NCCL INFO GPU Direct RDMA Enabled for GPU 0 / HCA 0 (distance 4 <= 5), read 1 mode Default
ip-10-32-4-110:160253:160337 [0] NCCL INFO New proxy send connection 106 from local rank 0, transport 2
ip-10-32-4-110:160253:160287 [0] NCCL INFO Connected to proxy localRank 0 -> connection 0x7fb024005260
ip-10-32-4-110:160253:160287 [0] NCCL INFO Channel 08/0 : 0[0] -> 8[0] [send] via NET/IB/0/GDRDMA comm 0x7fbbb2ed5010 nRanks 16
ip-10-32-4-110:160253:160287 [0] NCCL INFO GPU Direct RDMA Enabled for GPU 0 / HCA 0 (distance 4 <= 5), read 1 mode Default
ip-10-32-4-110:160253:160337 [0] NCCL INFO New proxy send connection 107 from local rank 0, transport 2
ip-10-32-4-110:160253:160287 [0] NCCL INFO Connected to proxy localRank 0 -> connection 0x7fb0240052f0
ip-10-32-4-110:160253:160287 [0] NCCL INFO Channel 12/0 : 0[0] -> 8[0] [send] via NET/IB/0/GDRDMA comm 0x7fbbb2ed5010 nRanks 16
ip-10-32-4-110:160253:160287 [0] NCCL INFO GPU Direct RDMA Enabled for GPU 0 / HCA 0 (distance 4 <= 5), read 1 mode Default
ip-10-32-4-110:160253:160337 [0] NCCL INFO New proxy send connection 108 from local rank 0, transport 2
ip-10-32-4-110:160253:160287 [0] NCCL INFO Connected to proxy localRank 0 -> connection 0x7fb024005380
ip-10-32-4-110:160253:160287 [0] NCCL INFO Channel 16/0 : 0[0] -> 8[0] [send] via NET/IB/0/GDRDMA comm 0x7fbbb2ed5010 nRanks 16
ip-10-32-4-110:160253:160287 [0] NCCL INFO GPU Direct RDMA Enabled for GPU 0 / HCA 0 (distance 4 <= 5), read 1 mode Default
ip-10-32-4-110:160253:160337 [0] NCCL INFO New proxy send connection 109 from local rank 0, transport 2
ip-10-32-4-110:160253:160287 [0] NCCL INFO Connected to proxy localRank 0 -> connection 0x7fb024005410
ip-10-32-4-110:160253:160287 [0] NCCL INFO Channel 20/0 : 0[0] -> 8[0] [send] via NET/IB/0/GDRDMA comm 0x7fbbb2ed5010 nRanks 16
ip-10-32-4-110:160253:160287 [0] NCCL INFO GPU Direct RDMA Enabled for GPU 0 / HCA 0 (distance 4 <= 5), read 1 mode Default
ip-10-32-4-110:160253:160337 [0] NCCL INFO New proxy send connection 110 from local rank 0, transport 2
ip-10-32-4-110:160253:160287 [0] NCCL INFO Connected to proxy localRank 0 -> connection 0x7fb0240054a0
ip-10-32-4-110:160253:160287 [0] NCCL INFO Channel 24/0 : 0[0] -> 8[0] [send] via NET/IB/0/GDRDMA comm 0x7fbbb2ed5010 nRanks 16
ip-10-32-4-110:160253:160287 [0] NCCL INFO GPU Direct RDMA Enabled for GPU 0 / HCA 0 (distance 4 <= 5), read 1 mode Default
ip-10-32-4-110:160253:160337 [0] NCCL INFO New proxy send connection 111 from local rank 0, transport 2
ip-10-32-4-110:160253:160287 [0] NCCL INFO Connected to proxy localRank 0 -> connection 0x7fb024005530
ip-10-32-4-110:160253:160287 [0] NCCL INFO Channel 28/0 : 0[0] -> 8[0] [send] via NET/IB/0/GDRDMA comm 0x7fbbb2ed5010 nRanks 16
ip-10-32-4-110:160253:160337 [0] NCCL INFO New proxy recv connection 112 from local rank 0, transport 0
ip-10-32-4-110:160253:160287 [0] NCCL INFO Connected to proxy localRank 0 -> connection 0x7fb0240055c0
ip-10-32-4-110:160253:160337 [0] NCCL INFO New proxy recv connection 113 from local rank 0, transport 0
ip-10-32-4-110:160253:160287 [0] NCCL INFO Connected to proxy localRank 0 -> connection 0x7fb024005650
ip-10-32-4-110:160253:160337 [0] NCCL INFO New proxy recv connection 114 from local rank 0, transport 0
ip-10-32-4-110:160253:160287 [0] NCCL INFO Connected to proxy localRank 0 -> connection 0x7fb0240056e0
ip-10-32-4-110:160253:160337 [0] NCCL INFO New proxy recv connection 115 from local rank 0, transport 0
ip-10-32-4-110:160253:160287 [0] NCCL INFO Connected to proxy localRank 0 -> connection 0x7fb024005770
ip-10-32-4-110:160253:160337 [0] NCCL INFO New proxy recv connection 116 from local rank 0, transport 0
ip-10-32-4-110:160253:160287 [0] NCCL INFO Connected to proxy localRank 0 -> connection 0x7fb024005800
ip-10-32-4-110:160253:160337 [0] NCCL INFO New proxy recv connection 117 from local rank 0, transport 0
ip-10-32-4-110:160253:160287 [0] NCCL INFO Connected to proxy localRank 0 -> connection 0x7fb024005890
ip-10-32-4-110:160253:160337 [0] NCCL INFO New proxy recv connection 118 from local rank 0, transport 0
ip-10-32-4-110:160253:160287 [0] NCCL INFO Connected to proxy localRank 0 -> connection 0x7fb024005920
ip-10-32-4-110:160253:160337 [0] NCCL INFO New proxy recv connection 119 from local rank 0, transport 0
ip-10-32-4-110:160253:160287 [0] NCCL INFO Connected to proxy localRank 0 -> connection 0x7fb0240059b0
ip-10-32-4-110:160253:160337 [0] NCCL INFO New proxy recv connection 120 from local rank 0, transport 0
ip-10-32-4-110:160253:160287 [0] NCCL INFO Connected to proxy localRank 0 -> connection 0x7fb024005a40
ip-10-32-4-110:160253:160337 [0] NCCL INFO New proxy recv connection 121 from local rank 0, transport 0
ip-10-32-4-110:160253:160287 [0] NCCL INFO Connected to proxy localRank 0 -> connection 0x7fb024005ad0
ip-10-32-4-110:160253:160337 [0] NCCL INFO New proxy recv connection 122 from local rank 0, transport 0
ip-10-32-4-110:160253:160287 [0] NCCL INFO Connected to proxy localRank 0 -> connection 0x7fb024005b60
ip-10-32-4-110:160253:160337 [0] NCCL INFO New proxy recv connection 123 from local rank 0, transport 0
ip-10-32-4-110:160253:160287 [0] NCCL INFO Connected to proxy localRank 0 -> connection 0x7fb024005bf0
ip-10-32-4-110:160253:160337 [0] NCCL INFO New proxy recv connection 124 from local rank 0, transport 0
ip-10-32-4-110:160253:160287 [0] NCCL INFO Connected to proxy localRank 0 -> connection 0x7fb024005c80
ip-10-32-4-110:160253:160337 [0] NCCL INFO New proxy recv connection 125 from local rank 0, transport 0
ip-10-32-4-110:160253:160287 [0] NCCL INFO Connected to proxy localRank 0 -> connection 0x7fb024005d10
ip-10-32-4-110:160253:160337 [0] NCCL INFO New proxy recv connection 126 from local rank 0, transport 0
ip-10-32-4-110:160253:160287 [0] NCCL INFO Connected to proxy localRank 0 -> connection 0x7fb024005da0
ip-10-32-4-110:160253:160337 [0] NCCL INFO New proxy recv connection 127 from local rank 0, transport 0
ip-10-32-4-110:160253:160287 [0] NCCL INFO Connected to proxy localRank 0 -> connection 0x7fb024005e30
ip-10-32-4-110:160253:160337 [0] NCCL INFO New proxy recv connection 128 from local rank 0, transport 0
ip-10-32-4-110:160253:160287 [0] NCCL INFO Connected to proxy localRank 0 -> connection 0x7fb024a5a640
ip-10-32-4-110:160253:160337 [0] NCCL INFO New proxy recv connection 129 from local rank 0, transport 0
ip-10-32-4-110:160253:160287 [0] NCCL INFO Connected to proxy localRank 0 -> connection 0x7fb024a5a6d0
ip-10-32-4-110:160253:160337 [0] NCCL INFO New proxy recv connection 130 from local rank 0, transport 0
ip-10-32-4-110:160253:160287 [0] NCCL INFO Connected to proxy localRank 0 -> connection 0x7fb024a5a760
ip-10-32-4-110:160253:160337 [0] NCCL INFO New proxy recv connection 131 from local rank 0, transport 0
ip-10-32-4-110:160253:160287 [0] NCCL INFO Connected to proxy localRank 0 -> connection 0x7fb024a5a7f0
ip-10-32-4-110:160253:160337 [0] NCCL INFO New proxy recv connection 132 from local rank 0, transport 0
ip-10-32-4-110:160253:160287 [0] NCCL INFO Connected to proxy localRank 0 -> connection 0x7fb024a5a880
ip-10-32-4-110:160253:160337 [0] NCCL INFO New proxy recv connection 133 from local rank 0, transport 0
ip-10-32-4-110:160253:160287 [0] NCCL INFO Connected to proxy localRank 0 -> connection 0x7fb024a5a910
ip-10-32-4-110:160253:160337 [0] NCCL INFO New proxy recv connection 134 from local rank 0, transport 0
ip-10-32-4-110:160253:160287 [0] NCCL INFO Connected to proxy localRank 0 -> connection 0x7fb024a5a9a0
ip-10-32-4-110:160253:160337 [0] NCCL INFO New proxy recv connection 135 from local rank 0, transport 0
ip-10-32-4-110:160253:160287 [0] NCCL INFO Connected to proxy localRank 0 -> connection 0x7fb024a5aa30
ip-10-32-4-110:160253:160337 [0] NCCL INFO New proxy recv connection 136 from local rank 0, transport 0
ip-10-32-4-110:160253:160287 [0] NCCL INFO Connected to proxy localRank 0 -> connection 0x7fb024a5aac0
ip-10-32-4-110:160253:160337 [0] NCCL INFO New proxy recv connection 137 from local rank 0, transport 0
ip-10-32-4-110:160253:160287 [0] NCCL INFO Connected to proxy localRank 0 -> connection 0x7fb024a5ab50
ip-10-32-4-110:160253:160337 [0] NCCL INFO New proxy recv connection 138 from local rank 0, transport 0
ip-10-32-4-110:160253:160287 [0] NCCL INFO Connected to proxy localRank 0 -> connection 0x7fb024a5abe0
ip-10-32-4-110:160253:160337 [0] NCCL INFO New proxy recv connection 139 from local rank 0, transport 0
ip-10-32-4-110:160253:160287 [0] NCCL INFO Connected to proxy localRank 0 -> connection 0x7fb024a5ac70
ip-10-32-4-110:160253:160337 [0] NCCL INFO New proxy recv connection 140 from local rank 0, transport 0
ip-10-32-4-110:160253:160287 [0] NCCL INFO Connected to proxy localRank 0 -> connection 0x7fb024a5ad00
ip-10-32-4-110:160253:160337 [0] NCCL INFO New proxy recv connection 141 from local rank 0, transport 0
ip-10-32-4-110:160253:160287 [0] NCCL INFO Connected to proxy localRank 0 -> connection 0x7fb024a5ad90
ip-10-32-4-110:160253:160337 [0] NCCL INFO New proxy recv connection 142 from local rank 0, transport 0
ip-10-32-4-110:160253:160287 [0] NCCL INFO Connected to proxy localRank 0 -> connection 0x7fb024a5ae20
ip-10-32-4-110:160253:160337 [0] NCCL INFO New proxy recv connection 143 from local rank 0, transport 0
ip-10-32-4-110:160253:160287 [0] NCCL INFO Connected to proxy localRank 0 -> connection 0x7fb024a5aeb0
ip-10-32-4-110:160253:160337 [0] NCCL INFO NET/IB: ncclIbConnect isP2p=0
ip-10-32-4-110:160253:160337 [0] NCCL INFO NET/IB: ncclIbConnect Max Nqps=4, localNqps=4, remoteNqps=4
ip-10-32-4-110:160253:160337 [0] NCCL INFO NET/IB: NCCL Dev 0 IbDev 0 Port 1 qpn 48182 mtu 5 GID 3 (0/E627081AFFFF0000) fifoRkey=0x20b882 fifoLkey=0x20b882
ip-10-32-4-110:160253:160337 [0] NCCL INFO NET/IB: IbDev 0 Port 1 qpn 48182 query_ece={supported=1, vendor_id=0x15b3, options=0x30000002, comp_mask=0x0}
ip-10-32-4-110:160253:160337 [0] NCCL INFO NET/IB: NCCL Dev 0 IbDev 0 Port 1 qpn 48183 mtu 5 GID 3 (0/E627081AFFFF0000) fifoRkey=0x20b882 fifoLkey=0x20b882
ip-10-32-4-110:160253:160337 [0] NCCL INFO NET/IB: IbDev 0 Port 1 qpn 48183 query_ece={supported=1, vendor_id=0x15b3, options=0x30000002, comp_mask=0x0}
ip-10-32-4-110:160253:160337 [0] NCCL INFO NET/IB: NCCL Dev 0 IbDev 0 Port 1 qpn 48184 mtu 5 GID 3 (0/E627081AFFFF0000) fifoRkey=0x20b882 fifoLkey=0x20b882
ip-10-32-4-110:160253:160337 [0] NCCL INFO NET/IB: IbDev 0 Port 1 qpn 48184 query_ece={supported=1, vendor_id=0x15b3, options=0x30000002, comp_mask=0x0}
ip-10-32-4-110:160253:160337 [0] NCCL INFO NET/IB: NCCL Dev 0 IbDev 0 Port 1 qpn 48185 mtu 5 GID 3 (0/E627081AFFFF0000) fifoRkey=0x20b882 fifoLkey=0x20b882
ip-10-32-4-110:160253:160337 [0] NCCL INFO NET/IB: IbDev 0 Port 1 qpn 48185 query_ece={supported=1, vendor_id=0x15b3, options=0x30000002, comp_mask=0x0}
ip-10-32-4-110:160253:160337 [0] NCCL INFO NET/IB: ncclIbAccept Max Nqps=4, localNqps=4, remoteNqps=4
ip-10-32-4-110:160253:160337 [0] NCCL INFO NET/IB : QP 0x7fb024c73be8 (qpn=0xBC3A) src UDP port set to 60000 (qIndex=0)
ip-10-32-4-110:160253:160337 [0] NCCL INFO NET/IB : QP 0x7fb024d37be8 (qpn=0xBC3B) src UDP port set to 60051 (qIndex=1)
ip-10-32-4-110:160253:160337 [0] NCCL INFO NET/IB : QP 0x7fb024bafbe8 (qpn=0xBC3C) src UDP port set to 57663 (qIndex=2)
ip-10-32-4-110:160253:160337 [0] NCCL INFO NET/IB : QP 0x7fb024c43ba8 (qpn=0xBC3D) src UDP port set to 57804 (qIndex=3)
ip-10-32-4-110:160253:160337 [0] NCCL INFO NET/IB : QP 0x7fb024d07ba8 (qpn=0xBC3E) src UDP port set to 60000 (qIndex=-1)
ip-10-32-4-110:160253:160337 [0] NCCL INFO NET/IB: IbDev 0 Port 1 qpn 48182 set_ece={supported=1, vendor_id=0x15b3, options=0x30000002, comp_mask=0x0}
ip-10-32-4-110:160253:160337 [0] NCCL INFO NET/IB : QP 0x7fb0248caac8 (qpn=0xBC36) src UDP port set to 60000 (qIndex=0)
ip-10-32-4-110:160253:160337 [0] NCCL INFO NET/IB: IbDev 0 Port 1 qpn 48183 set_ece={supported=1, vendor_id=0x15b3, options=0x30000002, comp_mask=0x0}
ip-10-32-4-110:160253:160337 [0] NCCL INFO NET/IB : QP 0x7fb0241755b8 (qpn=0xBC37) src UDP port set to 60051 (qIndex=1)
ip-10-32-4-110:160253:160337 [0] NCCL INFO NET/IB: IbDev 0 Port 1 qpn 48184 set_ece={supported=1, vendor_id=0x15b3, options=0x30000002, comp_mask=0x0}
ip-10-32-4-110:160253:160337 [0] NCCL INFO NET/IB : QP 0x7fb024d3a4d8 (qpn=0xBC38) src UDP port set to 57663 (qIndex=2)
ip-10-32-4-110:160253:160337 [0] NCCL INFO NET/IB: IbDev 0 Port 1 qpn 48185 set_ece={supported=1, vendor_id=0x15b3, options=0x30000002, comp_mask=0x0}
ip-10-32-4-110:160253:160337 [0] NCCL INFO NET/IB : QP 0x7fb024d3a8a8 (qpn=0xBC39) src UDP port set to 57804 (qIndex=3)
ip-10-32-4-110:160253:160337 [0] NCCL INFO NET/IB: ncclIbConnect isP2p=0
ip-10-32-4-110:160253:160337 [0] NCCL INFO NET/IB: ncclIbConnect Max Nqps=4, localNqps=4, remoteNqps=4
ip-10-32-4-110:160253:160337 [0] NCCL INFO NET/IB: NCCL Dev 0 IbDev 0 Port 1 qpn 48191 mtu 5 GID 3 (0/E627081AFFFF0000) fifoRkey=0x2232ec fifoLkey=0x2232ec
ip-10-32-4-110:160253:160337 [0] NCCL INFO NET/IB: IbDev 0 Port 1 qpn 48191 query_ece={supported=1, vendor_id=0x15b3, options=0x30000002, comp_mask=0x0}
ip-10-32-4-110:160253:160337 [0] NCCL INFO NET/IB: NCCL Dev 0 IbDev 0 Port 1 qpn 48192 mtu 5 GID 3 (0/E627081AFFFF0000) fifoRkey=0x2232ec fifoLkey=0x2232ec
ip-10-32-4-110:160253:160337 [0] NCCL INFO NET/IB: IbDev 0 Port 1 qpn 48192 query_ece={supported=1, vendor_id=0x15b3, options=0x30000002, comp_mask=0x0}
ip-10-32-4-110:160253:160337 [0] NCCL INFO NET/IB: NCCL Dev 0 IbDev 0 Port 1 qpn 48193 mtu 5 GID 3 (0/E627081AFFFF0000) fifoRkey=0x2232ec fifoLkey=0x2232ec
ip-10-32-4-110:160253:160337 [0] NCCL INFO NET/IB: IbDev 0 Port 1 qpn 48193 query_ece={supported=1, vendor_id=0x15b3, options=0x30000002, comp_mask=0x0}
ip-10-32-4-110:160253:160337 [0] NCCL INFO NET/IB: NCCL Dev 0 IbDev 0 Port 1 qpn 48194 mtu 5 GID 3 (0/E627081AFFFF0000) fifoRkey=0x2232ec fifoLkey=0x2232ec
ip-10-32-4-110:160253:160337 [0] NCCL INFO NET/IB: IbDev 0 Port 1 qpn 48194 query_ece={supported=1, vendor_id=0x15b3, options=0x30000002, comp_mask=0x0}
ip-10-32-4-110:160253:160337 [0] NCCL INFO NET/IB: ncclIbAccept Max Nqps=4, localNqps=4, remoteNqps=4
ip-10-32-4-110:160253:160337 [0] NCCL INFO NET/IB : QP 0x7fb024b50258 (qpn=0xBC43) src UDP port set to 60000 (qIndex=0)
ip-10-32-4-110:160253:160337 [0] NCCL INFO NET/IB : QP 0x7fb024b4e218 (qpn=0xBC44) src UDP port set to 60051 (qIndex=1)
ip-10-32-4-110:160253:160337 [0] NCCL INFO NET/IB : QP 0x7fb024b1e1d8 (qpn=0xBC45) src UDP port set to 57663 (qIndex=2)
ip-10-32-4-110:160253:160337 [0] NCCL INFO NET/IB : QP 0x7fb024b1c198 (qpn=0xBC46) src UDP port set to 57804 (qIndex=3)
ip-10-32-4-110:160253:160337 [0] NCCL INFO NET/IB : QP 0x7fb024c11158 (qpn=0xBC47) src UDP port set to 60000 (qIndex=-1)
ip-10-32-4-110:160253:160337 [0] NCCL INFO NET/IB: IbDev 0 Port 1 qpn 48191 set_ece={supported=1, vendor_id=0x15b3, options=0x30000002, comp_mask=0x0}
ip-10-32-4-110:160253:160337 [0] NCCL INFO NET/IB : QP 0x7fb024b7c298 (qpn=0xBC3F) src UDP port set to 60000 (qIndex=0)
ip-10-32-4-110:160253:160337 [0] NCCL INFO NET/IB: IbDev 0 Port 1 qpn 48192 set_ece={supported=1, vendor_id=0x15b3, options=0x30000002, comp_mask=0x0}
ip-10-32-4-110:160253:160337 [0] NCCL INFO NET/IB : QP 0x7fb024c40298 (qpn=0xBC40) src UDP port set to 60051 (qIndex=1)
ip-10-32-4-110:160253:160337 [0] NCCL INFO NET/IB: IbDev 0 Port 1 qpn 48193 set_ece={supported=1, vendor_id=0x15b3, options=0x30000002, comp_mask=0x0}
ip-10-32-4-110:160253:160337 [0] NCCL INFO NET/IB : QP 0x7fb024cd8258 (qpn=0xBC41) src UDP port set to 57663 (qIndex=2)
ip-10-32-4-110:160253:160337 [0] NCCL INFO NET/IB: IbDev 0 Port 1 qpn 48194 set_ece={supported=1, vendor_id=0x15b3, options=0x30000002, comp_mask=0x0}
ip-10-32-4-110:160253:160337 [0] NCCL INFO NET/IB : QP 0x7fb024c14258 (qpn=0xBC42) src UDP port set to 57804 (qIndex=3)
ip-10-32-4-110:160253:160337 [0] NCCL INFO NET/IB: ncclIbAccept Max Nqps=4, localNqps=4, remoteNqps=4
ip-10-32-4-110:160253:160337 [0] NCCL INFO NET/IB : QP 0x7fb024cd5158 (qpn=0xBC48) src UDP port set to 60000 (qIndex=0)
ip-10-32-4-110:160253:160337 [0] NCCL INFO NET/IB : QP 0x7fb024faf0c8 (qpn=0xBC49) src UDP port set to 60051 (qIndex=1)
ip-10-32-4-110:160253:160337 [0] NCCL INFO NET/IB : QP 0x7fb024abe0d8 (qpn=0xBC4A) src UDP port set to 57663 (qIndex=2)
ip-10-32-4-110:160253:160337 [0] NCCL INFO NET/IB : QP 0x7fb0251af0c8 (qpn=0xBC4B) src UDP port set to 57804 (qIndex=3)
ip-10-32-4-110:160253:160337 [0] NCCL INFO NET/IB : QP 0x7fb024e2f0b8 (qpn=0xBC4C) src UDP port set to 60000 (qIndex=-1)
ip-10-32-4-110:160253:160337 [0] NCCL INFO NET/IB: ncclIbConnect isP2p=0
ip-10-32-4-110:160253:160337 [0] NCCL INFO NET/IB: ncclIbConnect Max Nqps=4, localNqps=4, remoteNqps=4
ip-10-32-4-110:160253:160337 [0] NCCL INFO NET/IB: NCCL Dev 0 IbDev 0 Port 1 qpn 48205 mtu 5 GID 3 (0/E627081AFFFF0000) fifoRkey=0x20e8b2 fifoLkey=0x20e8b2
ip-10-32-4-110:160253:160337 [0] NCCL INFO NET/IB: IbDev 0 Port 1 qpn 48205 query_ece={supported=1, vendor_id=0x15b3, options=0x30000002, comp_mask=0x0}
ip-10-32-4-110:160253:160337 [0] NCCL INFO NET/IB: NCCL Dev 0 IbDev 0 Port 1 qpn 48206 mtu 5 GID 3 (0/E627081AFFFF0000) fifoRkey=0x20e8b2 fifoLkey=0x20e8b2
ip-10-32-4-110:160253:160337 [0] NCCL INFO NET/IB: IbDev 0 Port 1 qpn 48206 query_ece={supported=1, vendor_id=0x15b3, options=0x30000002, comp_mask=0x0}
ip-10-32-4-110:160253:160337 [0] NCCL INFO NET/IB: NCCL Dev 0 IbDev 0 Port 1 qpn 48207 mtu 5 GID 3 (0/E627081AFFFF0000) fifoRkey=0x20e8b2 fifoLkey=0x20e8b2
ip-10-32-4-110:160253:160337 [0] NCCL INFO NET/IB: IbDev 0 Port 1 qpn 48207 query_ece={supported=1, vendor_id=0x15b3, options=0x30000002, comp_mask=0x0}
ip-10-32-4-110:160253:160337 [0] NCCL INFO NET/IB: NCCL Dev 0 IbDev 0 Port 1 qpn 48208 mtu 5 GID 3 (0/E627081AFFFF0000) fifoRkey=0x20e8b2 fifoLkey=0x20e8b2
ip-10-32-4-110:160253:160337 [0] NCCL INFO NET/IB: IbDev 0 Port 1 qpn 48208 query_ece={supported=1, vendor_id=0x15b3, options=0x30000002, comp_mask=0x0}
ip-10-32-4-110:160253:160337 [0] NCCL INFO NET/IB: ncclIbConnect isP2p=0
ip-10-32-4-110:160253:160337 [0] NCCL INFO NET/IB: ncclIbConnect Max Nqps=4, localNqps=4, remoteNqps=4
ip-10-32-4-110:160253:160337 [0] NCCL INFO NET/IB: NCCL Dev 0 IbDev 0 Port 1 qpn 48209 mtu 5 GID 3 (0/E627081AFFFF0000) fifoRkey=0x160ebe fifoLkey=0x160ebe
ip-10-32-4-110:160253:160337 [0] NCCL INFO NET/IB: IbDev 0 Port 1 qpn 48209 query_ece={supported=1, vendor_id=0x15b3, options=0x30000002, comp_mask=0x0}
ip-10-32-4-110:160253:160337 [0] NCCL INFO NET/IB: NCCL Dev 0 IbDev 0 Port 1 qpn 48210 mtu 5 GID 3 (0/E627081AFFFF0000) fifoRkey=0x160ebe fifoLkey=0x160ebe
ip-10-32-4-110:160253:160337 [0] NCCL INFO NET/IB: IbDev 0 Port 1 qpn 48210 query_ece={supported=1, vendor_id=0x15b3, options=0x30000002, comp_mask=0x0}
ip-10-32-4-110:160253:160337 [0] NCCL INFO NET/IB: NCCL Dev 0 IbDev 0 Port 1 qpn 48211 mtu 5 GID 3 (0/E627081AFFFF0000) fifoRkey=0x160ebe fifoLkey=0x160ebe
ip-10-32-4-110:160253:160337 [0] NCCL INFO NET/IB: IbDev 0 Port 1 qpn 48211 query_ece={supported=1, vendor_id=0x15b3, options=0x30000002, comp_mask=0x0}
ip-10-32-4-110:160253:160337 [0] NCCL INFO NET/IB: NCCL Dev 0 IbDev 0 Port 1 qpn 48212 mtu 5 GID 3 (0/E627081AFFFF0000) fifoRkey=0x160ebe fifoLkey=0x160ebe
ip-10-32-4-110:160253:160337 [0] NCCL INFO NET/IB: IbDev 0 Port 1 qpn 48212 query_ece={supported=1, vendor_id=0x15b3, options=0x30000002, comp_mask=0x0}
ip-10-32-4-110:160253:160337 [0] NCCL INFO NET/IB: ncclIbConnect isP2p=0
ip-10-32-4-110:160253:160337 [0] NCCL INFO NET/IB: ncclIbConnect Max Nqps=4, localNqps=4, remoteNqps=4
ip-10-32-4-110:160253:160337 [0] NCCL INFO NET/IB: NCCL Dev 0 IbDev 0 Port 1 qpn 48213 mtu 5 GID 3 (0/E627081AFFFF0000) fifoRkey=0x17af5d fifoLkey=0x17af5d
ip-10-32-4-110:160253:160337 [0] NCCL INFO NET/IB: IbDev 0 Port 1 qpn 48213 query_ece={supported=1, vendor_id=0x15b3, options=0x30000002, comp_mask=0x0}
ip-10-32-4-110:160253:160337 [0] NCCL INFO NET/IB: NCCL Dev 0 IbDev 0 Port 1 qpn 48214 mtu 5 GID 3 (0/E627081AFFFF0000) fifoRkey=0x17af5d fifoLkey=0x17af5d
ip-10-32-4-110:160253:160337 [0] NCCL INFO NET/IB: IbDev 0 Port 1 qpn 48214 query_ece={supported=1, vendor_id=0x15b3, options=0x30000002, comp_mask=0x0}
ip-10-32-4-110:160253:160337 [0] NCCL INFO NET/IB: NCCL Dev 0 IbDev 0 Port 1 qpn 48215 mtu 5 GID 3 (0/E627081AFFFF0000) fifoRkey=0x17af5d fifoLkey=0x17af5d
ip-10-32-4-110:160253:160337 [0] NCCL INFO NET/IB: IbDev 0 Port 1 qpn 48215 query_ece={supported=1, vendor_id=0x15b3, options=0x30000002, comp_mask=0x0}
ip-10-32-4-110:160253:160337 [0] NCCL INFO NET/IB: NCCL Dev 0 IbDev 0 Port 1 qpn 48216 mtu 5 GID 3 (0/E627081AFFFF0000) fifoRkey=0x17af5d fifoLkey=0x17af5d
ip-10-32-4-110:160253:160337 [0] NCCL INFO NET/IB: IbDev 0 Port 1 qpn 48216 query_ece={supported=1, vendor_id=0x15b3, options=0x30000002, comp_mask=0x0}
ip-10-32-4-110:160253:160337 [0] NCCL INFO NET/IB: ncclIbConnect isP2p=0
ip-10-32-4-110:160253:160337 [0] NCCL INFO NET/IB: ncclIbConnect Max Nqps=4, localNqps=4, remoteNqps=4
ip-10-32-4-110:160253:160337 [0] NCCL INFO NET/IB: NCCL Dev 0 IbDev 0 Port 1 qpn 48217 mtu 5 GID 3 (0/E627081AFFFF0000) fifoRkey=0x2210d2 fifoLkey=0x2210d2
ip-10-32-4-110:160253:160337 [0] NCCL INFO NET/IB: IbDev 0 Port 1 qpn 48217 query_ece={supported=1, vendor_id=0x15b3, options=0x30000002, comp_mask=0x0}
ip-10-32-4-110:160253:160337 [0] NCCL INFO NET/IB: NCCL Dev 0 IbDev 0 Port 1 qpn 48218 mtu 5 GID 3 (0/E627081AFFFF0000) fifoRkey=0x2210d2 fifoLkey=0x2210d2
ip-10-32-4-110:160253:160337 [0] NCCL INFO NET/IB: IbDev 0 Port 1 qpn 48218 query_ece={supported=1, vendor_id=0x15b3, options=0x30000002, comp_mask=0x0}
ip-10-32-4-110:160253:160337 [0] NCCL INFO NET/IB: NCCL Dev 0 IbDev 0 Port 1 qpn 48219 mtu 5 GID 3 (0/E627081AFFFF0000) fifoRkey=0x2210d2 fifoLkey=0x2210d2
ip-10-32-4-110:160253:160337 [0] NCCL INFO NET/IB: IbDev 0 Port 1 qpn 48219 query_ece={supported=1, vendor_id=0x15b3, options=0x30000002, comp_mask=0x0}
ip-10-32-4-110:160253:160337 [0] NCCL INFO NET/IB: NCCL Dev 0 IbDev 0 Port 1 qpn 48220 mtu 5 GID 3 (0/E627081AFFFF0000) fifoRkey=0x2210d2 fifoLkey=0x2210d2
ip-10-32-4-110:160253:160337 [0] NCCL INFO NET/IB: IbDev 0 Port 1 qpn 48220 query_ece={supported=1, vendor_id=0x15b3, options=0x30000002, comp_mask=0x0}
ip-10-32-4-110:160253:160337 [0] NCCL INFO NET/IB: ncclIbConnect isP2p=0
ip-10-32-4-110:160253:160337 [0] NCCL INFO NET/IB: ncclIbConnect Max Nqps=4, localNqps=4, remoteNqps=4
ip-10-32-4-110:160253:160337 [0] NCCL INFO NET/IB: NCCL Dev 0 IbDev 0 Port 1 qpn 48221 mtu 5 GID 3 (0/E627081AFFFF0000) fifoRkey=0x21e521 fifoLkey=0x21e521
ip-10-32-4-110:160253:160337 [0] NCCL INFO NET/IB: IbDev 0 Port 1 qpn 48221 query_ece={supported=1, vendor_id=0x15b3, options=0x30000002, comp_mask=0x0}
ip-10-32-4-110:160253:160337 [0] NCCL INFO NET/IB: NCCL Dev 0 IbDev 0 Port 1 qpn 48222 mtu 5 GID 3 (0/E627081AFFFF0000) fifoRkey=0x21e521 fifoLkey=0x21e521
ip-10-32-4-110:160253:160337 [0] NCCL INFO NET/IB: IbDev 0 Port 1 qpn 48222 query_ece={supported=1, vendor_id=0x15b3, options=0x30000002, comp_mask=0x0}
ip-10-32-4-110:160253:160337 [0] NCCL INFO NET/IB: NCCL Dev 0 IbDev 0 Port 1 qpn 48223 mtu 5 GID 3 (0/E627081AFFFF0000) fifoRkey=0x21e521 fifoLkey=0x21e521
ip-10-32-4-110:160253:160337 [0] NCCL INFO NET/IB: IbDev 0 Port 1 qpn 48223 query_ece={supported=1, vendor_id=0x15b3, options=0x30000002, comp_mask=0x0}
ip-10-32-4-110:160253:160337 [0] NCCL INFO NET/IB: NCCL Dev 0 IbDev 0 Port 1 qpn 48224 mtu 5 GID 3 (0/E627081AFFFF0000) fifoRkey=0x21e521 fifoLkey=0x21e521
ip-10-32-4-110:160253:160337 [0] NCCL INFO NET/IB: IbDev 0 Port 1 qpn 48224 query_ece={supported=1, vendor_id=0x15b3, options=0x30000002, comp_mask=0x0}
ip-10-32-4-110:160253:160337 [0] NCCL INFO NET/IB: ncclIbConnect isP2p=0
ip-10-32-4-110:160253:160337 [0] NCCL INFO NET/IB: ncclIbConnect Max Nqps=4, localNqps=4, remoteNqps=4
ip-10-32-4-110:160253:160337 [0] NCCL INFO NET/IB: NCCL Dev 0 IbDev 0 Port 1 qpn 48225 mtu 5 GID 3 (0/E627081AFFFF0000) fifoRkey=0x21e21e fifoLkey=0x21e21e
ip-10-32-4-110:160253:160337 [0] NCCL INFO NET/IB: IbDev 0 Port 1 qpn 48225 query_ece={supported=1, vendor_id=0x15b3, options=0x30000002, comp_mask=0x0}
ip-10-32-4-110:160253:160337 [0] NCCL INFO NET/IB: NCCL Dev 0 IbDev 0 Port 1 qpn 48226 mtu 5 GID 3 (0/E627081AFFFF0000) fifoRkey=0x21e21e fifoLkey=0x21e21e
ip-10-32-4-110:160253:160337 [0] NCCL INFO NET/IB: IbDev 0 Port 1 qpn 48226 query_ece={supported=1, vendor_id=0x15b3, options=0x30000002, comp_mask=0x0}
ip-10-32-4-110:160253:160337 [0] NCCL INFO NET/IB: NCCL Dev 0 IbDev 0 Port 1 qpn 48227 mtu 5 GID 3 (0/E627081AFFFF0000) fifoRkey=0x21e21e fifoLkey=0x21e21e
ip-10-32-4-110:160253:160337 [0] NCCL INFO NET/IB: IbDev 0 Port 1 qpn 48227 query_ece={supported=1, vendor_id=0x15b3, options=0x30000002, comp_mask=0x0}
ip-10-32-4-110:160253:160337 [0] NCCL INFO NET/IB: NCCL Dev 0 IbDev 0 Port 1 qpn 48228 mtu 5 GID 3 (0/E627081AFFFF0000) fifoRkey=0x21e21e fifoLkey=0x21e21e
ip-10-32-4-110:160253:160337 [0] NCCL INFO NET/IB: IbDev 0 Port 1 qpn 48228 query_ece={supported=1, vendor_id=0x15b3, options=0x30000002, comp_mask=0x0}
ip-10-32-4-110:160253:160337 [0] NCCL INFO NET/IB: IbDev 0 Port 1 qpn 48205 set_ece={supported=1, vendor_id=0x15b3, options=0x30000002, comp_mask=0x0}
ip-10-32-4-110:160253:160337 [0] NCCL INFO NET/IB : QP 0x7fb024e2f998 (qpn=0xBC4D) src UDP port set to 60000 (qIndex=0)
ip-10-32-4-110:160253:160337 [0] NCCL INFO NET/IB: IbDev 0 Port 1 qpn 48206 set_ece={supported=1, vendor_id=0x15b3, options=0x30000002, comp_mask=0x0}
ip-10-32-4-110:160253:160337 [0] NCCL INFO NET/IB : QP 0x7fb0251428c8 (qpn=0xBC4E) src UDP port set to 60051 (qIndex=1)
ip-10-32-4-110:160253:160337 [0] NCCL INFO NET/IB: IbDev 0 Port 1 qpn 48207 set_ece={supported=1, vendor_id=0x15b3, options=0x30000002, comp_mask=0x0}
ip-10-32-4-110:160253:160337 [0] NCCL INFO NET/IB : QP 0x7fb0252038c8 (qpn=0xBC4F) src UDP port set to 57663 (qIndex=2)
ip-10-32-4-110:160253:160337 [0] NCCL INFO NET/IB: IbDev 0 Port 1 qpn 48208 set_ece={supported=1, vendor_id=0x15b3, options=0x30000002, comp_mask=0x0}
ip-10-32-4-110:160253:160337 [0] NCCL INFO NET/IB : QP 0x7fb0250038c8 (qpn=0xBC50) src UDP port set to 57804 (qIndex=3)
ip-10-32-4-110:160253:160337 [0] NCCL INFO NET/IB: ncclIbAccept Max Nqps=4, localNqps=4, remoteNqps=4
ip-10-32-4-110:160253:160337 [0] NCCL INFO NET/IB : QP 0x7fb024ec4858 (qpn=0xBC65) src UDP port set to 60000 (qIndex=0)
ip-10-32-4-110:160253:160337 [0] NCCL INFO NET/IB : QP 0x7fb024f18858 (qpn=0xBC66) src UDP port set to 60051 (qIndex=1)
ip-10-32-4-110:160253:160337 [0] NCCL INFO NET/IB : QP 0x7fb024f18c28 (qpn=0xBC67) src UDP port set to 57663 (qIndex=2)
ip-10-32-4-110:160253:160337 [0] NCCL INFO NET/IB : QP 0x7fb02583a898 (qpn=0xBC68) src UDP port set to 57804 (qIndex=3)
ip-10-32-4-110:160253:160337 [0] NCCL INFO NET/IB : QP 0x7fb024fd9858 (qpn=0xBC69) src UDP port set to 60000 (qIndex=-1)
ip-10-32-4-110:160253:160337 [0] NCCL INFO NET/IB: IbDev 0 Port 1 qpn 48209 set_ece={supported=1, vendor_id=0x15b3, options=0x30000002, comp_mask=0x0}
ip-10-32-4-110:160253:160337 [0] NCCL INFO NET/IB : QP 0x7fb024f428c8 (qpn=0xBC51) src UDP port set to 60000 (qIndex=0)
ip-10-32-4-110:160253:160337 [0] NCCL INFO NET/IB: IbDev 0 Port 1 qpn 48210 set_ece={supported=1, vendor_id=0x15b3, options=0x30000002, comp_mask=0x0}
ip-10-32-4-110:160253:160337 [0] NCCL INFO NET/IB : QP 0x7fb024eee8c8 (qpn=0xBC52) src UDP port set to 60051 (qIndex=1)
ip-10-32-4-110:160253:160337 [0] NCCL INFO NET/IB: IbDev 0 Port 1 qpn 48211 set_ece={supported=1, vendor_id=0x15b3, options=0x30000002, comp_mask=0x0}
ip-10-32-4-110:160253:160337 [0] NCCL INFO NET/IB : QP 0x7fb0252578c8 (qpn=0xBC53) src UDP port set to 57663 (qIndex=2)
ip-10-32-4-110:160253:160337 [0] NCCL INFO NET/IB: IbDev 0 Port 1 qpn 48212 set_ece={supported=1, vendor_id=0x15b3, options=0x30000002, comp_mask=0x0}
ip-10-32-4-110:160253:160337 [0] NCCL INFO NET/IB : QP 0x7fb0252ee8c8 (qpn=0xBC54) src UDP port set to 57804 (qIndex=3)
ip-10-32-4-110:160253:160337 [0] NCCL INFO NET/IB: ncclIbAccept Max Nqps=4, localNqps=4, remoteNqps=4
ip-10-32-4-110:160253:160337 [0] NCCL INFO NET/IB : QP 0x7fb024fd9c28 (qpn=0xBC6A) src UDP port set to 60000 (qIndex=0)
ip-10-32-4-110:160253:160337 [0] NCCL INFO NET/IB : QP 0x7fb0258e28c8 (qpn=0xBC6B) src UDP port set to 60051 (qIndex=1)
ip-10-32-4-110:160253:160337 [0] NCCL INFO NET/IB : QP 0x7fb025906868 (qpn=0xBC6C) src UDP port set to 57663 (qIndex=2)
ip-10-32-4-110:160253:160337 [0] NCCL INFO NET/IB : QP 0x7fb025906c38 (qpn=0xBC6D) src UDP port set to 57804 (qIndex=3)
ip-10-32-4-110:160253:160337 [0] NCCL INFO NET/IB : QP 0x7fb0259798c8 (qpn=0xBC6E) src UDP port set to 60000 (qIndex=-1)
ip-10-32-4-110:160253:160337 [0] NCCL INFO NET/IB: IbDev 0 Port 1 qpn 48213 set_ece={supported=1, vendor_id=0x15b3, options=0x30000002, comp_mask=0x0}
ip-10-32-4-110:160253:160337 [0] NCCL INFO NET/IB : QP 0x7fb0253428c8 (qpn=0xBC55) src UDP port set to 60000 (qIndex=0)
ip-10-32-4-110:160253:160337 [0] NCCL INFO NET/IB: IbDev 0 Port 1 qpn 48214 set_ece={supported=1, vendor_id=0x15b3, options=0x30000002, comp_mask=0x0}
ip-10-32-4-110:160253:160337 [0] NCCL INFO NET/IB : QP 0x7fb0254018c8 (qpn=0xBC56) src UDP port set to 60051 (qIndex=1)
ip-10-32-4-110:160253:160337 [0] NCCL INFO NET/IB: IbDev 0 Port 1 qpn 48215 set_ece={supported=1, vendor_id=0x15b3, options=0x30000002, comp_mask=0x0}
ip-10-32-4-110:160253:160337 [0] NCCL INFO NET/IB : QP 0x7fb024ddb8c8 (qpn=0xBC57) src UDP port set to 57663 (qIndex=2)
ip-10-32-4-110:160253:160337 [0] NCCL INFO NET/IB: IbDev 0 Port 1 qpn 48216 set_ece={supported=1, vendor_id=0x15b3, options=0x30000002, comp_mask=0x0}
ip-10-32-4-110:160253:160337 [0] NCCL INFO NET/IB : QP 0x7fb0250ee8c8 (qpn=0xBC58) src UDP port set to 57804 (qIndex=3)
ip-10-32-4-110:160253:160337 [0] NCCL INFO NET/IB: ncclIbAccept Max Nqps=4, localNqps=4, remoteNqps=4
ip-10-32-4-110:160253:160337 [0] NCCL INFO NET/IB : QP 0x7fb024e05858 (qpn=0xBC6F) src UDP port set to 60000 (qIndex=0)
ip-10-32-4-110:160253:160337 [0] NCCL INFO NET/IB : QP 0x7fb024e05c28 (qpn=0xBC70) src UDP port set to 60051 (qIndex=1)
ip-10-32-4-110:160253:160337 [0] NCCL INFO NET/IB : QP 0x7fb025a64898 (qpn=0xBC71) src UDP port set to 57663 (qIndex=2)
ip-10-32-4-110:160253:160337 [0] NCCL INFO NET/IB : QP 0x7fb025a19898 (qpn=0xBC72) src UDP port set to 57804 (qIndex=3)
ip-10-32-4-110:160253:160337 [0] NCCL INFO NET/IB : QP 0x7fb02522d858 (qpn=0xBC73) src UDP port set to 60000 (qIndex=-1)
ip-10-32-4-110:160253:160337 [0] NCCL INFO NET/IB: IbDev 0 Port 1 qpn 48217 set_ece={supported=1, vendor_id=0x15b3, options=0x30000002, comp_mask=0x0}
ip-10-32-4-110:160253:160337 [0] NCCL INFO NET/IB : QP 0x7fb02509a898 (qpn=0xBC59) src UDP port set to 60000 (qIndex=0)
ip-10-32-4-110:160253:160337 [0] NCCL INFO NET/IB: IbDev 0 Port 1 qpn 48218 set_ece={supported=1, vendor_id=0x15b3, options=0x30000002, comp_mask=0x0}
ip-10-32-4-110:160253:160337 [0] NCCL INFO NET/IB : QP 0x7fb0253ad898 (qpn=0xBC5A) src UDP port set to 60051 (qIndex=1)
ip-10-32-4-110:160253:160337 [0] NCCL INFO NET/IB: IbDev 0 Port 1 qpn 48219 set_ece={supported=1, vendor_id=0x15b3, options=0x30000002, comp_mask=0x0}
ip-10-32-4-110:160253:160337 [0] NCCL INFO NET/IB : QP 0x7fb02544d898 (qpn=0xBC5B) src UDP port set to 57663 (qIndex=2)
ip-10-32-4-110:160253:160337 [0] NCCL INFO NET/IB: IbDev 0 Port 1 qpn 48220 set_ece={supported=1, vendor_id=0x15b3, options=0x30000002, comp_mask=0x0}
ip-10-32-4-110:160253:160337 [0] NCCL INFO NET/IB : QP 0x7fb02557f898 (qpn=0xBC5C) src UDP port set to 57804 (qIndex=3)
ip-10-32-4-110:160253:160337 [0] NCCL INFO NET/IB: ncclIbAccept Max Nqps=4, localNqps=4, remoteNqps=4
ip-10-32-4-110:160253:160337 [0] NCCL INFO NET/IB : QP 0x7fb025b0c0b8 (qpn=0xBC74) src UDP port set to 60000 (qIndex=0)
ip-10-32-4-110:160253:160337 [0] NCCL INFO NET/IB : QP 0x7fb025b30058 (qpn=0xBC75) src UDP port set to 60051 (qIndex=1)
ip-10-32-4-110:160253:160337 [0] NCCL INFO NET/IB : QP 0x7fb025b30c38 (qpn=0xBC76) src UDP port set to 57663 (qIndex=2)
ip-10-32-4-110:160253:160337 [0] NCCL INFO NET/IB : QP 0x7fb025ba38c8 (qpn=0xBC77) src UDP port set to 57804 (qIndex=3)
ip-10-32-4-110:160253:160337 [0] NCCL INFO NET/IB : QP 0x7fb025bf70b8 (qpn=0xBC78) src UDP port set to 60000 (qIndex=-1)
ip-10-32-4-110:160253:160337 [0] NCCL INFO NET/IB: IbDev 0 Port 1 qpn 48221 set_ece={supported=1, vendor_id=0x15b3, options=0x30000002, comp_mask=0x0}
ip-10-32-4-110:160253:160337 [0] NCCL INFO NET/IB : QP 0x7fb024e9a898 (qpn=0xBC5D) src UDP port set to 60000 (qIndex=0)
ip-10-32-4-110:160253:160337 [0] NCCL INFO NET/IB: IbDev 0 Port 1 qpn 48222 set_ece={supported=1, vendor_id=0x15b3, options=0x30000002, comp_mask=0x0}
ip-10-32-4-110:160253:160337 [0] NCCL INFO NET/IB : QP 0x7fb02504f898 (qpn=0xBC5E) src UDP port set to 60051 (qIndex=1)
ip-10-32-4-110:160253:160337 [0] NCCL INFO NET/IB: IbDev 0 Port 1 qpn 48223 set_ece={supported=1, vendor_id=0x15b3, options=0x30000002, comp_mask=0x0}
ip-10-32-4-110:160253:160337 [0] NCCL INFO NET/IB : QP 0x7fb025668898 (qpn=0xBC5F) src UDP port set to 57663 (qIndex=2)
ip-10-32-4-110:160253:160337 [0] NCCL INFO NET/IB: IbDev 0 Port 1 qpn 48224 set_ece={supported=1, vendor_id=0x15b3, options=0x30000002, comp_mask=0x0}
ip-10-32-4-110:160253:160337 [0] NCCL INFO NET/IB : QP 0x7fb025166868 (qpn=0xBC60) src UDP port set to 57804 (qIndex=3)
ip-10-32-4-110:160253:160337 [0] NCCL INFO NET/IB: ncclIbAccept Max Nqps=4, localNqps=4, remoteNqps=4
ip-10-32-4-110:160253:160337 [0] NCCL INFO NET/IB : QP 0x7fb0254962a8 (qpn=0xBC79) src UDP port set to 60000 (qIndex=0)
ip-10-32-4-110:160253:160337 [0] NCCL INFO NET/IB : QP 0x7fb025c23088 (qpn=0xBC7A) src UDP port set to 60051 (qIndex=1)
ip-10-32-4-110:160253:160337 [0] NCCL INFO NET/IB : QP 0x7fb025cba0b8 (qpn=0xBC7B) src UDP port set to 57663 (qIndex=2)
ip-10-32-4-110:160253:160337 [0] NCCL INFO NET/IB : QP 0x7fb025c47058 (qpn=0xBC7C) src UDP port set to 57804 (qIndex=3)
ip-10-32-4-110:160253:160337 [0] NCCL INFO NET/IB : QP 0x7fb025d0e0b8 (qpn=0xBC7D) src UDP port set to 60000 (qIndex=-1)
ip-10-32-4-110:160253:160337 [0] NCCL INFO NET/IB: IbDev 0 Port 1 qpn 48225 set_ece={supported=1, vendor_id=0x15b3, options=0x30000002, comp_mask=0x0}
ip-10-32-4-110:160253:160337 [0] NCCL INFO NET/IB : QP 0x7fb025166c38 (qpn=0xBC61) src UDP port set to 60000 (qIndex=0)
ip-10-32-4-110:160253:160337 [0] NCCL INFO NET/IB: IbDev 0 Port 1 qpn 48226 set_ece={supported=1, vendor_id=0x15b3, options=0x30000002, comp_mask=0x0}
ip-10-32-4-110:160253:160337 [0] NCCL INFO NET/IB : QP 0x7fb02527b868 (qpn=0xBC62) src UDP port set to 60051 (qIndex=1)
ip-10-32-4-110:160253:160337 [0] NCCL INFO NET/IB: IbDev 0 Port 1 qpn 48227 set_ece={supported=1, vendor_id=0x15b3, options=0x30000002, comp_mask=0x0}
ip-10-32-4-110:160253:160337 [0] NCCL INFO NET/IB : QP 0x7fb02527bc38 (qpn=0xBC63) src UDP port set to 57663 (qIndex=2)
ip-10-32-4-110:160253:160337 [0] NCCL INFO NET/IB: IbDev 0 Port 1 qpn 48228 set_ece={supported=1, vendor_id=0x15b3, options=0x30000002, comp_mask=0x0}
ip-10-32-4-110:160253:160337 [0] NCCL INFO NET/IB : QP 0x7fb025751898 (qpn=0xBC64) src UDP port set to 57804 (qIndex=3)
ip-10-32-4-110:160253:160287 [0] NCCL INFO Connected all trees
ip-10-32-4-110:160253:160287 [0] NCCL INFO threadThresholds 8/8/64 | 128/8/64 | 256 | 256
ip-10-32-4-110:160253:160287 [0] NCCL INFO comm:0x7fbbb2ed5010, nRanks:16, nNodes:2, coll channels:32 collnet channels:32, nvls channels:0, p2p channels:32, p2p channels per peer:2
ip-10-32-4-110:160253:160287 [0] NCCL INFO CC Off, workFifoBytes 4194304
ip-10-32-4-110:160253:160287 [0] NCCL INFO RCCL Unroll Factor (pre-set): 4
ip-10-32-4-110:160253:160287 [0] NCCL INFO TUNER/Plugin: Could not find: libnccl-tuner.so. Using internal tuner plugin.
ip-10-32-4-110:160253:160287 [0] NCCL INFO ncclCommInitRank_impl comm 0x7fbbb2ed5010 rank 0 nranks 16 cudaDev 0 nvmlDev 0 busId 5000 commId 0xa7444809ffa469f6 - Init COMPLETE
ip-10-32-4-110:160253:160287 [0] NCCL INFO Init timings - ncclCommInitRank_impl: rank 0 nranks 16 total 2.05 (kernels 0.08, alloc 0.15, bootstrap 0.23, allgathers 0.01, topo 1.01, graphs 0.07, connections 0.50, rest 0.00)
#
#                                                              out-of-place                       in-place          
#       size         count      type   redop    root     time   algbw   busbw #wrong     time   algbw   busbw #wrong                               
#        (B)    (elements)                               (us)  (GB/s)  (GB/s)            (us)  (GB/s)  (GB/s)                                      
ip-10-32-4-110:160253:160366 [0] NCCL INFO GPU Direct RDMA Enabled for GPU 0 / HCA 0 (distance 4 <= 5), read 0 mode Default
ip-10-32-4-110:160253:160337 [0] NCCL INFO New proxy recv connection 144 from local rank 0, transport 2
ip-10-32-4-110:160253:160366 [0] NCCL INFO Connected to proxy localRank 0 -> connection 0x7fb024a5af40
ip-10-32-4-110:160253:160366 [0] NCCL INFO Channel 04/1 : 15[7] -> 0[0] [receive] via NET/IB/0/GDRDMA/Shared comm 0x7fbbb2ed5010 nRanks 16
ip-10-32-4-110:160253:160366 [0] NCCL INFO GPU Direct RDMA Enabled for GPU 0 / HCA 0 (distance 4 <= 5), read 0 mode Default
ip-10-32-4-110:160253:160337 [0] NCCL INFO New proxy recv connection 145 from local rank 0, transport 2
ip-10-32-4-110:160253:160366 [0] NCCL INFO Connected to proxy localRank 0 -> connection 0x7fb024a5afd0
ip-10-32-4-110:160253:160366 [0] NCCL INFO Channel 20/1 : 15[7] -> 0[0] [receive] via NET/IB/0/GDRDMA/Shared comm 0x7fbbb2ed5010 nRanks 16
ip-10-32-4-110:160253:160366 [0] NCCL INFO Channel 00/1 : 0[5000] -> 1[2b000] via P2P/IPC comm 0x7fbbb2ed5010 nRanks 16
ip-10-32-4-110:160253:160337 [0] NCCL INFO New proxy send connection 146 from local rank 0, transport 0
ip-10-32-4-110:160253:160366 [0] NCCL INFO Connected to proxy localRank 0 -> connection 0x7fb024a5b060
ip-10-32-4-110:160253:160366 [0] NCCL INFO Channel 16/1 : 0[5000] -> 1[2b000] via P2P/IPC comm 0x7fbbb2ed5010 nRanks 16
ip-10-32-4-110:160253:160337 [0] NCCL INFO New proxy send connection 147 from local rank 0, transport 0
ip-10-32-4-110:160253:160366 [0] NCCL INFO Connected to proxy localRank 0 -> connection 0x7fb024a5b0f0
ip-10-32-4-110:160253:160366 [0] NCCL INFO GPU Direct RDMA Enabled for GPU 0 / HCA 0 (distance 4 <= 5), read 0 mode Default
ip-10-32-4-110:160253:160337 [0] NCCL INFO New proxy recv connection 148 from local rank 0, transport 2
ip-10-32-4-110:160253:160366 [0] NCCL INFO Connected to proxy localRank 0 -> connection 0x7fb024a5b180
ip-10-32-4-110:160253:160366 [0] NCCL INFO Channel 06/1 : 14[6] -> 0[0] [receive] via NET/IB/0/GDRDMA/Shared comm 0x7fbbb2ed5010 nRanks 16
ip-10-32-4-110:160253:160366 [0] NCCL INFO GPU Direct RDMA Enabled for GPU 0 / HCA 0 (distance 4 <= 5), read 0 mode Default
ip-10-32-4-110:160253:160337 [0] NCCL INFO New proxy recv connection 149 from local rank 0, transport 2
ip-10-32-4-110:160253:160366 [0] NCCL INFO Connected to proxy localRank 0 -> connection 0x7fb024a5b210
ip-10-32-4-110:160253:160366 [0] NCCL INFO Channel 22/1 : 14[6] -> 0[0] [receive] via NET/IB/0/GDRDMA/Shared comm 0x7fbbb2ed5010 nRanks 16
ip-10-32-4-110:160253:160366 [0] NCCL INFO Channel 02/1 : 0[5000] -> 2[14000] via P2P/IPC comm 0x7fbbb2ed5010 nRanks 16
ip-10-32-4-110:160253:160337 [0] NCCL INFO New proxy send connection 150 from local rank 0, transport 0
ip-10-32-4-110:160253:160366 [0] NCCL INFO Connected to proxy localRank 0 -> connection 0x7fb024a5b2a0
ip-10-32-4-110:160253:160366 [0] NCCL INFO Channel 18/1 : 0[5000] -> 2[14000] via P2P/IPC comm 0x7fbbb2ed5010 nRanks 16
ip-10-32-4-110:160253:160337 [0] NCCL INFO New proxy send connection 151 from local rank 0, transport 0
ip-10-32-4-110:160253:160366 [0] NCCL INFO Connected to proxy localRank 0 -> connection 0x7fb024a5b330
ip-10-32-4-110:160253:160366 [0] NCCL INFO GPU Direct RDMA Enabled for GPU 0 / HCA 0 (distance 4 <= 5), read 0 mode Default
ip-10-32-4-110:160253:160337 [0] NCCL INFO New proxy recv connection 152 from local rank 0, transport 2
ip-10-32-4-110:160253:160366 [0] NCCL INFO Connected to proxy localRank 0 -> connection 0x7fb024a5b3c0
ip-10-32-4-110:160253:160366 [0] NCCL INFO Channel 05/1 : 13[5] -> 0[0] [receive] via NET/IB/0/GDRDMA/Shared comm 0x7fbbb2ed5010 nRanks 16
ip-10-32-4-110:160253:160366 [0] NCCL INFO GPU Direct RDMA Enabled for GPU 0 / HCA 0 (distance 4 <= 5), read 0 mode Default
ip-10-32-4-110:160253:160337 [0] NCCL INFO New proxy recv connection 153 from local rank 0, transport 2
ip-10-32-4-110:160253:160366 [0] NCCL INFO Connected to proxy localRank 0 -> connection 0x7fb024a5b450
ip-10-32-4-110:160253:160366 [0] NCCL INFO Channel 21/1 : 13[5] -> 0[0] [receive] via NET/IB/0/GDRDMA/Shared comm 0x7fbbb2ed5010 nRanks 16
ip-10-32-4-110:160253:160366 [0] NCCL INFO Channel 01/1 : 0[5000] -> 3[1c000] via P2P/IPC comm 0x7fbbb2ed5010 nRanks 16
ip-10-32-4-110:160253:160337 [0] NCCL INFO New proxy send connection 154 from local rank 0, transport 0
ip-10-32-4-110:160253:160366 [0] NCCL INFO Connected to proxy localRank 0 -> connection 0x7fb024a5b4e0
ip-10-32-4-110:160253:160366 [0] NCCL INFO Channel 17/1 : 0[5000] -> 3[1c000] via P2P/IPC comm 0x7fbbb2ed5010 nRanks 16
ip-10-32-4-110:160253:160337 [0] NCCL INFO New proxy send connection 155 from local rank 0, transport 0
ip-10-32-4-110:160253:160366 [0] NCCL INFO Connected to proxy localRank 0 -> connection 0x7fb024a5b570
ip-10-32-4-110:160253:160366 [0] NCCL INFO GPU Direct RDMA Enabled for GPU 0 / HCA 0 (distance 4 <= 5), read 0 mode Default
ip-10-32-4-110:160253:160337 [0] NCCL INFO New proxy recv connection 156 from local rank 0, transport 2
ip-10-32-4-110:160253:160366 [0] NCCL INFO Connected to proxy localRank 0 -> connection 0x7fb024a5b600
ip-10-32-4-110:160253:160366 [0] NCCL INFO Channel 07/1 : 12[4] -> 0[0] [receive] via NET/IB/0/GDRDMA/Shared comm 0x7fbbb2ed5010 nRanks 16
ip-10-32-4-110:160253:160366 [0] NCCL INFO GPU Direct RDMA Enabled for GPU 0 / HCA 0 (distance 4 <= 5), read 0 mode Default
ip-10-32-4-110:160253:160337 [0] NCCL INFO New proxy recv connection 157 from local rank 0, transport 2
ip-10-32-4-110:160253:160366 [0] NCCL INFO Connected to proxy localRank 0 -> connection 0x7fb024a5b690
ip-10-32-4-110:160253:160366 [0] NCCL INFO Channel 23/1 : 12[4] -> 0[0] [receive] via NET/IB/0/GDRDMA/Shared comm 0x7fbbb2ed5010 nRanks 16
ip-10-32-4-110:160253:160366 [0] NCCL INFO Channel 03/1 : 0[5000] -> 4[86000] via P2P/IPC comm 0x7fbbb2ed5010 nRanks 16
ip-10-32-4-110:160253:160337 [0] NCCL INFO New proxy send connection 158 from local rank 0, transport 0
ip-10-32-4-110:160253:160366 [0] NCCL INFO Connected to proxy localRank 0 -> connection 0x7fb024a5b720
ip-10-32-4-110:160253:160366 [0] NCCL INFO Channel 19/1 : 0[5000] -> 4[86000] via P2P/IPC comm 0x7fbbb2ed5010 nRanks 16
ip-10-32-4-110:160253:160337 [0] NCCL INFO New proxy send connection 159 from local rank 0, transport 0
ip-10-32-4-110:160253:160366 [0] NCCL INFO Connected to proxy localRank 0 -> connection 0x7fb024a5b7b0
ip-10-32-4-110:160253:160366 [0] NCCL INFO GPU Direct RDMA Enabled for GPU 0 / HCA 0 (distance 4 <= 5), read 0 mode Default
ip-10-32-4-110:160253:160337 [0] NCCL INFO New proxy recv connection 160 from local rank 0, transport 2
ip-10-32-4-110:160253:160366 [0] NCCL INFO Connected to proxy localRank 0 -> connection 0x7fb024a5b840
ip-10-32-4-110:160253:160366 [0] NCCL INFO Channel 07/1 : 11[3] -> 0[0] [receive] via NET/IB/0/GDRDMA/Shared comm 0x7fbbb2ed5010 nRanks 16
ip-10-32-4-110:160253:160366 [0] NCCL INFO GPU Direct RDMA Enabled for GPU 0 / HCA 0 (distance 4 <= 5), read 0 mode Default
ip-10-32-4-110:160253:160337 [0] NCCL INFO New proxy recv connection 161 from local rank 0, transport 2
ip-10-32-4-110:160253:160366 [0] NCCL INFO Connected to proxy localRank 0 -> connection 0x7fb024a5b8d0
ip-10-32-4-110:160253:160366 [0] NCCL INFO Channel 23/1 : 11[3] -> 0[0] [receive] via NET/IB/0/GDRDMA/Shared comm 0x7fbbb2ed5010 nRanks 16
ip-10-32-4-110:160253:160366 [0] NCCL INFO Channel 03/1 : 0[5000] -> 5[b8000] via P2P/IPC comm 0x7fbbb2ed5010 nRanks 16
ip-10-32-4-110:160253:160337 [0] NCCL INFO New proxy send connection 162 from local rank 0, transport 0
ip-10-32-4-110:160253:160366 [0] NCCL INFO Connected to proxy localRank 0 -> connection 0x7fb024a5b960
ip-10-32-4-110:160253:160366 [0] NCCL INFO Channel 19/1 : 0[5000] -> 5[b8000] via P2P/IPC comm 0x7fbbb2ed5010 nRanks 16
ip-10-32-4-110:160253:160337 [0] NCCL INFO New proxy send connection 163 from local rank 0, transport 0
ip-10-32-4-110:160253:160366 [0] NCCL INFO Connected to proxy localRank 0 -> connection 0x7fb024a5b9f0
ip-10-32-4-110:160253:160366 [0] NCCL INFO GPU Direct RDMA Enabled for GPU 0 / HCA 0 (distance 4 <= 5), read 0 mode Default
ip-10-32-4-110:160253:160337 [0] NCCL INFO New proxy recv connection 164 from local rank 0, transport 2
ip-10-32-4-110:160253:160366 [0] NCCL INFO Connected to proxy localRank 0 -> connection 0x7fb024a5ba80
ip-10-32-4-110:160253:160366 [0] NCCL INFO Channel 05/1 : 10[2] -> 0[0] [receive] via NET/IB/0/GDRDMA/Shared comm 0x7fbbb2ed5010 nRanks 16
ip-10-32-4-110:160253:160366 [0] NCCL INFO GPU Direct RDMA Enabled for GPU 0 / HCA 0 (distance 4 <= 5), read 0 mode Default
ip-10-32-4-110:160253:160337 [0] NCCL INFO New proxy recv connection 165 from local rank 0, transport 2
ip-10-32-4-110:160253:160366 [0] NCCL INFO Connected to proxy localRank 0 -> connection 0x7fb024a5bb10
ip-10-32-4-110:160253:160366 [0] NCCL INFO Channel 21/1 : 10[2] -> 0[0] [receive] via NET/IB/0/GDRDMA/Shared comm 0x7fbbb2ed5010 nRanks 16
ip-10-32-4-110:160253:160366 [0] NCCL INFO Channel 01/1 : 0[5000] -> 6[bf000] via P2P/IPC comm 0x7fbbb2ed5010 nRanks 16
ip-10-32-4-110:160253:160337 [0] NCCL INFO New proxy send connection 166 from local rank 0, transport 0
ip-10-32-4-110:160253:160366 [0] NCCL INFO Connected to proxy localRank 0 -> connection 0x7fb024a5bba0
ip-10-32-4-110:160253:160366 [0] NCCL INFO Channel 17/1 : 0[5000] -> 6[bf000] via P2P/IPC comm 0x7fbbb2ed5010 nRanks 16
ip-10-32-4-110:160253:160337 [0] NCCL INFO New proxy send connection 167 from local rank 0, transport 0
ip-10-32-4-110:160253:160366 [0] NCCL INFO Connected to proxy localRank 0 -> connection 0x7fb024a5bc30
ip-10-32-4-110:160253:160366 [0] NCCL INFO GPU Direct RDMA Enabled for GPU 0 / HCA 0 (distance 4 <= 5), read 0 mode Default
ip-10-32-4-110:160253:160337 [0] NCCL INFO New proxy recv connection 168 from local rank 0, transport 2
ip-10-32-4-110:160253:160366 [0] NCCL INFO Connected to proxy localRank 0 -> connection 0x7fb024a5bcc0
ip-10-32-4-110:160253:160366 [0] NCCL INFO Channel 06/1 : 9[1] -> 0[0] [receive] via NET/IB/0/GDRDMA/Shared comm 0x7fbbb2ed5010 nRanks 16
ip-10-32-4-110:160253:160366 [0] NCCL INFO GPU Direct RDMA Enabled for GPU 0 / HCA 0 (distance 4 <= 5), read 0 mode Default
ip-10-32-4-110:160253:160337 [0] NCCL INFO New proxy recv connection 169 from local rank 0, transport 2
ip-10-32-4-110:160253:160366 [0] NCCL INFO Connected to proxy localRank 0 -> connection 0x7fb024a5bd50
ip-10-32-4-110:160253:160366 [0] NCCL INFO Channel 22/1 : 9[1] -> 0[0] [receive] via NET/IB/0/GDRDMA/Shared comm 0x7fbbb2ed5010 nRanks 16
ip-10-32-4-110:160253:160366 [0] NCCL INFO Channel 02/1 : 0[5000] -> 7[9e000] via P2P/IPC comm 0x7fbbb2ed5010 nRanks 16
ip-10-32-4-110:160253:160337 [0] NCCL INFO New proxy send connection 170 from local rank 0, transport 0
ip-10-32-4-110:160253:160366 [0] NCCL INFO Connected to proxy localRank 0 -> connection 0x7fb024a5bde0
ip-10-32-4-110:160253:160366 [0] NCCL INFO Channel 18/1 : 0[5000] -> 7[9e000] via P2P/IPC comm 0x7fbbb2ed5010 nRanks 16
ip-10-32-4-110:160253:160337 [0] NCCL INFO New proxy send connection 171 from local rank 0, transport 0
ip-10-32-4-110:160253:160366 [0] NCCL INFO Connected to proxy localRank 0 -> connection 0x7fb024a5be70
ip-10-32-4-110:160253:160366 [0] NCCL INFO GPU Direct RDMA Enabled for GPU 0 / HCA 0 (distance 4 <= 5), read 0 mode Default
ip-10-32-4-110:160253:160337 [0] NCCL INFO New proxy recv connection 172 from local rank 0, transport 2
ip-10-32-4-110:160253:160366 [0] NCCL INFO Connected to proxy localRank 0 -> connection 0x7fb024a5bf00
ip-10-32-4-110:160253:160366 [0] NCCL INFO Channel 04/1 : 8[0] -> 0[0] [receive] via NET/IB/0/GDRDMA/Shared comm 0x7fbbb2ed5010 nRanks 16
ip-10-32-4-110:160253:160366 [0] NCCL INFO GPU Direct RDMA Enabled for GPU 0 / HCA 0 (distance 4 <= 5), read 0 mode Default
ip-10-32-4-110:160253:160337 [0] NCCL INFO New proxy recv connection 173 from local rank 0, transport 2
ip-10-32-4-110:160253:160366 [0] NCCL INFO Connected to proxy localRank 0 -> connection 0x7fb024a5bf90
ip-10-32-4-110:160253:160366 [0] NCCL INFO Channel 20/1 : 8[0] -> 0[0] [receive] via NET/IB/0/GDRDMA/Shared comm 0x7fbbb2ed5010 nRanks 16
ip-10-32-4-110:160253:160366 [0] NCCL INFO GPU Direct RDMA Enabled for GPU 0 / HCA 0 (distance 4 <= 5), read 1 mode Default
ip-10-32-4-110:160253:160337 [0] NCCL INFO New proxy send connection 174 from local rank 0, transport 2
ip-10-32-4-110:160253:160366 [0] NCCL INFO Connected to proxy localRank 0 -> connection 0x7fb024a5c020
ip-10-32-4-110:160253:160366 [0] NCCL INFO Channel 04/1 : 0[0] -> 8[0] [send] via NET/IB/0/GDRDMA/Shared comm 0x7fbbb2ed5010 nRanks 16
ip-10-32-4-110:160253:160366 [0] NCCL INFO GPU Direct RDMA Enabled for GPU 0 / HCA 0 (distance 4 <= 5), read 1 mode Default
ip-10-32-4-110:160253:160337 [0] NCCL INFO New proxy send connection 175 from local rank 0, transport 2
ip-10-32-4-110:160253:160366 [0] NCCL INFO Connected to proxy localRank 0 -> connection 0x7fb024a5c0b0
ip-10-32-4-110:160253:160366 [0] NCCL INFO Channel 20/1 : 0[0] -> 8[0] [send] via NET/IB/0/GDRDMA/Shared comm 0x7fbbb2ed5010 nRanks 16
ip-10-32-4-110:160253:160337 [0] NCCL INFO New proxy recv connection 176 from local rank 0, transport 0
ip-10-32-4-110:160253:160366 [0] NCCL INFO Connected to proxy localRank 0 -> connection 0x7fb024a5c140
ip-10-32-4-110:160253:160337 [0] NCCL INFO New proxy recv connection 177 from local rank 0, transport 0
ip-10-32-4-110:160253:160366 [0] NCCL INFO Connected to proxy localRank 0 -> connection 0x7fb024a5c1d0
ip-10-32-4-110:160253:160366 [0] NCCL INFO GPU Direct RDMA Enabled for GPU 0 / HCA 0 (distance 4 <= 5), read 1 mode Default
ip-10-32-4-110:160253:160337 [0] NCCL INFO New proxy send connection 178 from local rank 0, transport 2
ip-10-32-4-110:160253:160366 [0] NCCL INFO Connected to proxy localRank 0 -> connection 0x7fb024a5c260
ip-10-32-4-110:160253:160366 [0] NCCL INFO Channel 04/1 : 0[0] -> 9[1] [send] via NET/IB/0/GDRDMA/Shared comm 0x7fbbb2ed5010 nRanks 16
ip-10-32-4-110:160253:160366 [0] NCCL INFO GPU Direct RDMA Enabled for GPU 0 / HCA 0 (distance 4 <= 5), read 1 mode Default
ip-10-32-4-110:160253:160337 [0] NCCL INFO New proxy send connection 179 from local rank 0, transport 2
ip-10-32-4-110:160253:160366 [0] NCCL INFO Connected to proxy localRank 0 -> connection 0x7fb024a5c2f0
ip-10-32-4-110:160253:160366 [0] NCCL INFO Channel 20/1 : 0[0] -> 9[1] [send] via NET/IB/0/GDRDMA/Shared comm 0x7fbbb2ed5010 nRanks 16
ip-10-32-4-110:160253:160337 [0] NCCL INFO New proxy recv connection 180 from local rank 0, transport 0
ip-10-32-4-110:160253:160366 [0] NCCL INFO Connected to proxy localRank 0 -> connection 0x7fb024a5c380
ip-10-32-4-110:160253:160337 [0] NCCL INFO New proxy recv connection 181 from local rank 0, transport 0
ip-10-32-4-110:160253:160366 [0] NCCL INFO Connected to proxy localRank 0 -> connection 0x7fb024a5c410
ip-10-32-4-110:160253:160366 [0] NCCL INFO GPU Direct RDMA Enabled for GPU 0 / HCA 0 (distance 4 <= 5), read 1 mode Default
ip-10-32-4-110:160253:160337 [0] NCCL INFO New proxy send connection 182 from local rank 0, transport 2
ip-10-32-4-110:160253:160366 [0] NCCL INFO Connected to proxy localRank 0 -> connection 0x7fb024a5c4a0
ip-10-32-4-110:160253:160366 [0] NCCL INFO Channel 06/1 : 0[0] -> 10[2] [send] via NET/IB/0/GDRDMA/Shared comm 0x7fbbb2ed5010 nRanks 16
ip-10-32-4-110:160253:160366 [0] NCCL INFO GPU Direct RDMA Enabled for GPU 0 / HCA 0 (distance 4 <= 5), read 1 mode Default
ip-10-32-4-110:160253:160337 [0] NCCL INFO New proxy send connection 183 from local rank 0, transport 2
ip-10-32-4-110:160253:160366 [0] NCCL INFO Connected to proxy localRank 0 -> connection 0x7fb024a5c530
ip-10-32-4-110:160253:160366 [0] NCCL INFO Channel 22/1 : 0[0] -> 10[2] [send] via NET/IB/0/GDRDMA/Shared comm 0x7fbbb2ed5010 nRanks 16
ip-10-32-4-110:160253:160337 [0] NCCL INFO New proxy recv connection 184 from local rank 0, transport 0
ip-10-32-4-110:160253:160366 [0] NCCL INFO Connected to proxy localRank 0 -> connection 0x7fb024a5c5c0
ip-10-32-4-110:160253:160337 [0] NCCL INFO New proxy recv connection 185 from local rank 0, transport 0
ip-10-32-4-110:160253:160366 [0] NCCL INFO Connected to proxy localRank 0 -> connection 0x7fb024a5c650
ip-10-32-4-110:160253:160366 [0] NCCL INFO GPU Direct RDMA Enabled for GPU 0 / HCA 0 (distance 4 <= 5), read 1 mode Default
ip-10-32-4-110:160253:160337 [0] NCCL INFO New proxy send connection 186 from local rank 0, transport 2
ip-10-32-4-110:160253:160366 [0] NCCL INFO Connected to proxy localRank 0 -> connection 0x7fb024a5c6e0
ip-10-32-4-110:160253:160366 [0] NCCL INFO Channel 05/1 : 0[0] -> 11[3] [send] via NET/IB/0/GDRDMA/Shared comm 0x7fbbb2ed5010 nRanks 16
ip-10-32-4-110:160253:160366 [0] NCCL INFO GPU Direct RDMA Enabled for GPU 0 / HCA 0 (distance 4 <= 5), read 1 mode Default
ip-10-32-4-110:160253:160337 [0] NCCL INFO New proxy send connection 187 from local rank 0, transport 2
ip-10-32-4-110:160253:160366 [0] NCCL INFO Connected to proxy localRank 0 -> connection 0x7fb024a5c770
ip-10-32-4-110:160253:160366 [0] NCCL INFO Channel 21/1 : 0[0] -> 11[3] [send] via NET/IB/0/GDRDMA/Shared comm 0x7fbbb2ed5010 nRanks 16
ip-10-32-4-110:160253:160337 [0] NCCL INFO New proxy recv connection 188 from local rank 0, transport 0
ip-10-32-4-110:160253:160366 [0] NCCL INFO Connected to proxy localRank 0 -> connection 0x7fb024a5c800
ip-10-32-4-110:160253:160337 [0] NCCL INFO New proxy recv connection 189 from local rank 0, transport 0
ip-10-32-4-110:160253:160366 [0] NCCL INFO Connected to proxy localRank 0 -> connection 0x7fb024a5c890
ip-10-32-4-110:160253:160366 [0] NCCL INFO GPU Direct RDMA Enabled for GPU 0 / HCA 0 (distance 4 <= 5), read 1 mode Default
ip-10-32-4-110:160253:160337 [0] NCCL INFO New proxy send connection 190 from local rank 0, transport 2
ip-10-32-4-110:160253:160366 [0] NCCL INFO Connected to proxy localRank 0 -> connection 0x7fb024a5c920
ip-10-32-4-110:160253:160366 [0] NCCL INFO Channel 07/1 : 0[0] -> 12[4] [send] via NET/IB/0/GDRDMA/Shared comm 0x7fbbb2ed5010 nRanks 16
ip-10-32-4-110:160253:160366 [0] NCCL INFO GPU Direct RDMA Enabled for GPU 0 / HCA 0 (distance 4 <= 5), read 1 mode Default
ip-10-32-4-110:160253:160337 [0] NCCL INFO New proxy send connection 191 from local rank 0, transport 2
ip-10-32-4-110:160253:160366 [0] NCCL INFO Connected to proxy localRank 0 -> connection 0x7fb024a5c9b0
ip-10-32-4-110:160253:160366 [0] NCCL INFO Channel 23/1 : 0[0] -> 12[4] [send] via NET/IB/0/GDRDMA/Shared comm 0x7fbbb2ed5010 nRanks 16
ip-10-32-4-110:160253:160337 [0] NCCL INFO New proxy recv connection 192 from local rank 0, transport 0
ip-10-32-4-110:160253:160366 [0] NCCL INFO Connected to proxy localRank 0 -> connection 0x7fb024a5ca40
ip-10-32-4-110:160253:160337 [0] NCCL INFO New proxy recv connection 193 from local rank 0, transport 0
ip-10-32-4-110:160253:160366 [0] NCCL INFO Connected to proxy localRank 0 -> connection 0x7fb024a5cad0
ip-10-32-4-110:160253:160366 [0] NCCL INFO GPU Direct RDMA Enabled for GPU 0 / HCA 0 (distance 4 <= 5), read 1 mode Default
ip-10-32-4-110:160253:160337 [0] NCCL INFO New proxy send connection 194 from local rank 0, transport 2
ip-10-32-4-110:160253:160366 [0] NCCL INFO Connected to proxy localRank 0 -> connection 0x7fb024a5cb60
ip-10-32-4-110:160253:160366 [0] NCCL INFO Channel 07/1 : 0[0] -> 13[5] [send] via NET/IB/0/GDRDMA/Shared comm 0x7fbbb2ed5010 nRanks 16
ip-10-32-4-110:160253:160366 [0] NCCL INFO GPU Direct RDMA Enabled for GPU 0 / HCA 0 (distance 4 <= 5), read 1 mode Default
ip-10-32-4-110:160253:160337 [0] NCCL INFO New proxy send connection 195 from local rank 0, transport 2
ip-10-32-4-110:160253:160366 [0] NCCL INFO Connected to proxy localRank 0 -> connection 0x7fb024a5cbf0
ip-10-32-4-110:160253:160366 [0] NCCL INFO Channel 23/1 : 0[0] -> 13[5] [send] via NET/IB/0/GDRDMA/Shared comm 0x7fbbb2ed5010 nRanks 16
ip-10-32-4-110:160253:160337 [0] NCCL INFO New proxy recv connection 196 from local rank 0, transport 0
ip-10-32-4-110:160253:160366 [0] NCCL INFO Connected to proxy localRank 0 -> connection 0x7fb024a5cc80
ip-10-32-4-110:160253:160337 [0] NCCL INFO New proxy recv connection 197 from local rank 0, transport 0
ip-10-32-4-110:160253:160366 [0] NCCL INFO Connected to proxy localRank 0 -> connection 0x7fb024a5cd10
ip-10-32-4-110:160253:160366 [0] NCCL INFO GPU Direct RDMA Enabled for GPU 0 / HCA 0 (distance 4 <= 5), read 1 mode Default
ip-10-32-4-110:160253:160337 [0] NCCL INFO New proxy send connection 198 from local rank 0, transport 2
ip-10-32-4-110:160253:160366 [0] NCCL INFO Connected to proxy localRank 0 -> connection 0x7fb024a5cda0
ip-10-32-4-110:160253:160366 [0] NCCL INFO Channel 05/1 : 0[0] -> 14[6] [send] via NET/IB/0/GDRDMA/Shared comm 0x7fbbb2ed5010 nRanks 16
ip-10-32-4-110:160253:160366 [0] NCCL INFO GPU Direct RDMA Enabled for GPU 0 / HCA 0 (distance 4 <= 5), read 1 mode Default
ip-10-32-4-110:160253:160337 [0] NCCL INFO New proxy send connection 199 from local rank 0, transport 2
ip-10-32-4-110:160253:160366 [0] NCCL INFO Connected to proxy localRank 0 -> connection 0x7fb024a5ce30
ip-10-32-4-110:160253:160366 [0] NCCL INFO Channel 21/1 : 0[0] -> 14[6] [send] via NET/IB/0/GDRDMA/Shared comm 0x7fbbb2ed5010 nRanks 16
ip-10-32-4-110:160253:160337 [0] NCCL INFO New proxy recv connection 200 from local rank 0, transport 0
ip-10-32-4-110:160253:160366 [0] NCCL INFO Connected to proxy localRank 0 -> connection 0x7fb024a5cec0
ip-10-32-4-110:160253:160337 [0] NCCL INFO New proxy recv connection 201 from local rank 0, transport 0
ip-10-32-4-110:160253:160366 [0] NCCL INFO Connected to proxy localRank 0 -> connection 0x7fb024a5cf50
ip-10-32-4-110:160253:160366 [0] NCCL INFO GPU Direct RDMA Enabled for GPU 0 / HCA 0 (distance 4 <= 5), read 1 mode Default
ip-10-32-4-110:160253:160337 [0] NCCL INFO New proxy send connection 202 from local rank 0, transport 2
ip-10-32-4-110:160253:160366 [0] NCCL INFO Connected to proxy localRank 0 -> connection 0x7fb024a5cfe0
ip-10-32-4-110:160253:160366 [0] NCCL INFO Channel 06/1 : 0[0] -> 15[7] [send] via NET/IB/0/GDRDMA/Shared comm 0x7fbbb2ed5010 nRanks 16
ip-10-32-4-110:160253:160366 [0] NCCL INFO GPU Direct RDMA Enabled for GPU 0 / HCA 0 (distance 4 <= 5), read 1 mode Default
ip-10-32-4-110:160253:160337 [0] NCCL INFO New proxy send connection 203 from local rank 0, transport 2
ip-10-32-4-110:160253:160366 [0] NCCL INFO Connected to proxy localRank 0 -> connection 0x7fb024a5d070
ip-10-32-4-110:160253:160366 [0] NCCL INFO Channel 22/1 : 0[0] -> 15[7] [send] via NET/IB/0/GDRDMA/Shared comm 0x7fbbb2ed5010 nRanks 16
ip-10-32-4-110:160253:160337 [0] NCCL INFO NET/IB: ncclIbAccept Max Nqps=4, localNqps=4, remoteNqps=4
ip-10-32-4-110:160253:160337 [0] NCCL INFO NET/IB : QP 0x7fb0254c0aa8 (qpn=0xBC82) src UDP port set to 60000 (qIndex=0)
ip-10-32-4-110:160253:160337 [0] NCCL INFO NET/IB : QP 0x7fb0261273d8 (qpn=0xBC84) src UDP port set to 60051 (qIndex=1)
ip-10-32-4-110:160253:160337 [0] NCCL INFO NET/IB : QP 0x7fb0262353b8 (qpn=0xBC87) src UDP port set to 57663 (qIndex=2)
ip-10-32-4-110:160253:160337 [0] NCCL INFO NET/IB : QP 0x7fb02625f428 (qpn=0xBC89) src UDP port set to 57804 (qIndex=3)
ip-10-32-4-110:160253:160337 [0] NCCL INFO NET/IB : QP 0x7fb0260f7398 (qpn=0xBC8C) src UDP port set to 60000 (qIndex=-1)
ip-10-32-4-110:160253:160337 [0] NCCL INFO NET/IB: ncclIbAccept Max Nqps=4, localNqps=4, remoteNqps=4
ip-10-32-4-110:160253:160337 [0] NCCL INFO NET/IB : QP 0x7fb0260f7768 (qpn=0xBC8F) src UDP port set to 60000 (qIndex=0)
ip-10-32-4-110:160253:160337 [0] NCCL INFO NET/IB : QP 0x7fb02620bb98 (qpn=0xBC90) src UDP port set to 60051 (qIndex=1)
ip-10-32-4-110:160253:160337 [0] NCCL INFO NET/IB : QP 0x7fb0261c2ae8 (qpn=0xBC91) src UDP port set to 57663 (qIndex=2)
ip-10-32-4-110:160253:160337 [0] NCCL INFO NET/IB : QP 0x7fb0261c0aa8 (qpn=0xBC93) src UDP port set to 57804 (qIndex=3)
ip-10-32-4-110:160253:160337 [0] NCCL INFO NET/IB : QP 0x7fb026190a68 (qpn=0xBC95) src UDP port set to 60000 (qIndex=-1)
ip-10-32-4-110:160253:160337 [0] NCCL INFO NET/IB: ncclIbAccept Max Nqps=4, localNqps=4, remoteNqps=4
ip-10-32-4-110:160253:160337 [0] NCCL INFO NET/IB : QP 0x7fb0260c4258 (qpn=0xBC98) src UDP port set to 60000 (qIndex=0)
ip-10-32-4-110:160253:160337 [0] NCCL INFO NET/IB : QP 0x7fb0260c1968 (qpn=0xBC9A) src UDP port set to 60051 (qIndex=1)
ip-10-32-4-110:160253:160337 [0] NCCL INFO NET/IB : QP 0x7fb02618d968 (qpn=0xBC9B) src UDP port set to 57663 (qIndex=2)
ip-10-32-4-110:160253:160337 [0] NCCL INFO NET/IB : QP 0x7fb026095928 (qpn=0xBC9C) src UDP port set to 57804 (qIndex=3)
ip-10-32-4-110:160253:160337 [0] NCCL INFO NET/IB : QP 0x7fb0255a9858 (qpn=0xBC9F) src UDP port set to 60000 (qIndex=-1)
ip-10-32-4-110:160253:160337 [0] NCCL INFO NET/IB: ncclIbAccept Max Nqps=4, localNqps=4, remoteNqps=4
ip-10-32-4-110:160253:160337 [0] NCCL INFO NET/IB : QP 0x7fb02615d928 (qpn=0xBCA2) src UDP port set to 60000 (qIndex=0)
ip-10-32-4-110:160253:160337 [0] NCCL INFO NET/IB : QP 0x7fb02639e8c8 (qpn=0xBCA4) src UDP port set to 60051 (qIndex=1)
ip-10-32-4-110:160253:160337 [0] NCCL INFO NET/IB : QP 0x7fb02634a8c8 (qpn=0xBCA5) src UDP port set to 57663 (qIndex=2)
ip-10-32-4-110:160253:160337 [0] NCCL INFO NET/IB : QP 0x7fb0264dd8c8 (qpn=0xBCA6) src UDP port set to 57804 (qIndex=3)
ip-10-32-4-110:160253:160337 [0] NCCL INFO NET/IB : QP 0x7fb0262b3bb8 (qpn=0xBCA8) src UDP port set to 60000 (qIndex=-1)
ip-10-32-4-110:160253:160337 [0] NCCL INFO NET/IB: ncclIbAccept Max Nqps=4, localNqps=4, remoteNqps=4
ip-10-32-4-110:160253:160337 [0] NCCL INFO NET/IB : QP 0x7fb0265748c8 (qpn=0xBCA9) src UDP port set to 60000 (qIndex=0)
ip-10-32-4-110:160253:160337 [0] NCCL INFO NET/IB : QP 0x7fb0264898c8 (qpn=0xBCAA) src UDP port set to 60051 (qIndex=1)
ip-10-32-4-110:160253:160337 [0] NCCL INFO NET/IB : QP 0x7fb0265c88c8 (qpn=0xBCAB) src UDP port set to 57663 (qIndex=2)
ip-10-32-4-110:160253:160337 [0] NCCL INFO NET/IB : QP 0x7fb026614898 (qpn=0xBCAC) src UDP port set to 57804 (qIndex=3)
ip-10-32-4-110:160253:160337 [0] NCCL INFO NET/IB : QP 0x7fb026435898 (qpn=0xBCAD) src UDP port set to 60000 (qIndex=-1)
ip-10-32-4-110:160253:160337 [0] NCCL INFO NET/IB: ncclIbAccept Max Nqps=4, localNqps=4, remoteNqps=4
ip-10-32-4-110:160253:160337 [0] NCCL INFO NET/IB : QP 0x7fb026729088 (qpn=0xBCB2) src UDP port set to 60000 (qIndex=0)
ip-10-32-4-110:160253:160337 [0] NCCL INFO NET/IB : QP 0x7fb025dd9248 (qpn=0xBCB3) src UDP port set to 60051 (qIndex=1)
ip-10-32-4-110:160253:160337 [0] NCCL INFO NET/IB : QP 0x7fb025e070d8 (qpn=0xBCB5) src UDP port set to 57663 (qIndex=2)
ip-10-32-4-110:160253:160337 [0] NCCL INFO NET/IB : QP 0x7fb0268960b8 (qpn=0xBCB6) src UDP port set to 57804 (qIndex=3)
ip-10-32-4-110:160253:160337 [0] NCCL INFO NET/IB : QP 0x7fb0268ea0b8 (qpn=0xBCB9) src UDP port set to 60000 (qIndex=-1)
ip-10-32-4-110:160253:160337 [0] NCCL INFO NET/IB: ncclIbAccept Max Nqps=4, localNqps=4, remoteNqps=4
ip-10-32-4-110:160253:160337 [0] NCCL INFO NET/IB : QP 0x7fb026936088 (qpn=0xBCBC) src UDP port set to 60000 (qIndex=0)
ip-10-32-4-110:160253:160337 [0] NCCL INFO NET/IB : QP 0x7fb026981088 (qpn=0xBCBD) src UDP port set to 60051 (qIndex=1)
ip-10-32-4-110:160253:160337 [0] NCCL INFO NET/IB : QP 0x7fb025e64058 (qpn=0xBCBF) src UDP port set to 57663 (qIndex=2)
ip-10-32-4-110:160253:160337 [0] NCCL INFO NET/IB : QP 0x7fb025e64c38 (qpn=0xBCC0) src UDP port set to 57804 (qIndex=3)
ip-10-32-4-110:160253:160337 [0] NCCL INFO NET/IB : QP 0x7fb0269d58c8 (qpn=0xBCC1) src UDP port set to 60000 (qIndex=-1)
ip-10-32-4-110:160253:160337 [0] NCCL INFO NET/IB: ncclIbAccept Max Nqps=4, localNqps=4, remoteNqps=4
ip-10-32-4-110:160253:160337 [0] NCCL INFO NET/IB : QP 0x7fb025f1c868 (qpn=0xBCC2) src UDP port set to 60000 (qIndex=0)
ip-10-32-4-110:160253:160337 [0] NCCL INFO NET/IB : QP 0x7fb025f1cc38 (qpn=0xBCC4) src UDP port set to 60051 (qIndex=1)
ip-10-32-4-110:160253:160337 [0] NCCL INFO NET/IB : QP 0x7fb026a96898 (qpn=0xBCC7) src UDP port set to 57663 (qIndex=2)
ip-10-32-4-110:160253:160337 [0] NCCL INFO NET/IB : QP 0x7fb026a4b898 (qpn=0xBCC9) src UDP port set to 57804 (qIndex=3)
ip-10-32-4-110:160253:160337 [0] NCCL INFO NET/IB : QP 0x7fb025f78868 (qpn=0xBCCC) src UDP port set to 60000 (qIndex=-1)
ip-10-32-4-110:160253:160337 [0] NCCL INFO NET/IB: ncclIbAccept Max Nqps=4, localNqps=4, remoteNqps=4
ip-10-32-4-110:160253:160337 [0] NCCL INFO NET/IB : QP 0x7fb025f4a868 (qpn=0xBCCF) src UDP port set to 60000 (qIndex=0)
ip-10-32-4-110:160253:160337 [0] NCCL INFO NET/IB : QP 0x7fb026b60898 (qpn=0xBCD0) src UDP port set to 60051 (qIndex=1)
ip-10-32-4-110:160253:160337 [0] NCCL INFO NET/IB : QP 0x7fb026bab898 (qpn=0xBCD1) src UDP port set to 57663 (qIndex=2)
ip-10-32-4-110:160253:160337 [0] NCCL INFO NET/IB : QP 0x7fb026062868 (qpn=0xBCD3) src UDP port set to 57804 (qIndex=3)
ip-10-32-4-110:160253:160337 [0] NCCL INFO NET/IB : QP 0x7fb0262d7868 (qpn=0xBCD7) src UDP port set to 60000 (qIndex=-1)
ip-10-32-4-110:160253:160337 [0] NCCL INFO NET/IB: ncclIbAccept Max Nqps=4, localNqps=4, remoteNqps=4
ip-10-32-4-110:160253:160337 [0] NCCL INFO NET/IB : QP 0x7fb026062c38 (qpn=0xBCD9) src UDP port set to 60000 (qIndex=0)
ip-10-32-4-110:160253:160337 [0] NCCL INFO NET/IB : QP 0x7fb026034868 (qpn=0xBCDA) src UDP port set to 60051 (qIndex=1)
ip-10-32-4-110:160253:160337 [0] NCCL INFO NET/IB : QP 0x7fb026cc0898 (qpn=0xBCDC) src UDP port set to 57663 (qIndex=2)
ip-10-32-4-110:160253:160337 [0] NCCL INFO NET/IB : QP 0x7fb026c75898 (qpn=0xBCDD) src UDP port set to 57804 (qIndex=3)
ip-10-32-4-110:160253:160337 [0] NCCL INFO NET/IB : QP 0x7fb0267bd868 (qpn=0xBCE1) src UDP port set to 60000 (qIndex=-1)
ip-10-32-4-110:160253:160337 [0] NCCL INFO NET/IB: ncclIbAccept Max Nqps=4, localNqps=4, remoteNqps=4
ip-10-32-4-110:160253:160337 [0] NCCL INFO NET/IB : QP 0x7fb026d16898 (qpn=0xBCE3) src UDP port set to 60000 (qIndex=0)
ip-10-32-4-110:160253:160337 [0] NCCL INFO NET/IB : QP 0x7fb026d8c898 (qpn=0xBCE4) src UDP port set to 60051 (qIndex=1)
ip-10-32-4-110:160253:160337 [0] NCCL INFO NET/IB : QP 0x7fb026dd7898 (qpn=0xBCE6) src UDP port set to 57663 (qIndex=2)
ip-10-32-4-110:160253:160337 [0] NCCL INFO NET/IB : QP 0x7fb025e08868 (qpn=0xBCE7) src UDP port set to 57804 (qIndex=3)
ip-10-32-4-110:160253:160337 [0] NCCL INFO NET/IB : QP 0x7fb025eee868 (qpn=0xBCEA) src UDP port set to 60000 (qIndex=-1)
ip-10-32-4-110:160253:160337 [0] NCCL INFO NET/IB: ncclIbAccept Max Nqps=4, localNqps=4, remoteNqps=4
ip-10-32-4-110:160253:160337 [0] NCCL INFO NET/IB : QP 0x7fb025e08c38 (qpn=0xBCED) src UDP port set to 60000 (qIndex=0)
ip-10-32-4-110:160253:160337 [0] NCCL INFO NET/IB : QP 0x7fb025ec0868 (qpn=0xBCEE) src UDP port set to 60051 (qIndex=1)
ip-10-32-4-110:160253:160337 [0] NCCL INFO NET/IB : QP 0x7fb026eec898 (qpn=0xBCF0) src UDP port set to 57663 (qIndex=2)
ip-10-32-4-110:160253:160337 [0] NCCL INFO NET/IB : QP 0x7fb026ea1898 (qpn=0xBCF1) src UDP port set to 57804 (qIndex=3)
ip-10-32-4-110:160253:160337 [0] NCCL INFO NET/IB : QP 0x7fb025fd4868 (qpn=0xBCF5) src UDP port set to 60000 (qIndex=-1)
ip-10-32-4-110:160253:160337 [0] NCCL INFO NET/IB: ncclIbConnect isP2p=1
ip-10-32-4-110:160253:160337 [0] NCCL INFO NET/IB: ncclIbConnect Max Nqps=4, localNqps=4, remoteNqps=4
ip-10-32-4-110:160253:160337 [0] NCCL INFO NET/IB: NCCL Dev 0 IbDev 0 Port 1 qpn 48375 mtu 5 GID 3 (0/E627081AFFFF0000) fifoRkey=0x223bf5 fifoLkey=0x223bf5
ip-10-32-4-110:160253:160337 [0] NCCL INFO NET/IB: IbDev 0 Port 1 qpn 48375 query_ece={supported=1, vendor_id=0x15b3, options=0x30000002, comp_mask=0x0}
ip-10-32-4-110:160253:160337 [0] NCCL INFO NET/IB: NCCL Dev 0 IbDev 0 Port 1 qpn 48376 mtu 5 GID 3 (0/E627081AFFFF0000) fifoRkey=0x223bf5 fifoLkey=0x223bf5
ip-10-32-4-110:160253:160337 [0] NCCL INFO NET/IB: IbDev 0 Port 1 qpn 48376 query_ece={supported=1, vendor_id=0x15b3, options=0x30000002, comp_mask=0x0}
ip-10-32-4-110:160253:160337 [0] NCCL INFO NET/IB: NCCL Dev 0 IbDev 0 Port 1 qpn 48377 mtu 5 GID 3 (0/E627081AFFFF0000) fifoRkey=0x223bf5 fifoLkey=0x223bf5
ip-10-32-4-110:160253:160337 [0] NCCL INFO NET/IB: IbDev 0 Port 1 qpn 48377 query_ece={supported=1, vendor_id=0x15b3, options=0x30000002, comp_mask=0x0}
ip-10-32-4-110:160253:160337 [0] NCCL INFO NET/IB: NCCL Dev 0 IbDev 0 Port 1 qpn 48378 mtu 5 GID 3 (0/E627081AFFFF0000) fifoRkey=0x223bf5 fifoLkey=0x223bf5
ip-10-32-4-110:160253:160337 [0] NCCL INFO NET/IB: IbDev 0 Port 1 qpn 48378 query_ece={supported=1, vendor_id=0x15b3, options=0x30000002, comp_mask=0x0}
ip-10-32-4-110:160253:160337 [0] NCCL INFO NET/IB: ncclIbAccept Max Nqps=4, localNqps=4, remoteNqps=4
ip-10-32-4-110:160253:160337 [0] NCCL INFO NET/IB : QP 0x7fb025fa6c38 (qpn=0xBCFC) src UDP port set to 60000 (qIndex=0)
ip-10-32-4-110:160253:160337 [0] NCCL INFO NET/IB : QP 0x7fb026501868 (qpn=0xBCFE) src UDP port set to 60051 (qIndex=1)
ip-10-32-4-110:160253:160337 [0] NCCL INFO NET/IB : QP 0x7fb026501c38 (qpn=0xBD00) src UDP port set to 57663 (qIndex=2)
ip-10-32-4-110:160253:160337 [0] NCCL INFO NET/IB : QP 0x7fb0270ea898 (qpn=0xBD02) src UDP port set to 57804 (qIndex=3)
ip-10-32-4-110:160253:160337 [0] NCCL INFO NET/IB : QP 0x7fb0267f1868 (qpn=0xBD04) src UDP port set to 60000 (qIndex=-1)
ip-10-32-4-110:160253:160337 [0] NCCL INFO NET/IB: ncclIbConnect isP2p=1
ip-10-32-4-110:160253:160337 [0] NCCL INFO NET/IB: ncclIbConnect Max Nqps=4, localNqps=4, remoteNqps=4
ip-10-32-4-110:160253:160337 [0] NCCL INFO NET/IB: NCCL Dev 0 IbDev 0 Port 1 qpn 48390 mtu 5 GID 3 (0/E627081AFFFF0000) fifoRkey=0x2240fa fifoLkey=0x2240fa
ip-10-32-4-110:160253:160337 [0] NCCL INFO NET/IB: IbDev 0 Port 1 qpn 48390 query_ece={supported=1, vendor_id=0x15b3, options=0x30000002, comp_mask=0x0}
ip-10-32-4-110:160253:160337 [0] NCCL INFO NET/IB: NCCL Dev 0 IbDev 0 Port 1 qpn 48391 mtu 5 GID 3 (0/E627081AFFFF0000) fifoRkey=0x2240fa fifoLkey=0x2240fa
ip-10-32-4-110:160253:160337 [0] NCCL INFO NET/IB: IbDev 0 Port 1 qpn 48391 query_ece={supported=1, vendor_id=0x15b3, options=0x30000002, comp_mask=0x0}
ip-10-32-4-110:160253:160337 [0] NCCL INFO NET/IB: NCCL Dev 0 IbDev 0 Port 1 qpn 48393 mtu 5 GID 3 (0/E627081AFFFF0000) fifoRkey=0x2240fa fifoLkey=0x2240fa
ip-10-32-4-110:160253:160337 [0] NCCL INFO NET/IB: IbDev 0 Port 1 qpn 48393 query_ece={supported=1, vendor_id=0x15b3, options=0x30000002, comp_mask=0x0}
ip-10-32-4-110:160253:160337 [0] NCCL INFO NET/IB: NCCL Dev 0 IbDev 0 Port 1 qpn 48394 mtu 5 GID 3 (0/E627081AFFFF0000) fifoRkey=0x2240fa fifoLkey=0x2240fa
ip-10-32-4-110:160253:160337 [0] NCCL INFO NET/IB: IbDev 0 Port 1 qpn 48394 query_ece={supported=1, vendor_id=0x15b3, options=0x30000002, comp_mask=0x0}
ip-10-32-4-110:160253:160337 [0] NCCL INFO NET/IB: ncclIbAccept Max Nqps=4, localNqps=4, remoteNqps=4
ip-10-32-4-110:160253:160337 [0] NCCL INFO NET/IB : QP 0x7fb025dacc38 (qpn=0xBD0C) src UDP port set to 60000 (qIndex=0)
ip-10-32-4-110:160253:160337 [0] NCCL INFO NET/IB : QP 0x7fb025dda868 (qpn=0xBD0E) src UDP port set to 60051 (qIndex=1)
ip-10-32-4-110:160253:160337 [0] NCCL INFO NET/IB : QP 0x7fb025ddac38 (qpn=0xBD10) src UDP port set to 57663 (qIndex=2)
ip-10-32-4-110:160253:160337 [0] NCCL INFO NET/IB : QP 0x7fb0272e8898 (qpn=0xBD11) src UDP port set to 57804 (qIndex=3)
ip-10-32-4-110:160253:160337 [0] NCCL INFO NET/IB : QP 0x7fb02675b868 (qpn=0xBD13) src UDP port set to 60000 (qIndex=-1)
ip-10-32-4-110:160253:160337 [0] NCCL INFO NET/IB: ncclIbConnect isP2p=1
ip-10-32-4-110:160253:160337 [0] NCCL INFO NET/IB: ncclIbConnect Max Nqps=4, localNqps=4, remoteNqps=4
ip-10-32-4-110:160253:160337 [0] NCCL INFO NET/IB: NCCL Dev 0 IbDev 0 Port 1 qpn 48404 mtu 5 GID 3 (0/E627081AFFFF0000) fifoRkey=0x17a351 fifoLkey=0x17a351
ip-10-32-4-110:160253:160337 [0] NCCL INFO NET/IB: IbDev 0 Port 1 qpn 48404 query_ece={supported=1, vendor_id=0x15b3, options=0x30000002, comp_mask=0x0}
ip-10-32-4-110:160253:160337 [0] NCCL INFO NET/IB: NCCL Dev 0 IbDev 0 Port 1 qpn 48406 mtu 5 GID 3 (0/E627081AFFFF0000) fifoRkey=0x17a351 fifoLkey=0x17a351
ip-10-32-4-110:160253:160337 [0] NCCL INFO NET/IB: IbDev 0 Port 1 qpn 48406 query_ece={supported=1, vendor_id=0x15b3, options=0x30000002, comp_mask=0x0}
ip-10-32-4-110:160253:160337 [0] NCCL INFO NET/IB: NCCL Dev 0 IbDev 0 Port 1 qpn 48407 mtu 5 GID 3 (0/E627081AFFFF0000) fifoRkey=0x17a351 fifoLkey=0x17a351
ip-10-32-4-110:160253:160337 [0] NCCL INFO NET/IB: IbDev 0 Port 1 qpn 48407 query_ece={supported=1, vendor_id=0x15b3, options=0x30000002, comp_mask=0x0}
ip-10-32-4-110:160253:160337 [0] NCCL INFO NET/IB: NCCL Dev 0 IbDev 0 Port 1 qpn 48409 mtu 5 GID 3 (0/E627081AFFFF0000) fifoRkey=0x17a351 fifoLkey=0x17a351
ip-10-32-4-110:160253:160337 [0] NCCL INFO NET/IB: IbDev 0 Port 1 qpn 48409 query_ece={supported=1, vendor_id=0x15b3, options=0x30000002, comp_mask=0x0}
ip-10-32-4-110:160253:160337 [0] NCCL INFO NET/IB: ncclIbAccept Max Nqps=4, localNqps=4, remoteNqps=4
ip-10-32-4-110:160253:160337 [0] NCCL INFO NET/IB : QP 0x7fb0257cfab8 (qpn=0xBD1C) src UDP port set to 60000 (qIndex=0)
ip-10-32-4-110:160253:160337 [0] NCCL INFO NET/IB : QP 0x7fb025e358e8 (qpn=0xBD1D) src UDP port set to 60051 (qIndex=1)
ip-10-32-4-110:160253:160337 [0] NCCL INFO NET/IB : QP 0x7fb027518898 (qpn=0xBD1F) src UDP port set to 57663 (qIndex=2)
ip-10-32-4-110:160253:160337 [0] NCCL INFO NET/IB : QP 0x7fb0274cd868 (qpn=0xBD21) src UDP port set to 57804 (qIndex=3)
ip-10-32-4-110:160253:160337 [0] NCCL INFO NET/IB : QP 0x7fb02756c8c8 (qpn=0xBD25) src UDP port set to 60000 (qIndex=-1)
ip-10-32-4-110:160253:160337 [0] NCCL INFO NET/IB: ncclIbAccept Max Nqps=4, localNqps=4, remoteNqps=4
ip-10-32-4-110:160253:160337 [0] NCCL INFO NET/IB : QP 0x7fb0274cdc38 (qpn=0xBD28) src UDP port set to 60000 (qIndex=0)
ip-10-32-4-110:160253:160337 [0] NCCL INFO NET/IB : QP 0x7fb02594f858 (qpn=0xBD2A) src UDP port set to 60051 (qIndex=1)
ip-10-32-4-110:160253:160337 [0] NCCL INFO NET/IB : QP 0x7fb0251d9858 (qpn=0xBD2C) src UDP port set to 57663 (qIndex=2)
ip-10-32-4-110:160253:160337 [0] NCCL INFO NET/IB : QP 0x7fb0276578c8 (qpn=0xBD2D) src UDP port set to 57804 (qIndex=3)
ip-10-32-4-110:160253:160337 [0] NCCL INFO NET/IB : QP 0x7fb0276abc08 (qpn=0xBD2F) src UDP port set to 60000 (qIndex=-1)
ip-10-32-4-110:160253:160337 [0] NCCL INFO NET/IB: IbDev 0 Port 1 qpn 48375 set_ece={supported=1, vendor_id=0x15b3, options=0x30000002, comp_mask=0x0}
ip-10-32-4-110:160253:160337 [0] NCCL INFO NET/IB : QP 0x7fb026002868 (qpn=0xBCF7) src UDP port set to 60000 (qIndex=0)
ip-10-32-4-110:160253:160337 [0] NCCL INFO NET/IB: IbDev 0 Port 1 qpn 48376 set_ece={supported=1, vendor_id=0x15b3, options=0x30000002, comp_mask=0x0}
ip-10-32-4-110:160253:160337 [0] NCCL INFO NET/IB : QP 0x7fb026fb6898 (qpn=0xBCF8) src UDP port set to 60051 (qIndex=1)
ip-10-32-4-110:160253:160337 [0] NCCL INFO NET/IB: IbDev 0 Port 1 qpn 48377 set_ece={supported=1, vendor_id=0x15b3, options=0x30000002, comp_mask=0x0}
ip-10-32-4-110:160253:160337 [0] NCCL INFO NET/IB : QP 0x7fb027001898 (qpn=0xBCF9) src UDP port set to 57663 (qIndex=2)
ip-10-32-4-110:160253:160337 [0] NCCL INFO NET/IB: IbDev 0 Port 1 qpn 48378 set_ece={supported=1, vendor_id=0x15b3, options=0x30000002, comp_mask=0x0}
ip-10-32-4-110:160253:160337 [0] NCCL INFO NET/IB : QP 0x7fb025fa6868 (qpn=0xBCFA) src UDP port set to 57804 (qIndex=3)
ip-10-32-4-110:160253:160337 [0] NCCL INFO NET/IB: IbDev 0 Port 1 qpn 48390 set_ece={supported=1, vendor_id=0x15b3, options=0x30000002, comp_mask=0x0}
ip-10-32-4-110:160253:160337 [0] NCCL INFO NET/IB : QP 0x7fb025e36868 (qpn=0xBD06) src UDP port set to 60000 (qIndex=0)
ip-10-32-4-110:160253:160337 [0] NCCL INFO NET/IB: IbDev 0 Port 1 qpn 48391 set_ece={supported=1, vendor_id=0x15b3, options=0x30000002, comp_mask=0x0}
ip-10-32-4-110:160253:160337 [0] NCCL INFO NET/IB : QP 0x7fb0271b4898 (qpn=0xBD07) src UDP port set to 60051 (qIndex=1)
ip-10-32-4-110:160253:160337 [0] NCCL INFO NET/IB: IbDev 0 Port 1 qpn 48393 set_ece={supported=1, vendor_id=0x15b3, options=0x30000002, comp_mask=0x0}
ip-10-32-4-110:160253:160337 [0] NCCL INFO NET/IB : QP 0x7fb0271ff898 (qpn=0xBD09) src UDP port set to 57663 (qIndex=2)
ip-10-32-4-110:160253:160337 [0] NCCL INFO NET/IB: IbDev 0 Port 1 qpn 48394 set_ece={supported=1, vendor_id=0x15b3, options=0x30000002, comp_mask=0x0}
ip-10-32-4-110:160253:160337 [0] NCCL INFO NET/IB : QP 0x7fb025dac868 (qpn=0xBD0A) src UDP port set to 57804 (qIndex=3)
ip-10-32-4-110:160253:160337 [0] NCCL INFO NET/IB: IbDev 0 Port 1 qpn 48404 set_ece={supported=1, vendor_id=0x15b3, options=0x30000002, comp_mask=0x0}
ip-10-32-4-110:160253:160337 [0] NCCL INFO NET/IB : QP 0x7fb025e92868 (qpn=0xBD14) src UDP port set to 60000 (qIndex=0)
ip-10-32-4-110:160253:160337 [0] NCCL INFO NET/IB: IbDev 0 Port 1 qpn 48406 set_ece={supported=1, vendor_id=0x15b3, options=0x30000002, comp_mask=0x0}
ip-10-32-4-110:160253:160337 [0] NCCL INFO NET/IB : QP 0x7fb0273b2898 (qpn=0xBD16) src UDP port set to 60051 (qIndex=1)
ip-10-32-4-110:160253:160337 [0] NCCL INFO NET/IB: IbDev 0 Port 1 qpn 48407 set_ece={supported=1, vendor_id=0x15b3, options=0x30000002, comp_mask=0x0}
ip-10-32-4-110:160253:160337 [0] NCCL INFO NET/IB : QP 0x7fb0273fd898 (qpn=0xBD17) src UDP port set to 57663 (qIndex=2)
ip-10-32-4-110:160253:160337 [0] NCCL INFO NET/IB: IbDev 0 Port 1 qpn 48409 set_ece={supported=1, vendor_id=0x15b3, options=0x30000002, comp_mask=0x0}
ip-10-32-4-110:160253:160337 [0] NCCL INFO NET/IB : QP 0x7fb025864858 (qpn=0xBD19) src UDP port set to 57804 (qIndex=3)
ip-10-32-4-110:160253:160337 [0] NCCL INFO NET/IB: ncclIbConnect isP2p=1
ip-10-32-4-110:160253:160337 [0] NCCL INFO NET/IB: ncclIbConnect Max Nqps=4, localNqps=4, remoteNqps=4
ip-10-32-4-110:160253:160337 [0] NCCL INFO NET/IB: NCCL Dev 0 IbDev 0 Port 1 qpn 48444 mtu 5 GID 3 (0/E627081AFFFF0000) fifoRkey=0x15f6a6 fifoLkey=0x15f6a6
ip-10-32-4-110:160253:160337 [0] NCCL INFO NET/IB: IbDev 0 Port 1 qpn 48444 query_ece={supported=1, vendor_id=0x15b3, options=0x30000002, comp_mask=0x0}
ip-10-32-4-110:160253:160337 [0] NCCL INFO NET/IB: NCCL Dev 0 IbDev 0 Port 1 qpn 48445 mtu 5 GID 3 (0/E627081AFFFF0000) fifoRkey=0x15f6a6 fifoLkey=0x15f6a6
ip-10-32-4-110:160253:160337 [0] NCCL INFO NET/IB: IbDev 0 Port 1 qpn 48445 query_ece={supported=1, vendor_id=0x15b3, options=0x30000002, comp_mask=0x0}
ip-10-32-4-110:160253:160337 [0] NCCL INFO NET/IB: NCCL Dev 0 IbDev 0 Port 1 qpn 48447 mtu 5 GID 3 (0/E627081AFFFF0000) fifoRkey=0x15f6a6 fifoLkey=0x15f6a6
ip-10-32-4-110:160253:160337 [0] NCCL INFO NET/IB: IbDev 0 Port 1 qpn 48447 query_ece={supported=1, vendor_id=0x15b3, options=0x30000002, comp_mask=0x0}
ip-10-32-4-110:160253:160337 [0] NCCL INFO NET/IB: NCCL Dev 0 IbDev 0 Port 1 qpn 48449 mtu 5 GID 3 (0/E627081AFFFF0000) fifoRkey=0x15f6a6 fifoLkey=0x15f6a6
ip-10-32-4-110:160253:160337 [0] NCCL INFO NET/IB: IbDev 0 Port 1 qpn 48449 query_ece={supported=1, vendor_id=0x15b3, options=0x30000002, comp_mask=0x0}
ip-10-32-4-110:160253:160337 [0] NCCL INFO NET/IB: ncclIbConnect isP2p=1
ip-10-32-4-110:160253:160337 [0] NCCL INFO NET/IB: ncclIbConnect Max Nqps=4, localNqps=4, remoteNqps=4
ip-10-32-4-110:160253:160337 [0] NCCL INFO NET/IB: NCCL Dev 0 IbDev 0 Port 1 qpn 48452 mtu 5 GID 3 (0/E627081AFFFF0000) fifoRkey=0x158938 fifoLkey=0x158938
ip-10-32-4-110:160253:160337 [0] NCCL INFO NET/IB: IbDev 0 Port 1 qpn 48452 query_ece={supported=1, vendor_id=0x15b3, options=0x30000002, comp_mask=0x0}
ip-10-32-4-110:160253:160337 [0] NCCL INFO NET/IB: NCCL Dev 0 IbDev 0 Port 1 qpn 48453 mtu 5 GID 3 (0/E627081AFFFF0000) fifoRkey=0x158938 fifoLkey=0x158938
ip-10-32-4-110:160253:160337 [0] NCCL INFO NET/IB: IbDev 0 Port 1 qpn 48453 query_ece={supported=1, vendor_id=0x15b3, options=0x30000002, comp_mask=0x0}
ip-10-32-4-110:160253:160337 [0] NCCL INFO NET/IB: NCCL Dev 0 IbDev 0 Port 1 qpn 48455 mtu 5 GID 3 (0/E627081AFFFF0000) fifoRkey=0x158938 fifoLkey=0x158938
ip-10-32-4-110:160253:160337 [0] NCCL INFO NET/IB: IbDev 0 Port 1 qpn 48455 query_ece={supported=1, vendor_id=0x15b3, options=0x30000002, comp_mask=0x0}
ip-10-32-4-110:160253:160337 [0] NCCL INFO NET/IB: NCCL Dev 0 IbDev 0 Port 1 qpn 48457 mtu 5 GID 3 (0/E627081AFFFF0000) fifoRkey=0x158938 fifoLkey=0x158938
ip-10-32-4-110:160253:160337 [0] NCCL INFO NET/IB: IbDev 0 Port 1 qpn 48457 query_ece={supported=1, vendor_id=0x15b3, options=0x30000002, comp_mask=0x0}
ip-10-32-4-110:160253:160337 [0] NCCL INFO NET/IB: ncclIbConnect isP2p=1
ip-10-32-4-110:160253:160337 [0] NCCL INFO NET/IB: ncclIbConnect Max Nqps=4, localNqps=4, remoteNqps=4
ip-10-32-4-110:160253:160337 [0] NCCL INFO NET/IB: NCCL Dev 0 IbDev 0 Port 1 qpn 48460 mtu 5 GID 3 (0/E627081AFFFF0000) fifoRkey=0x2226e0 fifoLkey=0x2226e0
ip-10-32-4-110:160253:160337 [0] NCCL INFO NET/IB: IbDev 0 Port 1 qpn 48460 query_ece={supported=1, vendor_id=0x15b3, options=0x30000002, comp_mask=0x0}
ip-10-32-4-110:160253:160337 [0] NCCL INFO NET/IB: NCCL Dev 0 IbDev 0 Port 1 qpn 48461 mtu 5 GID 3 (0/E627081AFFFF0000) fifoRkey=0x2226e0 fifoLkey=0x2226e0
ip-10-32-4-110:160253:160337 [0] NCCL INFO NET/IB: IbDev 0 Port 1 qpn 48461 query_ece={supported=1, vendor_id=0x15b3, options=0x30000002, comp_mask=0x0}
ip-10-32-4-110:160253:160337 [0] NCCL INFO NET/IB: NCCL Dev 0 IbDev 0 Port 1 qpn 48463 mtu 5 GID 3 (0/E627081AFFFF0000) fifoRkey=0x2226e0 fifoLkey=0x2226e0
ip-10-32-4-110:160253:160337 [0] NCCL INFO NET/IB: IbDev 0 Port 1 qpn 48463 query_ece={supported=1, vendor_id=0x15b3, options=0x30000002, comp_mask=0x0}
ip-10-32-4-110:160253:160337 [0] NCCL INFO NET/IB: NCCL Dev 0 IbDev 0 Port 1 qpn 48465 mtu 5 GID 3 (0/E627081AFFFF0000) fifoRkey=0x2226e0 fifoLkey=0x2226e0
ip-10-32-4-110:160253:160337 [0] NCCL INFO NET/IB: IbDev 0 Port 1 qpn 48465 query_ece={supported=1, vendor_id=0x15b3, options=0x30000002, comp_mask=0x0}
ip-10-32-4-110:160253:160337 [0] NCCL INFO NET/IB: ncclIbConnect isP2p=1
ip-10-32-4-110:160253:160337 [0] NCCL INFO NET/IB: ncclIbConnect Max Nqps=4, localNqps=4, remoteNqps=4
ip-10-32-4-110:160253:160337 [0] NCCL INFO NET/IB: NCCL Dev 0 IbDev 0 Port 1 qpn 48468 mtu 5 GID 3 (0/E627081AFFFF0000) fifoRkey=0x17ea99 fifoLkey=0x17ea99
ip-10-32-4-110:160253:160337 [0] NCCL INFO NET/IB: IbDev 0 Port 1 qpn 48468 query_ece={supported=1, vendor_id=0x15b3, options=0x30000002, comp_mask=0x0}
ip-10-32-4-110:160253:160337 [0] NCCL INFO NET/IB: NCCL Dev 0 IbDev 0 Port 1 qpn 48469 mtu 5 GID 3 (0/E627081AFFFF0000) fifoRkey=0x17ea99 fifoLkey=0x17ea99
ip-10-32-4-110:160253:160337 [0] NCCL INFO NET/IB: IbDev 0 Port 1 qpn 48469 query_ece={supported=1, vendor_id=0x15b3, options=0x30000002, comp_mask=0x0}
ip-10-32-4-110:160253:160337 [0] NCCL INFO NET/IB: NCCL Dev 0 IbDev 0 Port 1 qpn 48471 mtu 5 GID 3 (0/E627081AFFFF0000) fifoRkey=0x17ea99 fifoLkey=0x17ea99
ip-10-32-4-110:160253:160337 [0] NCCL INFO NET/IB: IbDev 0 Port 1 qpn 48471 query_ece={supported=1, vendor_id=0x15b3, options=0x30000002, comp_mask=0x0}
ip-10-32-4-110:160253:160337 [0] NCCL INFO NET/IB: NCCL Dev 0 IbDev 0 Port 1 qpn 48473 mtu 5 GID 3 (0/E627081AFFFF0000) fifoRkey=0x17ea99 fifoLkey=0x17ea99
ip-10-32-4-110:160253:160337 [0] NCCL INFO NET/IB: IbDev 0 Port 1 qpn 48473 query_ece={supported=1, vendor_id=0x15b3, options=0x30000002, comp_mask=0x0}
ip-10-32-4-110:160253:160337 [0] NCCL INFO NET/IB: ncclIbConnect isP2p=1
ip-10-32-4-110:160253:160337 [0] NCCL INFO NET/IB: ncclIbConnect Max Nqps=4, localNqps=4, remoteNqps=4
ip-10-32-4-110:160253:160337 [0] NCCL INFO NET/IB: NCCL Dev 0 IbDev 0 Port 1 qpn 48475 mtu 5 GID 3 (0/E627081AFFFF0000) fifoRkey=0x17c675 fifoLkey=0x17c675
ip-10-32-4-110:160253:160337 [0] NCCL INFO NET/IB: IbDev 0 Port 1 qpn 48475 query_ece={supported=1, vendor_id=0x15b3, options=0x30000002, comp_mask=0x0}
ip-10-32-4-110:160253:160337 [0] NCCL INFO NET/IB: NCCL Dev 0 IbDev 0 Port 1 qpn 48477 mtu 5 GID 3 (0/E627081AFFFF0000) fifoRkey=0x17c675 fifoLkey=0x17c675
ip-10-32-4-110:160253:160337 [0] NCCL INFO NET/IB: IbDev 0 Port 1 qpn 48477 query_ece={supported=1, vendor_id=0x15b3, options=0x30000002, comp_mask=0x0}
ip-10-32-4-110:160253:160337 [0] NCCL INFO NET/IB: NCCL Dev 0 IbDev 0 Port 1 qpn 48478 mtu 5 GID 3 (0/E627081AFFFF0000) fifoRkey=0x17c675 fifoLkey=0x17c675
ip-10-32-4-110:160253:160337 [0] NCCL INFO NET/IB: IbDev 0 Port 1 qpn 48478 query_ece={supported=1, vendor_id=0x15b3, options=0x30000002, comp_mask=0x0}
ip-10-32-4-110:160253:160337 [0] NCCL INFO NET/IB: NCCL Dev 0 IbDev 0 Port 1 qpn 48480 mtu 5 GID 3 (0/E627081AFFFF0000) fifoRkey=0x17c675 fifoLkey=0x17c675
ip-10-32-4-110:160253:160337 [0] NCCL INFO NET/IB: IbDev 0 Port 1 qpn 48480 query_ece={supported=1, vendor_id=0x15b3, options=0x30000002, comp_mask=0x0}
ip-10-32-4-110:160253:160337 [0] NCCL INFO NET/IB: IbDev 0 Port 1 qpn 48444 set_ece={supported=1, vendor_id=0x15b3, options=0x30000002, comp_mask=0x0}
ip-10-32-4-110:160253:160337 [0] NCCL INFO NET/IB : QP 0x7fb0259a3858 (qpn=0xBD3C) src UDP port set to 60000 (qIndex=0)
ip-10-32-4-110:160253:160337 [0] NCCL INFO NET/IB: IbDev 0 Port 1 qpn 48445 set_ece={supported=1, vendor_id=0x15b3, options=0x30000002, comp_mask=0x0}
ip-10-32-4-110:160253:160337 [0] NCCL INFO NET/IB : QP 0x7fb025318ab8 (qpn=0xBD3D) src UDP port set to 60051 (qIndex=1)
ip-10-32-4-110:160253:160337 [0] NCCL INFO NET/IB: IbDev 0 Port 1 qpn 48447 set_ece={supported=1, vendor_id=0x15b3, options=0x30000002, comp_mask=0x0}
ip-10-32-4-110:160253:160337 [0] NCCL INFO NET/IB : QP 0x7fb0276f7898 (qpn=0xBD3F) src UDP port set to 57663 (qIndex=2)
ip-10-32-4-110:160253:160337 [0] NCCL INFO NET/IB: IbDev 0 Port 1 qpn 48449 set_ece={supported=1, vendor_id=0x15b3, options=0x30000002, comp_mask=0x0}
ip-10-32-4-110:160253:160337 [0] NCCL INFO NET/IB : QP 0x7fb027740888 (qpn=0xBD41) src UDP port set to 57804 (qIndex=3)
ip-10-32-4-110:160253:160337 [0] NCCL INFO NET/IB: ncclIbConnect isP2p=1
ip-10-32-4-110:160253:160337 [0] NCCL INFO NET/IB: ncclIbConnect Max Nqps=4, localNqps=4, remoteNqps=4
ip-10-32-4-110:160253:160337 [0] NCCL INFO NET/IB: NCCL Dev 0 IbDev 0 Port 1 qpn 48488 mtu 5 GID 3 (0/E627081AFFFF0000) fifoRkey=0x221bd7 fifoLkey=0x221bd7
ip-10-32-4-110:160253:160337 [0] NCCL INFO NET/IB: IbDev 0 Port 1 qpn 48488 query_ece={supported=1, vendor_id=0x15b3, options=0x30000002, comp_mask=0x0}
ip-10-32-4-110:160253:160337 [0] NCCL INFO NET/IB: NCCL Dev 0 IbDev 0 Port 1 qpn 48489 mtu 5 GID 3 (0/E627081AFFFF0000) fifoRkey=0x221bd7 fifoLkey=0x221bd7
ip-10-32-4-110:160253:160337 [0] NCCL INFO NET/IB: IbDev 0 Port 1 qpn 48489 query_ece={supported=1, vendor_id=0x15b3, options=0x30000002, comp_mask=0x0}
ip-10-32-4-110:160253:160337 [0] NCCL INFO NET/IB: NCCL Dev 0 IbDev 0 Port 1 qpn 48490 mtu 5 GID 3 (0/E627081AFFFF0000) fifoRkey=0x221bd7 fifoLkey=0x221bd7
ip-10-32-4-110:160253:160337 [0] NCCL INFO NET/IB: IbDev 0 Port 1 qpn 48490 query_ece={supported=1, vendor_id=0x15b3, options=0x30000002, comp_mask=0x0}
ip-10-32-4-110:160253:160337 [0] NCCL INFO NET/IB: NCCL Dev 0 IbDev 0 Port 1 qpn 48491 mtu 5 GID 3 (0/E627081AFFFF0000) fifoRkey=0x221bd7 fifoLkey=0x221bd7
ip-10-32-4-110:160253:160337 [0] NCCL INFO NET/IB: IbDev 0 Port 1 qpn 48491 query_ece={supported=1, vendor_id=0x15b3, options=0x30000002, comp_mask=0x0}
ip-10-32-4-110:160253:160337 [0] NCCL INFO NET/IB: ncclIbConnect isP2p=1
ip-10-32-4-110:160253:160337 [0] NCCL INFO NET/IB: ncclIbConnect Max Nqps=4, localNqps=4, remoteNqps=4
ip-10-32-4-110:160253:160337 [0] NCCL INFO NET/IB: NCCL Dev 0 IbDev 0 Port 1 qpn 48492 mtu 5 GID 3 (0/E627081AFFFF0000) fifoRkey=0x20804a fifoLkey=0x20804a
ip-10-32-4-110:160253:160337 [0] NCCL INFO NET/IB: IbDev 0 Port 1 qpn 48492 query_ece={supported=1, vendor_id=0x15b3, options=0x30000002, comp_mask=0x0}
ip-10-32-4-110:160253:160337 [0] NCCL INFO NET/IB: NCCL Dev 0 IbDev 0 Port 1 qpn 48493 mtu 5 GID 3 (0/E627081AFFFF0000) fifoRkey=0x20804a fifoLkey=0x20804a
ip-10-32-4-110:160253:160337 [0] NCCL INFO NET/IB: IbDev 0 Port 1 qpn 48493 query_ece={supported=1, vendor_id=0x15b3, options=0x30000002, comp_mask=0x0}
ip-10-32-4-110:160253:160337 [0] NCCL INFO NET/IB: NCCL Dev 0 IbDev 0 Port 1 qpn 48494 mtu 5 GID 3 (0/E627081AFFFF0000) fifoRkey=0x20804a fifoLkey=0x20804a
ip-10-32-4-110:160253:160337 [0] NCCL INFO NET/IB: IbDev 0 Port 1 qpn 48494 query_ece={supported=1, vendor_id=0x15b3, options=0x30000002, comp_mask=0x0}
ip-10-32-4-110:160253:160337 [0] NCCL INFO NET/IB: NCCL Dev 0 IbDev 0 Port 1 qpn 48495 mtu 5 GID 3 (0/E627081AFFFF0000) fifoRkey=0x20804a fifoLkey=0x20804a
ip-10-32-4-110:160253:160337 [0] NCCL INFO NET/IB: IbDev 0 Port 1 qpn 48495 query_ece={supported=1, vendor_id=0x15b3, options=0x30000002, comp_mask=0x0}
ip-10-32-4-110:160253:160337 [0] NCCL INFO NET/IB: IbDev 0 Port 1 qpn 48452 set_ece={supported=1, vendor_id=0x15b3, options=0x30000002, comp_mask=0x0}
ip-10-32-4-110:160253:160337 [0] NCCL INFO NET/IB : QP 0x7fb0277948c8 (qpn=0xBD44) src UDP port set to 60000 (qIndex=0)
ip-10-32-4-110:160253:160337 [0] NCCL INFO NET/IB: IbDev 0 Port 1 qpn 48453 set_ece={supported=1, vendor_id=0x15b3, options=0x30000002, comp_mask=0x0}
ip-10-32-4-110:160253:160337 [0] NCCL INFO NET/IB : QP 0x7fb0277e0898 (qpn=0xBD45) src UDP port set to 60051 (qIndex=1)
ip-10-32-4-110:160253:160337 [0] NCCL INFO NET/IB: IbDev 0 Port 1 qpn 48455 set_ece={supported=1, vendor_id=0x15b3, options=0x30000002, comp_mask=0x0}
ip-10-32-4-110:160253:160337 [0] NCCL INFO NET/IB : QP 0x7fb0253d7858 (qpn=0xBD47) src UDP port set to 57663 (qIndex=2)
ip-10-32-4-110:160253:160337 [0] NCCL INFO NET/IB: IbDev 0 Port 1 qpn 48457 set_ece={supported=1, vendor_id=0x15b3, options=0x30000002, comp_mask=0x0}
ip-10-32-4-110:160253:160337 [0] NCCL INFO NET/IB : QP 0x7fb0253d7c28 (qpn=0xBD49) src UDP port set to 57804 (qIndex=3)
ip-10-32-4-110:160253:160337 [0] NCCL INFO NET/IB: ncclIbConnect isP2p=1
ip-10-32-4-110:160253:160337 [0] NCCL INFO NET/IB: ncclIbConnect Max Nqps=4, localNqps=4, remoteNqps=4
ip-10-32-4-110:160253:160337 [0] NCCL INFO NET/IB: NCCL Dev 0 IbDev 0 Port 1 qpn 48501 mtu 5 GID 3 (0/E627081AFFFF0000) fifoRkey=0x16ec9b fifoLkey=0x16ec9b
ip-10-32-4-110:160253:160337 [0] NCCL INFO NET/IB: IbDev 0 Port 1 qpn 48501 query_ece={supported=1, vendor_id=0x15b3, options=0x30000002, comp_mask=0x0}
ip-10-32-4-110:160253:160337 [0] NCCL INFO NET/IB: NCCL Dev 0 IbDev 0 Port 1 qpn 48502 mtu 5 GID 3 (0/E627081AFFFF0000) fifoRkey=0x16ec9b fifoLkey=0x16ec9b
ip-10-32-4-110:160253:160337 [0] NCCL INFO NET/IB: IbDev 0 Port 1 qpn 48502 query_ece={supported=1, vendor_id=0x15b3, options=0x30000002, comp_mask=0x0}
ip-10-32-4-110:160253:160337 [0] NCCL INFO NET/IB: NCCL Dev 0 IbDev 0 Port 1 qpn 48503 mtu 5 GID 3 (0/E627081AFFFF0000) fifoRkey=0x16ec9b fifoLkey=0x16ec9b
ip-10-32-4-110:160253:160337 [0] NCCL INFO NET/IB: IbDev 0 Port 1 qpn 48503 query_ece={supported=1, vendor_id=0x15b3, options=0x30000002, comp_mask=0x0}
ip-10-32-4-110:160253:160337 [0] NCCL INFO NET/IB: NCCL Dev 0 IbDev 0 Port 1 qpn 48504 mtu 5 GID 3 (0/E627081AFFFF0000) fifoRkey=0x16ec9b fifoLkey=0x16ec9b
ip-10-32-4-110:160253:160337 [0] NCCL INFO NET/IB: IbDev 0 Port 1 qpn 48504 query_ece={supported=1, vendor_id=0x15b3, options=0x30000002, comp_mask=0x0}
ip-10-32-4-110:160253:160337 [0] NCCL INFO NET/IB: ncclIbConnect isP2p=1
ip-10-32-4-110:160253:160337 [0] NCCL INFO NET/IB: ncclIbConnect Max Nqps=4, localNqps=4, remoteNqps=4
ip-10-32-4-110:160253:160337 [0] NCCL INFO NET/IB: NCCL Dev 0 IbDev 0 Port 1 qpn 48505 mtu 5 GID 3 (0/E627081AFFFF0000) fifoRkey=0x180dbb fifoLkey=0x180dbb
ip-10-32-4-110:160253:160337 [0] NCCL INFO NET/IB: IbDev 0 Port 1 qpn 48505 query_ece={supported=1, vendor_id=0x15b3, options=0x30000002, comp_mask=0x0}
ip-10-32-4-110:160253:160337 [0] NCCL INFO NET/IB: NCCL Dev 0 IbDev 0 Port 1 qpn 48506 mtu 5 GID 3 (0/E627081AFFFF0000) fifoRkey=0x180dbb fifoLkey=0x180dbb
ip-10-32-4-110:160253:160337 [0] NCCL INFO NET/IB: IbDev 0 Port 1 qpn 48506 query_ece={supported=1, vendor_id=0x15b3, options=0x30000002, comp_mask=0x0}
ip-10-32-4-110:160253:160337 [0] NCCL INFO NET/IB: NCCL Dev 0 IbDev 0 Port 1 qpn 48508 mtu 5 GID 3 (0/E627081AFFFF0000) fifoRkey=0x180dbb fifoLkey=0x180dbb
ip-10-32-4-110:160253:160337 [0] NCCL INFO NET/IB: IbDev 0 Port 1 qpn 48508 query_ece={supported=1, vendor_id=0x15b3, options=0x30000002, comp_mask=0x0}
ip-10-32-4-110:160253:160337 [0] NCCL INFO NET/IB: NCCL Dev 0 IbDev 0 Port 1 qpn 48509 mtu 5 GID 3 (0/E627081AFFFF0000) fifoRkey=0x180dbb fifoLkey=0x180dbb
ip-10-32-4-110:160253:160337 [0] NCCL INFO NET/IB: IbDev 0 Port 1 qpn 48509 query_ece={supported=1, vendor_id=0x15b3, options=0x30000002, comp_mask=0x0}
ip-10-32-4-110:160253:160337 [0] NCCL INFO NET/IB: IbDev 0 Port 1 qpn 48488 set_ece={supported=1, vendor_id=0x15b3, options=0x30000002, comp_mask=0x0}
ip-10-32-4-110:160253:160337 [0] NCCL INFO NET/IB : QP 0x7fb025bcdc28 (qpn=0xBD68) src UDP port set to 60000 (qIndex=0)
ip-10-32-4-110:160253:160337 [0] NCCL INFO NET/IB: IbDev 0 Port 1 qpn 48489 set_ece={supported=1, vendor_id=0x15b3, options=0x30000002, comp_mask=0x0}
ip-10-32-4-110:160253:160337 [0] NCCL INFO NET/IB : QP 0x7fb027bb6868 (qpn=0xBD69) src UDP port set to 60051 (qIndex=1)
ip-10-32-4-110:160253:160337 [0] NCCL INFO NET/IB: IbDev 0 Port 1 qpn 48490 set_ece={supported=1, vendor_id=0x15b3, options=0x30000002, comp_mask=0x0}
ip-10-32-4-110:160253:160337 [0] NCCL INFO NET/IB : QP 0x7fb027bb6c38 (qpn=0xBD6A) src UDP port set to 57663 (qIndex=2)
ip-10-32-4-110:160253:160337 [0] NCCL INFO NET/IB: IbDev 0 Port 1 qpn 48491 set_ece={supported=1, vendor_id=0x15b3, options=0x30000002, comp_mask=0x0}
ip-10-32-4-110:160253:160337 [0] NCCL INFO NET/IB : QP 0x7fb027bff888 (qpn=0xBD6B) src UDP port set to 57804 (qIndex=3)
ip-10-32-4-110:160253:160337 [0] NCCL INFO NET/IB: ncclIbConnect isP2p=1
ip-10-32-4-110:160253:160337 [0] NCCL INFO NET/IB: ncclIbConnect Max Nqps=4, localNqps=4, remoteNqps=4
ip-10-32-4-110:160253:160337 [0] NCCL INFO NET/IB: NCCL Dev 0 IbDev 0 Port 1 qpn 48513 mtu 5 GID 3 (0/E627081AFFFF0000) fifoRkey=0x2208d1 fifoLkey=0x2208d1
ip-10-32-4-110:160253:160337 [0] NCCL INFO NET/IB: IbDev 0 Port 1 qpn 48513 query_ece={supported=1, vendor_id=0x15b3, options=0x30000002, comp_mask=0x0}
ip-10-32-4-110:160253:160337 [0] NCCL INFO NET/IB: NCCL Dev 0 IbDev 0 Port 1 qpn 48514 mtu 5 GID 3 (0/E627081AFFFF0000) fifoRkey=0x2208d1 fifoLkey=0x2208d1
ip-10-32-4-110:160253:160337 [0] NCCL INFO NET/IB: IbDev 0 Port 1 qpn 48514 query_ece={supported=1, vendor_id=0x15b3, options=0x30000002, comp_mask=0x0}
ip-10-32-4-110:160253:160337 [0] NCCL INFO NET/IB: NCCL Dev 0 IbDev 0 Port 1 qpn 48515 mtu 5 GID 3 (0/E627081AFFFF0000) fifoRkey=0x2208d1 fifoLkey=0x2208d1
ip-10-32-4-110:160253:160337 [0] NCCL INFO NET/IB: IbDev 0 Port 1 qpn 48515 query_ece={supported=1, vendor_id=0x15b3, options=0x30000002, comp_mask=0x0}
ip-10-32-4-110:160253:160337 [0] NCCL INFO NET/IB: NCCL Dev 0 IbDev 0 Port 1 qpn 48517 mtu 5 GID 3 (0/E627081AFFFF0000) fifoRkey=0x2208d1 fifoLkey=0x2208d1
ip-10-32-4-110:160253:160337 [0] NCCL INFO NET/IB: IbDev 0 Port 1 qpn 48517 query_ece={supported=1, vendor_id=0x15b3, options=0x30000002, comp_mask=0x0}
ip-10-32-4-110:160253:160337 [0] NCCL INFO NET/IB: ncclIbConnect isP2p=1
ip-10-32-4-110:160253:160337 [0] NCCL INFO NET/IB: ncclIbConnect Max Nqps=4, localNqps=4, remoteNqps=4
ip-10-32-4-110:160253:160337 [0] NCCL INFO NET/IB: NCCL Dev 0 IbDev 0 Port 1 qpn 48518 mtu 5 GID 3 (0/E627081AFFFF0000) fifoRkey=0x17d381 fifoLkey=0x17d381
ip-10-32-4-110:160253:160337 [0] NCCL INFO NET/IB: IbDev 0 Port 1 qpn 48518 query_ece={supported=1, vendor_id=0x15b3, options=0x30000002, comp_mask=0x0}
ip-10-32-4-110:160253:160337 [0] NCCL INFO NET/IB: NCCL Dev 0 IbDev 0 Port 1 qpn 48519 mtu 5 GID 3 (0/E627081AFFFF0000) fifoRkey=0x17d381 fifoLkey=0x17d381
ip-10-32-4-110:160253:160337 [0] NCCL INFO NET/IB: IbDev 0 Port 1 qpn 48519 query_ece={supported=1, vendor_id=0x15b3, options=0x30000002, comp_mask=0x0}
ip-10-32-4-110:160253:160337 [0] NCCL INFO NET/IB: NCCL Dev 0 IbDev 0 Port 1 qpn 48520 mtu 5 GID 3 (0/E627081AFFFF0000) fifoRkey=0x17d381 fifoLkey=0x17d381
ip-10-32-4-110:160253:160337 [0] NCCL INFO NET/IB: IbDev 0 Port 1 qpn 48520 query_ece={supported=1, vendor_id=0x15b3, options=0x30000002, comp_mask=0x0}
ip-10-32-4-110:160253:160337 [0] NCCL INFO NET/IB: NCCL Dev 0 IbDev 0 Port 1 qpn 48521 mtu 5 GID 3 (0/E627081AFFFF0000) fifoRkey=0x17d381 fifoLkey=0x17d381
ip-10-32-4-110:160253:160337 [0] NCCL INFO NET/IB: IbDev 0 Port 1 qpn 48521 query_ece={supported=1, vendor_id=0x15b3, options=0x30000002, comp_mask=0x0}
ip-10-32-4-110:160253:160337 [0] NCCL INFO NET/IB: IbDev 0 Port 1 qpn 48501 set_ece={supported=1, vendor_id=0x15b3, options=0x30000002, comp_mask=0x0}
ip-10-32-4-110:160253:160337 [0] NCCL INFO NET/IB : QP 0x7fb027d128c8 (qpn=0xBD75) src UDP port set to 60000 (qIndex=0)
ip-10-32-4-110:160253:160337 [0] NCCL INFO NET/IB: IbDev 0 Port 1 qpn 48502 set_ece={supported=1, vendor_id=0x15b3, options=0x30000002, comp_mask=0x0}
ip-10-32-4-110:160253:160337 [0] NCCL INFO NET/IB : QP 0x7fb027d668c8 (qpn=0xBD76) src UDP port set to 60051 (qIndex=1)
ip-10-32-4-110:160253:160337 [0] NCCL INFO NET/IB: IbDev 0 Port 1 qpn 48503 set_ece={supported=1, vendor_id=0x15b3, options=0x30000002, comp_mask=0x0}
ip-10-32-4-110:160253:160337 [0] NCCL INFO NET/IB : QP 0x7fb027e35898 (qpn=0xBD77) src UDP port set to 57663 (qIndex=2)
ip-10-32-4-110:160253:160337 [0] NCCL INFO NET/IB: IbDev 0 Port 1 qpn 48504 set_ece={supported=1, vendor_id=0x15b3, options=0x30000002, comp_mask=0x0}
ip-10-32-4-110:160253:160337 [0] NCCL INFO NET/IB : QP 0x7fb027dea868 (qpn=0xBD78) src UDP port set to 57804 (qIndex=3)
ip-10-32-4-110:160253:160337 [0] NCCL INFO NET/IB: IbDev 0 Port 1 qpn 48460 set_ece={supported=1, vendor_id=0x15b3, options=0x30000002, comp_mask=0x0}
ip-10-32-4-110:160253:160337 [0] NCCL INFO NET/IB : QP 0x7fb0278538c8 (qpn=0xBD4C) src UDP port set to 60000 (qIndex=0)
ip-10-32-4-110:160253:160337 [0] NCCL INFO NET/IB: IbDev 0 Port 1 qpn 48461 set_ece={supported=1, vendor_id=0x15b3, options=0x30000002, comp_mask=0x0}
ip-10-32-4-110:160253:160337 [0] NCCL INFO NET/IB : QP 0x7fb0278a78c8 (qpn=0xBD4D) src UDP port set to 60051 (qIndex=1)
ip-10-32-4-110:160253:160337 [0] NCCL INFO NET/IB: IbDev 0 Port 1 qpn 48463 set_ece={supported=1, vendor_id=0x15b3, options=0x30000002, comp_mask=0x0}
ip-10-32-4-110:160253:160337 [0] NCCL INFO NET/IB : QP 0x7fb0278cb868 (qpn=0xBD4F) src UDP port set to 57663 (qIndex=2)
ip-10-32-4-110:160253:160337 [0] NCCL INFO NET/IB: IbDev 0 Port 1 qpn 48465 set_ece={supported=1, vendor_id=0x15b3, options=0x30000002, comp_mask=0x0}
ip-10-32-4-110:160253:160337 [0] NCCL INFO NET/IB : QP 0x7fb0278cbc38 (qpn=0xBD51) src UDP port set to 57804 (qIndex=3)
ip-10-32-4-110:160253:160337 [0] NCCL INFO NET/IB: IbDev 0 Port 1 qpn 48492 set_ece={supported=1, vendor_id=0x15b3, options=0x30000002, comp_mask=0x0}
ip-10-32-4-110:160253:160337 [0] NCCL INFO NET/IB : QP 0x7fb027c538c8 (qpn=0xBD6C) src UDP port set to 60000 (qIndex=0)
ip-10-32-4-110:160253:160337 [0] NCCL INFO NET/IB: IbDev 0 Port 1 qpn 48493 set_ece={supported=1, vendor_id=0x15b3, options=0x30000002, comp_mask=0x0}
ip-10-32-4-110:160253:160337 [0] NCCL INFO NET/IB : QP 0x7fb027c9f898 (qpn=0xBD6D) src UDP port set to 60051 (qIndex=1)
ip-10-32-4-110:160253:160337 [0] NCCL INFO NET/IB: IbDev 0 Port 1 qpn 48494 set_ece={supported=1, vendor_id=0x15b3, options=0x30000002, comp_mask=0x0}
ip-10-32-4-110:160253:160337 [0] NCCL INFO NET/IB : QP 0x7fb0254ea858 (qpn=0xBD6E) src UDP port set to 57663 (qIndex=2)
ip-10-32-4-110:160253:160337 [0] NCCL INFO NET/IB: IbDev 0 Port 1 qpn 48495 set_ece={supported=1, vendor_id=0x15b3, options=0x30000002, comp_mask=0x0}
ip-10-32-4-110:160253:160337 [0] NCCL INFO NET/IB : QP 0x7fb0254eac28 (qpn=0xBD6F) src UDP port set to 57804 (qIndex=3)
ip-10-32-4-110:160253:160337 [0] NCCL INFO NET/IB: ncclIbConnect isP2p=1
ip-10-32-4-110:160253:160337 [0] NCCL INFO NET/IB: ncclIbConnect Max Nqps=4, localNqps=4, remoteNqps=4
ip-10-32-4-110:160253:160337 [0] NCCL INFO NET/IB: NCCL Dev 0 IbDev 0 Port 1 qpn 48533 mtu 5 GID 3 (0/E627081AFFFF0000) fifoRkey=0x221952 fifoLkey=0x221952
ip-10-32-4-110:160253:160337 [0] NCCL INFO NET/IB: IbDev 0 Port 1 qpn 48533 query_ece={supported=1, vendor_id=0x15b3, options=0x30000002, comp_mask=0x0}
ip-10-32-4-110:160253:160337 [0] NCCL INFO NET/IB: NCCL Dev 0 IbDev 0 Port 1 qpn 48535 mtu 5 GID 3 (0/E627081AFFFF0000) fifoRkey=0x221952 fifoLkey=0x221952
ip-10-32-4-110:160253:160337 [0] NCCL INFO NET/IB: IbDev 0 Port 1 qpn 48535 query_ece={supported=1, vendor_id=0x15b3, options=0x30000002, comp_mask=0x0}
ip-10-32-4-110:160253:160337 [0] NCCL INFO NET/IB: NCCL Dev 0 IbDev 0 Port 1 qpn 48536 mtu 5 GID 3 (0/E627081AFFFF0000) fifoRkey=0x221952 fifoLkey=0x221952
ip-10-32-4-110:160253:160337 [0] NCCL INFO NET/IB: IbDev 0 Port 1 qpn 48536 query_ece={supported=1, vendor_id=0x15b3, options=0x30000002, comp_mask=0x0}
ip-10-32-4-110:160253:160337 [0] NCCL INFO NET/IB: NCCL Dev 0 IbDev 0 Port 1 qpn 48537 mtu 5 GID 3 (0/E627081AFFFF0000) fifoRkey=0x221952 fifoLkey=0x221952
ip-10-32-4-110:160253:160337 [0] NCCL INFO NET/IB: IbDev 0 Port 1 qpn 48537 query_ece={supported=1, vendor_id=0x15b3, options=0x30000002, comp_mask=0x0}
ip-10-32-4-110:160253:160337 [0] NCCL INFO NET/IB: ncclIbConnect isP2p=1
ip-10-32-4-110:160253:160337 [0] NCCL INFO NET/IB: ncclIbConnect Max Nqps=4, localNqps=4, remoteNqps=4
ip-10-32-4-110:160253:160337 [0] NCCL INFO NET/IB: NCCL Dev 0 IbDev 0 Port 1 qpn 48538 mtu 5 GID 3 (0/E627081AFFFF0000) fifoRkey=0x21dd19 fifoLkey=0x21dd19
ip-10-32-4-110:160253:160337 [0] NCCL INFO NET/IB: IbDev 0 Port 1 qpn 48538 query_ece={supported=1, vendor_id=0x15b3, options=0x30000002, comp_mask=0x0}
ip-10-32-4-110:160253:160337 [0] NCCL INFO NET/IB: NCCL Dev 0 IbDev 0 Port 1 qpn 48539 mtu 5 GID 3 (0/E627081AFFFF0000) fifoRkey=0x21dd19 fifoLkey=0x21dd19
ip-10-32-4-110:160253:160337 [0] NCCL INFO NET/IB: IbDev 0 Port 1 qpn 48539 query_ece={supported=1, vendor_id=0x15b3, options=0x30000002, comp_mask=0x0}
ip-10-32-4-110:160253:160337 [0] NCCL INFO NET/IB: NCCL Dev 0 IbDev 0 Port 1 qpn 48540 mtu 5 GID 3 (0/E627081AFFFF0000) fifoRkey=0x21dd19 fifoLkey=0x21dd19
ip-10-32-4-110:160253:160337 [0] NCCL INFO NET/IB: IbDev 0 Port 1 qpn 48540 query_ece={supported=1, vendor_id=0x15b3, options=0x30000002, comp_mask=0x0}
ip-10-32-4-110:160253:160337 [0] NCCL INFO NET/IB: NCCL Dev 0 IbDev 0 Port 1 qpn 48541 mtu 5 GID 3 (0/E627081AFFFF0000) fifoRkey=0x21dd19 fifoLkey=0x21dd19
ip-10-32-4-110:160253:160337 [0] NCCL INFO NET/IB: IbDev 0 Port 1 qpn 48541 query_ece={supported=1, vendor_id=0x15b3, options=0x30000002, comp_mask=0x0}
ip-10-32-4-110:160253:160337 [0] NCCL INFO NET/IB: IbDev 0 Port 1 qpn 48505 set_ece={supported=1, vendor_id=0x15b3, options=0x30000002, comp_mask=0x0}
ip-10-32-4-110:160253:160337 [0] NCCL INFO NET/IB : QP 0x7fb027deac38 (qpn=0xBD79) src UDP port set to 60000 (qIndex=0)
ip-10-32-4-110:160253:160337 [0] NCCL INFO NET/IB: IbDev 0 Port 1 qpn 48506 set_ece={supported=1, vendor_id=0x15b3, options=0x30000002, comp_mask=0x0}
ip-10-32-4-110:160253:160337 [0] NCCL INFO NET/IB : QP 0x7fb027e898c8 (qpn=0xBD7A) src UDP port set to 60051 (qIndex=1)
ip-10-32-4-110:160253:160337 [0] NCCL INFO NET/IB: IbDev 0 Port 1 qpn 48508 set_ece={supported=1, vendor_id=0x15b3, options=0x30000002, comp_mask=0x0}
ip-10-32-4-110:160253:160337 [0] NCCL INFO NET/IB : QP 0x7fb027f1e898 (qpn=0xBD7C) src UDP port set to 57663 (qIndex=2)
ip-10-32-4-110:160253:160337 [0] NCCL INFO NET/IB: IbDev 0 Port 1 qpn 48509 set_ece={supported=1, vendor_id=0x15b3, options=0x30000002, comp_mask=0x0}
ip-10-32-4-110:160253:160337 [0] NCCL INFO NET/IB : QP 0x7fb027db8868 (qpn=0xBD7D) src UDP port set to 57804 (qIndex=3)
ip-10-32-4-110:160253:160337 [0] NCCL INFO NET/IB: IbDev 0 Port 1 qpn 48513 set_ece={supported=1, vendor_id=0x15b3, options=0x30000002, comp_mask=0x0}
ip-10-32-4-110:160253:160337 [0] NCCL INFO NET/IB : QP 0x7fb027db8c38 (qpn=0xBD81) src UDP port set to 60000 (qIndex=0)
ip-10-32-4-110:160253:160337 [0] NCCL INFO NET/IB: IbDev 0 Port 1 qpn 48514 set_ece={supported=1, vendor_id=0x15b3, options=0x30000002, comp_mask=0x0}
ip-10-32-4-110:160253:160337 [0] NCCL INFO NET/IB : QP 0x7fb027fff868 (qpn=0xBD82) src UDP port set to 60051 (qIndex=1)
ip-10-32-4-110:160253:160337 [0] NCCL INFO NET/IB: IbDev 0 Port 1 qpn 48515 set_ece={supported=1, vendor_id=0x15b3, options=0x30000002, comp_mask=0x0}
ip-10-32-4-110:160253:160337 [0] NCCL INFO NET/IB : QP 0x7fafac008888 (qpn=0xBD83) src UDP port set to 57663 (qIndex=2)
ip-10-32-4-110:160253:160337 [0] NCCL INFO NET/IB: IbDev 0 Port 1 qpn 48517 set_ece={supported=1, vendor_id=0x15b3, options=0x30000002, comp_mask=0x0}
ip-10-32-4-110:160253:160337 [0] NCCL INFO NET/IB : QP 0x7fb025c90858 (qpn=0xBD85) src UDP port set to 57804 (qIndex=3)
ip-10-32-4-110:160253:160337 [0] NCCL INFO NET/IB: IbDev 0 Port 1 qpn 48468 set_ece={supported=1, vendor_id=0x15b3, options=0x30000002, comp_mask=0x0}
ip-10-32-4-110:160253:160337 [0] NCCL INFO NET/IB : QP 0x7fb02793e8c8 (qpn=0xBD54) src UDP port set to 60000 (qIndex=0)
ip-10-32-4-110:160253:160337 [0] NCCL INFO NET/IB: IbDev 0 Port 1 qpn 48469 set_ece={supported=1, vendor_id=0x15b3, options=0x30000002, comp_mask=0x0}
ip-10-32-4-110:160253:160337 [0] NCCL INFO NET/IB : QP 0x7fb0279928c8 (qpn=0xBD55) src UDP port set to 60051 (qIndex=1)
ip-10-32-4-110:160253:160337 [0] NCCL INFO NET/IB: IbDev 0 Port 1 qpn 48471 set_ece={supported=1, vendor_id=0x15b3, options=0x30000002, comp_mask=0x0}
ip-10-32-4-110:160253:160337 [0] NCCL INFO NET/IB : QP 0x7fb0279fd898 (qpn=0xBD57) src UDP port set to 57663 (qIndex=2)
ip-10-32-4-110:160253:160337 [0] NCCL INFO NET/IB: IbDev 0 Port 1 qpn 48473 set_ece={supported=1, vendor_id=0x15b3, options=0x30000002, comp_mask=0x0}
ip-10-32-4-110:160253:160337 [0] NCCL INFO NET/IB : QP 0x7fb025b79858 (qpn=0xBD59) src UDP port set to 57804 (qIndex=3)
ip-10-32-4-110:160253:160337 [0] NCCL INFO NET/IB: IbDev 0 Port 1 qpn 48518 set_ece={supported=1, vendor_id=0x15b3, options=0x30000002, comp_mask=0x0}
ip-10-32-4-110:160253:160337 [0] NCCL INFO NET/IB : QP 0x7fb025c90c28 (qpn=0xBD86) src UDP port set to 60000 (qIndex=0)
ip-10-32-4-110:160253:160337 [0] NCCL INFO NET/IB: IbDev 0 Port 1 qpn 48519 set_ece={supported=1, vendor_id=0x15b3, options=0x30000002, comp_mask=0x0}
ip-10-32-4-110:160253:160337 [0] NCCL INFO NET/IB : QP 0x7fafac05c8c8 (qpn=0xBD87) src UDP port set to 60051 (qIndex=1)
ip-10-32-4-110:160253:160337 [0] NCCL INFO NET/IB: IbDev 0 Port 1 qpn 48520 set_ece={supported=1, vendor_id=0x15b3, options=0x30000002, comp_mask=0x0}
ip-10-32-4-110:160253:160337 [0] NCCL INFO NET/IB : QP 0x7fafac0f1898 (qpn=0xBD88) src UDP port set to 57663 (qIndex=2)
ip-10-32-4-110:160253:160337 [0] NCCL INFO NET/IB: IbDev 0 Port 1 qpn 48521 set_ece={supported=1, vendor_id=0x15b3, options=0x30000002, comp_mask=0x0}
ip-10-32-4-110:160253:160337 [0] NCCL INFO NET/IB : QP 0x7fb025ce4858 (qpn=0xBD89) src UDP port set to 57804 (qIndex=3)
ip-10-32-4-110:160253:160337 [0] NCCL INFO NET/IB: IbDev 0 Port 1 qpn 48475 set_ece={supported=1, vendor_id=0x15b3, options=0x30000002, comp_mask=0x0}
ip-10-32-4-110:160253:160337 [0] NCCL INFO NET/IB : QP 0x7fb025b79c28 (qpn=0xBD5B) src UDP port set to 60000 (qIndex=0)
ip-10-32-4-110:160253:160337 [0] NCCL INFO NET/IB: IbDev 0 Port 1 qpn 48477 set_ece={supported=1, vendor_id=0x15b3, options=0x30000002, comp_mask=0x0}
ip-10-32-4-110:160253:160337 [0] NCCL INFO NET/IB : QP 0x7fb027a518c8 (qpn=0xBD5D) src UDP port set to 60051 (qIndex=1)
ip-10-32-4-110:160253:160337 [0] NCCL INFO NET/IB: IbDev 0 Port 1 qpn 48478 set_ece={supported=1, vendor_id=0x15b3, options=0x30000002, comp_mask=0x0}
ip-10-32-4-110:160253:160337 [0] NCCL INFO NET/IB : QP 0x7fb027ae6898 (qpn=0xBD5E) src UDP port set to 57663 (qIndex=2)
ip-10-32-4-110:160253:160337 [0] NCCL INFO NET/IB: IbDev 0 Port 1 qpn 48480 set_ece={supported=1, vendor_id=0x15b3, options=0x30000002, comp_mask=0x0}
ip-10-32-4-110:160253:160337 [0] NCCL INFO NET/IB : QP 0x7fb025bcd858 (qpn=0xBD60) src UDP port set to 57804 (qIndex=3)
ip-10-32-4-110:160253:160337 [0] NCCL INFO NET/IB: IbDev 0 Port 1 qpn 48533 set_ece={supported=1, vendor_id=0x15b3, options=0x30000002, comp_mask=0x0}
ip-10-32-4-110:160253:160337 [0] NCCL INFO NET/IB : QP 0x7fb025d38bb8 (qpn=0xBD95) src UDP port set to 60000 (qIndex=0)
ip-10-32-4-110:160253:160337 [0] NCCL INFO NET/IB: IbDev 0 Port 1 qpn 48535 set_ece={supported=1, vendor_id=0x15b3, options=0x30000002, comp_mask=0x0}
ip-10-32-4-110:160253:160337 [0] NCCL INFO NET/IB : QP 0x7fb026289858 (qpn=0xBD97) src UDP port set to 60051 (qIndex=1)
ip-10-32-4-110:160253:160337 [0] NCCL INFO NET/IB: IbDev 0 Port 1 qpn 48536 set_ece={supported=1, vendor_id=0x15b3, options=0x30000002, comp_mask=0x0}
ip-10-32-4-110:160253:160337 [0] NCCL INFO NET/IB : QP 0x7fb026289c28 (qpn=0xBD98) src UDP port set to 57663 (qIndex=2)
ip-10-32-4-110:160253:160337 [0] NCCL INFO NET/IB: IbDev 0 Port 1 qpn 48537 set_ece={supported=1, vendor_id=0x15b3, options=0x30000002, comp_mask=0x0}
ip-10-32-4-110:160253:160337 [0] NCCL INFO NET/IB : QP 0x7fafac1da8d8 (qpn=0xBD99) src UDP port set to 57804 (qIndex=3)
ip-10-32-4-110:160253:160337 [0] NCCL INFO NET/IB: IbDev 0 Port 1 qpn 48538 set_ece={supported=1, vendor_id=0x15b3, options=0x30000002, comp_mask=0x0}
ip-10-32-4-110:160253:160337 [0] NCCL INFO NET/IB : QP 0x7fafac22eb28 (qpn=0xBD9A) src UDP port set to 60000 (qIndex=0)
ip-10-32-4-110:160253:160337 [0] NCCL INFO NET/IB: IbDev 0 Port 1 qpn 48539 set_ece={supported=1, vendor_id=0x15b3, options=0x30000002, comp_mask=0x0}
ip-10-32-4-110:160253:160337 [0] NCCL INFO NET/IB : QP 0x7fafac27a898 (qpn=0xBD9B) src UDP port set to 60051 (qIndex=1)
ip-10-32-4-110:160253:160337 [0] NCCL INFO NET/IB: IbDev 0 Port 1 qpn 48540 set_ece={supported=1, vendor_id=0x15b3, options=0x30000002, comp_mask=0x0}
ip-10-32-4-110:160253:160337 [0] NCCL INFO NET/IB : QP 0x7fb026320858 (qpn=0xBD9C) src UDP port set to 57663 (qIndex=2)
ip-10-32-4-110:160253:160337 [0] NCCL INFO NET/IB: IbDev 0 Port 1 qpn 48541 set_ece={supported=1, vendor_id=0x15b3, options=0x30000002, comp_mask=0x0}
ip-10-32-4-110:160253:160337 [0] NCCL INFO NET/IB : QP 0x7fb026320c28 (qpn=0xBD9D) src UDP port set to 57804 (qIndex=3)
ip-10-32-4-110:160253:160357 [0] NCCL INFO recvProxyProgress: issued GDR flush
     1048576         16384     float    none      -1    87.63   11.97   11.22      0    82.02   12.78   11.99    N/A
     2097152         32768     float    none      -1    108.7   19.29   18.09      0    105.9   19.80   18.56    N/A
     4194304         65536     float    none      -1    157.7   26.59   24.93      0    158.2   26.51   24.85    N/A
     8388608        131072     float    none      -1    272.5   30.79   28.86      0    276.7   30.32   28.42    N/A
    16777216        262144     float    none      -1    503.9   33.29   31.21      0    496.3   33.81   31.69    N/A
    33554432        524288     float    none      -1    972.0   34.52   32.36      0    941.0   35.66   33.43    N/A
    67108864       1048576     float    none      -1   1753.2   38.28   35.88      0   1742.6   38.51   36.10    N/A
   134217728       2097152     float    none      -1   3266.3   41.09   38.52      0   3281.0   40.91   38.35    N/A
   268435456       4194304     float    none      -1   6240.2   43.02   40.33      0   6664.3   40.28   37.76    N/A
   536870912       8388608     float    none      -1    12147   44.20   41.43      0    12117   44.31   41.54    N/A
  1073741824      16777216     float    none      -1    24293   44.20   41.44      0    24239   44.30   41.53    N/A
  2147483648      33554432     float    none      -1    49426   43.45   40.73      0    46845   45.84   42.98    N/A
  4294967296      67108864     float    none      -1    96657   44.44   41.66      0    98670   43.53   40.81    N/A
ip-10-32-4-110:160253:160385 [0] NCCL INFO comm 0x7fbbb2ed5010 rank 0 nranks 16 cudaDev 0 busId 5000 - Destroy COMPLETE
# Errors with asterisks indicate errors that have exceeded the maximum threshold.
# Out of bounds values : 0 OK
# Avg bus bandwidth    : 32.8723 
#
# Collective test concluded: alltoall_perf

