# Collective test starting: alltoall_perf
# nThread 1 nGpus 1 minBytes 1048576 maxBytes 4294967296 step: 2(factor) warmup iters: 5 iters: 20 agg iters: 1 validation: 1 graph: 0
#
rccl-tests: Version HEAD:155f474
# Using devices
#  Rank  0 Group  0 Pid 160575 on ip-10-32-4-110 device  0 [0000:05:00] BW1000_H
#  Rank  1 Group  0 Pid 160572 on ip-10-32-4-110 device  1 [0000:2b:00] BW1000_H
#  Rank  2 Group  0 Pid 160574 on ip-10-32-4-110 device  2 [0000:14:00] BW1000_H
#  Rank  3 Group  0 Pid 160577 on ip-10-32-4-110 device  3 [0000:1c:00] BW1000_H
#  Rank  4 Group  0 Pid 160573 on ip-10-32-4-110 device  4 [0000:86:00] BW1000_H
#  Rank  5 Group  0 Pid 160576 on ip-10-32-4-110 device  5 [0000:b8:00] BW1000_H
#  Rank  6 Group  0 Pid 160578 on ip-10-32-4-110 device  6 [0000:bf:00] BW1000_H
#  Rank  7 Group  0 Pid 160579 on ip-10-32-4-110 device  7 [0000:9e:00] BW1000_H
#  Rank  8 Group  0 Pid  32865 on ip-10-32-4-76 device  0 [0000:05:00] BW1000_H
#  Rank  9 Group  0 Pid  32863 on ip-10-32-4-76 device  1 [0000:2b:00] BW1000_H
#  Rank 10 Group  0 Pid  32858 on ip-10-32-4-76 device  2 [0000:14:00] BW1000_H
#  Rank 11 Group  0 Pid  32862 on ip-10-32-4-76 device  3 [0000:1c:00] BW1000_H
#  Rank 12 Group  0 Pid  32860 on ip-10-32-4-76 device  4 [0000:86:00] BW1000_H
#  Rank 13 Group  0 Pid  32859 on ip-10-32-4-76 device  5 [0000:b8:00] BW1000_H
#  Rank 14 Group  0 Pid  32861 on ip-10-32-4-76 device  6 [0000:bf:00] BW1000_H
#  Rank 15 Group  0 Pid  32864 on ip-10-32-4-76 device  7 [0000:9e:00] BW1000_H
ip-10-32-4-110:160575:160575 [0] NCCL INFO Kernel version: 6.6.110-42.4.tl4.x86_64
ip-10-32-4-110:160575:160575 [0] NCCL INFO Hipruntime version: 70226365, firmware version: 62
ip-10-32-4-110:160575:160575 [0] NCCL INFO NCCL_SOCKET_IFNAME set to eth0
ip-10-32-4-110:160575:160575 [0] NCCL INFO ROCr version 1.11
ip-10-32-4-110:160575:160575 [0] NCCL INFO Dmabuf feature disabled without NCCL_DMABUF_ENABLE=1
ip-10-32-4-110:160575:160575 [0] NCCL INFO Kernel version: 6.6.110-42.4.tl4.x86_64
ip-10-32-4-110:160575:160575 [0] NCCL INFO RCCL version : 2.27.7-HEAD:3b793e3
HIP version  : 7.2.26365-0599bcb4
ROCm version : 7.2.3.0-0-18d184d
Hostname     : ip-10-32-4-110
Librccl path : /opt/dtk/lib/librccl.so.1
ip-10-32-4-110:160575:160613 [0] NCCL INFO NET/Plugin: Could not find: libnccl-net.so. 
ip-10-32-4-110:160575:160613 [0] NCCL INFO dlvsym failed on mlx5dv_get_data_direct_sysfs_path - /lib/x86_64-linux-gnu/libmlx5.so.1: undefined symbol: mlx5dv_get_data_direct_sysfs_path, version MLX5_1.25 version MLX5_1.25
ip-10-32-4-110:160575:160613 [0] NCCL INFO dlvsym failed on mlx5dv_reg_dmabuf_mr - /lib/x86_64-linux-gnu/libmlx5.so.1: undefined symbol: mlx5dv_reg_dmabuf_mr, version MLX5_1.25 version MLX5_1.25
ip-10-32-4-110:160575:160613 [0] NCCL INFO NET/IB: [0] mlx5_bond_0:uverbs0:1/RoCE provider=Mlx5 speed=200000 context=0x7fd658183180 pciPath=/sys/devices/pci0000:00/0000:00:01.1/0000:01:00.0/0000:02:01.0/0000:06:00.0 ar=0
ip-10-32-4-110:160575:160613 [0] NCCL INFO NET/IB : Made virtual device [0] name=mlx5_bond_0 speed=200000 ndevs=1
ip-10-32-4-110:160575:160613 [0] NCCL INFO NET/IB: [1] mlx5_bond_1:uverbs1:1/RoCE provider=Mlx5 speed=200000 context=0x7fd6581c4820 pciPath=/sys/devices/pci0000:0e/0000:0e:03.1/0000:17:00.0/0000:18:00.0/0000:19:00.0 ar=0
ip-10-32-4-110:160575:160613 [0] NCCL INFO NET/IB : Made virtual device [1] name=mlx5_bond_1 speed=200000 ndevs=1
ip-10-32-4-110:160575:160613 [0] NCCL INFO NET/IB: [2] mlx5_bond_2:uverbs2:1/RoCE provider=Mlx5 speed=200000 context=0x7fd658205ec0 pciPath=/sys/devices/pci0000:80/0000:80:01.1/0000:81:00.0/0000:82:00.0/0000:83:00.0 ar=0
ip-10-32-4-110:160575:160613 [0] NCCL INFO NET/IB : Made virtual device [2] name=mlx5_bond_2 speed=200000 ndevs=1
ip-10-32-4-110:160575:160613 [0] NCCL INFO NET/IB: [3] mlx5_bond_3:uverbs3:1/RoCE provider=Mlx5 speed=200000 context=0x7fd658247560 pciPath=/sys/devices/pci0000:b2/0000:b2:03.1/0000:bb:00.0/0000:bc:01.0/0000:c0:00.0 ar=0
ip-10-32-4-110:160575:160613 [0] NCCL INFO NET/IB : Made virtual device [3] name=mlx5_bond_3 speed=200000 ndevs=1
ip-10-32-4-110:160575:160613 [0] NCCL INFO NET/IB : Using [0]mlx5_bond_0:1/RoCE [1]mlx5_bond_1:1/RoCE [2]mlx5_bond_2:1/RoCE [3]mlx5_bond_3:1/RoCE [RO]; OOB eth0:10.32.4.110<0>
ip-10-32-4-110:160575:160613 [0] NCCL INFO Initialized NET plugin IB
ip-10-32-4-110:160575:160613 [0] NCCL INFO Found ib_register_peer_memory_client in /proc/kallsyms
ip-10-32-4-110:160575:160613 [0] NCCL INFO Assigned NET plugin IB to comm
ip-10-32-4-110:160575:160613 [0] NCCL INFO Using network IB
ip-10-32-4-110:160575:160613 [0] NCCL INFO rocm_smi_lib: version 1.0.0.0
ip-10-32-4-110:160575:160613 [0] NCCL INFO ncclCommInitRank_impl comm 0x7fe0b2705010 rank 0 nranks 16 cudaDev 0 nvmlDev 0 busId 5000 commId 0x65d0db750c806e9 - Init START
ip-10-32-4-110:160575:160613 [0] NCCL INFO RAS client listening socket at ::1<28028>
ip-10-32-4-110:160575:160613 [0] NCCL INFO CC_MODE agent: ccMode=0
ip-10-32-4-110:160575:160613 [0] NCCL INFO rank:0 get match hsa dev domain:0x0 bdf:0x500 rank busId:0x20480
ip-10-32-4-110:160575:160613 [0] NCCL INFO XDP Switch is on with xdp_size : 14
ip-10-32-4-110:160575:160613 [0] NCCL INFO rank 0/16, cuMemSupport 0, isSuperNode 0, cuMemHandleType Default
ip-10-32-4-110:160575:160613 [0] NCCL INFO Skipping topology detection, NCCL_TOPO_FILE(not set), /tmp/topo.xml(exists), NICName(mlx5_bond_0).
ip-10-32-4-110:160575:160613 [0] NCCL INFO Loading topology file /tmp/topo.xml
ip-10-32-4-110:160575:160613 [0] NCCL INFO Loading unnamed topology
ip-10-32-4-110:160575:160613 [0] NCCL INFO rocm_smi_lib: version 1.0.0.0
ip-10-32-4-110:160575:160613 [0] NCCL INFO TOPO/NET : Importing network plugins to topology
ip-10-32-4-110:160575:160613 [0] NCCL INFO Retrieving state for IB
ip-10-32-4-110:160575:160613 [0] NCCL INFO Initialized state 0 for IB
ip-10-32-4-110:160575:160613 [0] NCCL INFO NET/IB : GPU Direct RDMA Enabled for HCA 0 'mlx5_bond_0'
ip-10-32-4-110:160575:160613 [0] NCCL INFO ncclTopoPopulateNics : Filled mlx5_bond_0 in topo with pciPath=/sys/devices/pci0000:00/0000:00:01.1/0000:01:00.0/0000:02:01.0/0000:06:00.0 keep=1 coll=(null)
ip-10-32-4-110:160575:160613 [0] NCCL INFO NET/IB : GPU Direct RDMA Enabled for HCA 1 'mlx5_bond_1'
ip-10-32-4-110:160575:160613 [0] NCCL INFO ncclTopoPopulateNics : Filled mlx5_bond_1 in topo with pciPath=/sys/devices/pci0000:0e/0000:0e:03.1/0000:17:00.0/0000:18:00.0/0000:19:00.0 keep=1 coll=(null)
ip-10-32-4-110:160575:160613 [0] NCCL INFO NET/IB : GPU Direct RDMA Enabled for HCA 2 'mlx5_bond_2'
ip-10-32-4-110:160575:160613 [0] NCCL INFO ncclTopoPopulateNics : Filled mlx5_bond_2 in topo with pciPath=/sys/devices/pci0000:80/0000:80:01.1/0000:81:00.0/0000:82:00.0/0000:83:00.0 keep=1 coll=(null)
ip-10-32-4-110:160575:160613 [0] NCCL INFO NET/IB : GPU Direct RDMA Enabled for HCA 3 'mlx5_bond_3'
ip-10-32-4-110:160575:160613 [0] NCCL INFO ncclTopoPopulateNics : Filled mlx5_bond_3 in topo with pciPath=/sys/devices/pci0000:b2/0000:b2:03.1/0000:bb:00.0/0000:bc:01.0/0000:c0:00.0 keep=1 coll=(null)
ip-10-32-4-110:160575:160613 [0] NCCL INFO NCCL_NET_GDR_LEVEL set by environment to PXB
ip-10-32-4-110:160575:160613 [0] NCCL INFO GPU Direct RDMA Enabled for GPU 0 / HCA 0 (distance 4 <= 5), read 0 mode Default
ip-10-32-4-110:160575:160613 [0] NCCL INFO GPU Direct RDMA Enabled for GPU 1 / HCA 0 (distance 4 <= 5), read 0 mode Default
ip-10-32-4-110:160575:160613 [0] NCCL INFO GPU Direct RDMA Enabled for GPU 2 / HCA 1 (distance 4 <= 5), read 0 mode Default
ip-10-32-4-110:160575:160613 [0] NCCL INFO GPU Direct RDMA Enabled for GPU 3 / HCA 1 (distance 4 <= 5), read 0 mode Default
ip-10-32-4-110:160575:160613 [0] NCCL INFO GPU Direct RDMA Enabled for GPU 4 / HCA 2 (distance 4 <= 5), read 0 mode Default
ip-10-32-4-110:160575:160613 [0] NCCL INFO GPU Direct RDMA Enabled for GPU 5 / HCA 2 (distance 4 <= 5), read 0 mode Default
ip-10-32-4-110:160575:160613 [0] NCCL INFO GPU Direct RDMA Enabled for GPU 6 / HCA 3 (distance 4 <= 5), read 0 mode Default
ip-10-32-4-110:160575:160613 [0] NCCL INFO GPU Direct RDMA Enabled for GPU 7 / HCA 3 (distance 4 <= 5), read 0 mode Default
ip-10-32-4-110:160575:160613 [0] NCCL INFO GPU Direct RDMA Enabled for GPU 0 / HCA 0 (distance 4 <= 5), read 1 mode Default
ip-10-32-4-110:160575:160613 [0] NCCL INFO GPU Direct RDMA Enabled for GPU 1 / HCA 0 (distance 4 <= 5), read 1 mode Default
ip-10-32-4-110:160575:160613 [0] NCCL INFO GPU Direct RDMA Enabled for GPU 2 / HCA 1 (distance 4 <= 5), read 1 mode Default
ip-10-32-4-110:160575:160613 [0] NCCL INFO GPU Direct RDMA Enabled for GPU 3 / HCA 1 (distance 4 <= 5), read 1 mode Default
ip-10-32-4-110:160575:160613 [0] NCCL INFO GPU Direct RDMA Enabled for GPU 4 / HCA 2 (distance 4 <= 5), read 1 mode Default
ip-10-32-4-110:160575:160613 [0] NCCL INFO GPU Direct RDMA Enabled for GPU 5 / HCA 2 (distance 4 <= 5), read 1 mode Default
ip-10-32-4-110:160575:160613 [0] NCCL INFO GPU Direct RDMA Enabled for GPU 6 / HCA 3 (distance 4 <= 5), read 1 mode Default
ip-10-32-4-110:160575:160613 [0] NCCL INFO GPU Direct RDMA Enabled for GPU 7 / HCA 3 (distance 4 <= 5), read 1 mode Default
ip-10-32-4-110:160575:160613 [0] NCCL INFO GPU Direct RDMA Enabled for GPU 0 / HCA 0 (distance 4 <= 5), read 0 mode Default
ip-10-32-4-110:160575:160613 [0] NCCL INFO GPU Direct RDMA Enabled for GPU 1 / HCA 0 (distance 4 <= 5), read 0 mode Default
ip-10-32-4-110:160575:160613 [0] NCCL INFO GPU Direct RDMA Enabled for GPU 2 / HCA 1 (distance 4 <= 5), read 0 mode Default
ip-10-32-4-110:160575:160613 [0] NCCL INFO GPU Direct RDMA Enabled for GPU 3 / HCA 1 (distance 4 <= 5), read 0 mode Default
ip-10-32-4-110:160575:160613 [0] NCCL INFO GPU Direct RDMA Enabled for GPU 4 / HCA 2 (distance 4 <= 5), read 0 mode Default
ip-10-32-4-110:160575:160613 [0] NCCL INFO GPU Direct RDMA Enabled for GPU 5 / HCA 2 (distance 4 <= 5), read 0 mode Default
ip-10-32-4-110:160575:160613 [0] NCCL INFO GPU Direct RDMA Enabled for GPU 6 / HCA 3 (distance 4 <= 5), read 0 mode Default
ip-10-32-4-110:160575:160613 [0] NCCL INFO GPU Direct RDMA Enabled for GPU 7 / HCA 3 (distance 4 <= 5), read 0 mode Default
ip-10-32-4-110:160575:160613 [0] NCCL INFO === System : maxBw 25.0 totalBw 224.0 ===
ip-10-32-4-110:160575:160613 [0] NCCL INFO CPU/0-0 (1/2/6)
ip-10-32-4-110:160575:160613 [0] NCCL INFO + PCI[48.0] - PCI/0-4000 (1d9423b61d9423b6)
ip-10-32-4-110:160575:160613 [0] NCCL INFO               + PCI[48.0] - GPU/0-5000 (0)
ip-10-32-4-110:160575:160613 [0] NCCL INFO                             + XGMI[224.0] - NVS/0-0
ip-10-32-4-110:160575:160613 [0] NCCL INFO               + PCI[48.0] - NIC/0-6000
ip-10-32-4-110:160575:160613 [0] NCCL INFO                             + NET[25.0] - NET/0-0 (0/684914000350bcf0/1/25.000000)
ip-10-32-4-110:160575:160613 [0] NCCL INFO               + PCI[48.0] - GPU/0-2b000 (1)
ip-10-32-4-110:160575:160613 [0] NCCL INFO                             + XGMI[224.0] - NVS/0-0
ip-10-32-4-110:160575:160613 [0] NCCL INFO + PCI[48.0] - PCI/0-13000 (1d9423b61d9423b6)
ip-10-32-4-110:160575:160613 [0] NCCL INFO               + PCI[48.0] - NIC/0-19000
ip-10-32-4-110:160575:160613 [0] NCCL INFO                             + NET[25.0] - NET/0-1 (0/fa9305000350bcf0/1/25.000000)
ip-10-32-4-110:160575:160613 [0] NCCL INFO               + PCI[48.0] - GPU/0-14000 (2)
ip-10-32-4-110:160575:160613 [0] NCCL INFO                             + XGMI[224.0] - NVS/0-0
ip-10-32-4-110:160575:160613 [0] NCCL INFO               + PCI[48.0] - GPU/0-1c000 (3)
ip-10-32-4-110:160575:160613 [0] NCCL INFO                             + XGMI[224.0] - NVS/0-0
ip-10-32-4-110:160575:160613 [0] NCCL INFO + SYS[16.0] - CPU/0-1
ip-10-32-4-110:160575:160613 [0] NCCL INFO CPU/0-1 (1/2/6)
ip-10-32-4-110:160575:160613 [0] NCCL INFO + PCI[48.0] - PCI/0-85000 (1d9423b61d9423b6)
ip-10-32-4-110:160575:160613 [0] NCCL INFO               + PCI[48.0] - NIC/0-83000
ip-10-32-4-110:160575:160613 [0] NCCL INFO                             + NET[25.0] - NET/0-2 (0/eaa005000350bcf0/1/25.000000)
ip-10-32-4-110:160575:160613 [0] NCCL INFO               + PCI[48.0] - GPU/0-86000 (4)
ip-10-32-4-110:160575:160613 [0] NCCL INFO                             + XGMI[224.0] - NVS/0-0
ip-10-32-4-110:160575:160613 [0] NCCL INFO               + PCI[48.0] - GPU/0-b8000 (5)
ip-10-32-4-110:160575:160613 [0] NCCL INFO                             + XGMI[224.0] - NVS/0-0
ip-10-32-4-110:160575:160613 [0] NCCL INFO + PCI[48.0] - PCI/0-be000 (1d9423b61d9423b6)
ip-10-32-4-110:160575:160613 [0] NCCL INFO               + PCI[48.0] - NIC/0-c0000
ip-10-32-4-110:160575:160613 [0] NCCL INFO                             + NET[25.0] - NET/0-3 (0/ba8005000350bcf0/1/25.000000)
ip-10-32-4-110:160575:160613 [0] NCCL INFO               + PCI[48.0] - GPU/0-bf000 (6)
ip-10-32-4-110:160575:160613 [0] NCCL INFO                             + XGMI[224.0] - NVS/0-0
ip-10-32-4-110:160575:160613 [0] NCCL INFO               + PCI[48.0] - GPU/0-9e000 (7)
ip-10-32-4-110:160575:160613 [0] NCCL INFO                             + XGMI[224.0] - NVS/0-0
ip-10-32-4-110:160575:160613 [0] NCCL INFO + SYS[16.0] - CPU/0-0
ip-10-32-4-110:160575:160613 [0] NCCL INFO ==========================================
ip-10-32-4-110:160575:160613 [0] NCCL INFO GPU/0-5000 :GPU/0-5000 (0/5000.0/LOC) GPU/0-2b000 (2/224.0/XGMI) GPU/0-14000 (2/224.0/XGMI) GPU/0-1c000 (2/224.0/XGMI) GPU/0-86000 (2/224.0/XGMI) GPU/0-b8000 (2/224.0/XGMI) GPU/0-bf000 (2/224.0/XGMI) GPU/0-9e000 (2/224.0/XGMI) NVS/0-0 (1/224.0/XGMI) CPU/0-0 (2/48.0/PHB) CPU/0-1 (3/16.0/SYS) NET/0-0 (3/25.0/PIX) NET/0-1 (5/25.0/PHB) NET/0-2 (6/16.0/SYS) NET/0-3 (6/16.0/SYS) 
ip-10-32-4-110:160575:160613 [0] NCCL INFO GPU/0-2b000 :GPU/0-5000 (2/224.0/XGMI) GPU/0-2b000 (0/5000.0/LOC) GPU/0-14000 (2/224.0/XGMI) GPU/0-1c000 (2/224.0/XGMI) GPU/0-86000 (2/224.0/XGMI) GPU/0-b8000 (2/224.0/XGMI) GPU/0-bf000 (2/224.0/XGMI) GPU/0-9e000 (2/224.0/XGMI) NVS/0-0 (1/224.0/XGMI) CPU/0-0 (2/48.0/PHB) CPU/0-1 (3/16.0/SYS) NET/0-0 (3/25.0/PIX) NET/0-1 (5/25.0/PHB) NET/0-2 (6/16.0/SYS) NET/0-3 (6/16.0/SYS) 
ip-10-32-4-110:160575:160613 [0] NCCL INFO GPU/0-14000 :GPU/0-5000 (2/224.0/XGMI) GPU/0-2b000 (2/224.0/XGMI) GPU/0-14000 (0/5000.0/LOC) GPU/0-1c000 (2/224.0/XGMI) GPU/0-86000 (2/224.0/XGMI) GPU/0-b8000 (2/224.0/XGMI) GPU/0-bf000 (2/224.0/XGMI) GPU/0-9e000 (2/224.0/XGMI) NVS/0-0 (1/224.0/XGMI) CPU/0-0 (2/48.0/PHB) CPU/0-1 (3/16.0/SYS) NET/0-0 (5/25.0/PHB) NET/0-1 (3/25.0/PIX) NET/0-2 (6/16.0/SYS) NET/0-3 (6/16.0/SYS) 
ip-10-32-4-110:160575:160613 [0] NCCL INFO GPU/0-1c000 :GPU/0-5000 (2/224.0/XGMI) GPU/0-2b000 (2/224.0/XGMI) GPU/0-14000 (2/224.0/XGMI) GPU/0-1c000 (0/5000.0/LOC) GPU/0-86000 (2/224.0/XGMI) GPU/0-b8000 (2/224.0/XGMI) GPU/0-bf000 (2/224.0/XGMI) GPU/0-9e000 (2/224.0/XGMI) NVS/0-0 (1/224.0/XGMI) CPU/0-0 (2/48.0/PHB) CPU/0-1 (3/16.0/SYS) NET/0-0 (5/25.0/PHB) NET/0-1 (3/25.0/PIX) NET/0-2 (6/16.0/SYS) NET/0-3 (6/16.0/SYS) 
ip-10-32-4-110:160575:160613 [0] NCCL INFO GPU/0-86000 :GPU/0-5000 (2/224.0/XGMI) GPU/0-2b000 (2/224.0/XGMI) GPU/0-14000 (2/224.0/XGMI) GPU/0-1c000 (2/224.0/XGMI) GPU/0-86000 (0/5000.0/LOC) GPU/0-b8000 (2/224.0/XGMI) GPU/0-bf000 (2/224.0/XGMI) GPU/0-9e000 (2/224.0/XGMI) NVS/0-0 (1/224.0/XGMI) CPU/0-0 (3/16.0/SYS) CPU/0-1 (2/48.0/PHB) NET/0-0 (6/16.0/SYS) NET/0-1 (6/16.0/SYS) NET/0-2 (3/25.0/PIX) NET/0-3 (5/25.0/PHB) 
ip-10-32-4-110:160575:160613 [0] NCCL INFO GPU/0-b8000 :GPU/0-5000 (2/224.0/XGMI) GPU/0-2b000 (2/224.0/XGMI) GPU/0-14000 (2/224.0/XGMI) GPU/0-1c000 (2/224.0/XGMI) GPU/0-86000 (2/224.0/XGMI) GPU/0-b8000 (0/5000.0/LOC) GPU/0-bf000 (2/224.0/XGMI) GPU/0-9e000 (2/224.0/XGMI) NVS/0-0 (1/224.0/XGMI) CPU/0-0 (3/16.0/SYS) CPU/0-1 (2/48.0/PHB) NET/0-0 (6/16.0/SYS) NET/0-1 (6/16.0/SYS) NET/0-2 (3/25.0/PIX) NET/0-3 (5/25.0/PHB) 
ip-10-32-4-110:160575:160613 [0] NCCL INFO GPU/0-bf000 :GPU/0-5000 (2/224.0/XGMI) GPU/0-2b000 (2/224.0/XGMI) GPU/0-14000 (2/224.0/XGMI) GPU/0-1c000 (2/224.0/XGMI) GPU/0-86000 (2/224.0/XGMI) GPU/0-b8000 (2/224.0/XGMI) GPU/0-bf000 (0/5000.0/LOC) GPU/0-9e000 (2/224.0/XGMI) NVS/0-0 (1/224.0/XGMI) CPU/0-0 (3/16.0/SYS) CPU/0-1 (2/48.0/PHB) NET/0-0 (6/16.0/SYS) NET/0-1 (6/16.0/SYS) NET/0-2 (5/25.0/PHB) NET/0-3 (3/25.0/PIX) 
ip-10-32-4-110:160575:160613 [0] NCCL INFO GPU/0-9e000 :GPU/0-5000 (2/224.0/XGMI) GPU/0-2b000 (2/224.0/XGMI) GPU/0-14000 (2/224.0/XGMI) GPU/0-1c000 (2/224.0/XGMI) GPU/0-86000 (2/224.0/XGMI) GPU/0-b8000 (2/224.0/XGMI) GPU/0-bf000 (2/224.0/XGMI) GPU/0-9e000 (0/5000.0/LOC) NVS/0-0 (1/224.0/XGMI) CPU/0-0 (3/16.0/SYS) CPU/0-1 (2/48.0/PHB) NET/0-0 (6/16.0/SYS) NET/0-1 (6/16.0/SYS) NET/0-2 (5/25.0/PHB) NET/0-3 (3/25.0/PIX) 
ip-10-32-4-110:160575:160613 [0] NCCL INFO NET/0-0 :GPU/0-5000 (3/25.0/PIX) GPU/0-2b000 (3/25.0/PIX) GPU/0-14000 (5/25.0/PHB) GPU/0-1c000 (5/25.0/PHB) GPU/0-86000 (6/16.0/SYS) GPU/0-b8000 (6/16.0/SYS) GPU/0-bf000 (6/16.0/SYS) GPU/0-9e000 (6/16.0/SYS) CPU/0-0 (3/25.0/PHB) CPU/0-1 (4/16.0/SYS) NET/0-0 (0/5000.0/LOC) NET/0-1 (6/25.0/PHB) NET/0-2 (7/16.0/SYS) NET/0-3 (7/16.0/SYS) 
ip-10-32-4-110:160575:160613 [0] NCCL INFO NET/0-1 :GPU/0-5000 (5/25.0/PHB) GPU/0-2b000 (5/25.0/PHB) GPU/0-14000 (3/25.0/PIX) GPU/0-1c000 (3/25.0/PIX) GPU/0-86000 (6/16.0/SYS) GPU/0-b8000 (6/16.0/SYS) GPU/0-bf000 (6/16.0/SYS) GPU/0-9e000 (6/16.0/SYS) CPU/0-0 (3/25.0/PHB) CPU/0-1 (4/16.0/SYS) NET/0-0 (6/25.0/PHB) NET/0-1 (0/5000.0/LOC) NET/0-2 (7/16.0/SYS) NET/0-3 (7/16.0/SYS) 
ip-10-32-4-110:160575:160613 [0] NCCL INFO NET/0-2 :GPU/0-5000 (6/16.0/SYS) GPU/0-2b000 (6/16.0/SYS) GPU/0-14000 (6/16.0/SYS) GPU/0-1c000 (6/16.0/SYS) GPU/0-86000 (3/25.0/PIX) GPU/0-b8000 (3/25.0/PIX) GPU/0-bf000 (5/25.0/PHB) GPU/0-9e000 (5/25.0/PHB) CPU/0-0 (4/16.0/SYS) CPU/0-1 (3/25.0/PHB) NET/0-0 (7/16.0/SYS) NET/0-1 (7/16.0/SYS) NET/0-2 (0/5000.0/LOC) NET/0-3 (6/25.0/PHB) 
ip-10-32-4-110:160575:160613 [0] NCCL INFO NET/0-3 :GPU/0-5000 (6/16.0/SYS) GPU/0-2b000 (6/16.0/SYS) GPU/0-14000 (6/16.0/SYS) GPU/0-1c000 (6/16.0/SYS) GPU/0-86000 (5/25.0/PHB) GPU/0-b8000 (5/25.0/PHB) GPU/0-bf000 (3/25.0/PIX) GPU/0-9e000 (3/25.0/PIX) CPU/0-0 (4/16.0/SYS) CPU/0-1 (3/25.0/PHB) NET/0-0 (7/16.0/SYS) NET/0-1 (7/16.0/SYS) NET/0-2 (6/25.0/PHB) NET/0-3 (0/5000.0/LOC) 
ip-10-32-4-110:160575:160613 [0] NCCL INFO Setting affinity for GPU 0 to 0-95,192-287
ip-10-32-4-110:160575:160613 [0] NCCL INFO Rank:0 Get link topo from rocmDev:0 linkNum:8 link:0 linkState:1 remote type:1 bdf:0x4900 topoType:2
ip-10-32-4-110:160575:160613 [0] NCCL INFO Transport init rank 0 useXdp 1 linkTopoType 2
ip-10-32-4-110:160575:160613 [0] NCCL INFO Pattern 4, crossNic 0, nChannels 4, bw 24.000000/24.000000, type XGMI/PIX, sameChannels 0
ip-10-32-4-110:160575:160613 [0] NCCL INFO  0 : NET/0-0 GPU/0-5000 GPU/0-9e000 GPU/0-bf000 GPU/0-b8000 GPU/0-86000 GPU/0-1c000 GPU/0-14000 GPU/0-2b000 NET/0-0
ip-10-32-4-110:160575:160613 [0] NCCL INFO  1 : NET/0-1 GPU/0-14000 GPU/0-2b000 GPU/0-5000 GPU/0-9e000 GPU/0-bf000 GPU/0-b8000 GPU/0-86000 GPU/0-1c000 NET/0-1
ip-10-32-4-110:160575:160613 [0] NCCL INFO  2 : NET/0-2 GPU/0-86000 GPU/0-1c000 GPU/0-14000 GPU/0-2b000 GPU/0-5000 GPU/0-9e000 GPU/0-bf000 GPU/0-b8000 NET/0-2
ip-10-32-4-110:160575:160613 [0] NCCL INFO  3 : NET/0-3 GPU/0-bf000 GPU/0-b8000 GPU/0-86000 GPU/0-1c000 GPU/0-14000 GPU/0-2b000 GPU/0-5000 GPU/0-9e000 NET/0-3
ip-10-32-4-110:160575:160613 [0] NCCL INFO Pattern 1, crossNic 0, nChannels 4, bw 42.000000/24.000000, type XGMI/PIX, sameChannels 0
ip-10-32-4-110:160575:160613 [0] NCCL INFO  0 : NET/0-0 GPU/0-5000 GPU/0-2b000 GPU/0-14000 GPU/0-1c000 GPU/0-86000 GPU/0-b8000 GPU/0-bf000 GPU/0-9e000 NET/0-0
ip-10-32-4-110:160575:160613 [0] NCCL INFO  1 : NET/0-1 GPU/0-14000 GPU/0-1c000 GPU/0-86000 GPU/0-b8000 GPU/0-bf000 GPU/0-9e000 GPU/0-5000 GPU/0-2b000 NET/0-1
ip-10-32-4-110:160575:160613 [0] NCCL INFO  2 : NET/0-2 GPU/0-86000 GPU/0-b8000 GPU/0-bf000 GPU/0-9e000 GPU/0-5000 GPU/0-2b000 GPU/0-14000 GPU/0-1c000 NET/0-2
ip-10-32-4-110:160575:160613 [0] NCCL INFO  3 : NET/0-3 GPU/0-bf000 GPU/0-9e000 GPU/0-5000 GPU/0-2b000 GPU/0-14000 GPU/0-1c000 GPU/0-86000 GPU/0-b8000 NET/0-3
ip-10-32-4-110:160575:160613 [0] NCCL INFO comm 0x7fe0b2705010 rank 0 nRanks 16 nNodes 2 localRanks 8 localRank 0 MNNVL 0
ip-10-32-4-110:160575:160613 [0] NCCL INFO [RINGS]      00     01     02     03
ip-10-32-4-110:160575:160613 [0] NCCL INFO [RINGS]  00->01 02->03 04->05 06->07
ip-10-32-4-110:160575:160613 [0] NCCL INFO [RINGS]  00->01 02->03 04->05 06->07
ip-10-32-4-110:160575:160613 [0] NCCL INFO Tree 0 : -1 -> 0 -> 1/8/-1
ip-10-32-4-110:160575:160613 [0] NCCL INFO Tree 4 : 8 -> 0 -> 1/-1/-1
ip-10-32-4-110:160575:160613 [0] NCCL INFO Channel 00/32 :  0  7  6  5  4  3  2  1  8 15 14 13 12 11 10  9
ip-10-32-4-110:160575:160613 [0] NCCL INFO Channel 01/32 :  0  7  6  5  4  3 10  9  8 15 14 13 12 11  2  1
ip-10-32-4-110:160575:160613 [0] NCCL INFO Channel 02/32 :  0  7  6  5 12 11 10  9  8 15 14 13  4  3  2  1
ip-10-32-4-110:160575:160613 [0] NCCL INFO Channel 03/32 :  0  7 14 13 12 11 10  9  8 15  6  5  4  3  2  1
ip-10-32-4-110:160575:160613 [0] NCCL INFO Channel 04/32 :  0  7  6  5  4  3  2  1  8 15 14 13 12 11 10  9
ip-10-32-4-110:160575:160613 [0] NCCL INFO Channel 05/32 :  0  7  6  5  4  3 10  9  8 15 14 13 12 11  2  1
ip-10-32-4-110:160575:160613 [0] NCCL INFO Channel 06/32 :  0  7  6  5 12 11 10  9  8 15 14 13  4  3  2  1
ip-10-32-4-110:160575:160613 [0] NCCL INFO Channel 07/32 :  0  7 14 13 12 11 10  9  8 15  6  5  4  3  2  1
ip-10-32-4-110:160575:160613 [0] NCCL INFO Channel 08/32 :  0  7  6  5  4  3  2  1  8 15 14 13 12 11 10  9
ip-10-32-4-110:160575:160613 [0] NCCL INFO Channel 09/32 :  0  7  6  5  4  3 10  9  8 15 14 13 12 11  2  1
ip-10-32-4-110:160575:160613 [0] NCCL INFO Channel 10/32 :  0  7  6  5 12 11 10  9  8 15 14 13  4  3  2  1
ip-10-32-4-110:160575:160613 [0] NCCL INFO Channel 11/32 :  0  7 14 13 12 11 10  9  8 15  6  5  4  3  2  1
ip-10-32-4-110:160575:160613 [0] NCCL INFO Channel 12/32 :  0  7  6  5  4  3  2  1  8 15 14 13 12 11 10  9
ip-10-32-4-110:160575:160613 [0] NCCL INFO Channel 13/32 :  0  7  6  5  4  3 10  9  8 15 14 13 12 11  2  1
ip-10-32-4-110:160575:160613 [0] NCCL INFO Channel 14/32 :  0  7  6  5 12 11 10  9  8 15 14 13  4  3  2  1
ip-10-32-4-110:160575:160613 [0] NCCL INFO Channel 15/32 :  0  7 14 13 12 11 10  9  8 15  6  5  4  3  2  1
ip-10-32-4-110:160575:160613 [0] NCCL INFO Channel 16/32 :  0  7  6  5  4  3  2  1  8 15 14 13 12 11 10  9
ip-10-32-4-110:160575:160613 [0] NCCL INFO Channel 17/32 :  0  7  6  5  4  3 10  9  8 15 14 13 12 11  2  1
ip-10-32-4-110:160575:160613 [0] NCCL INFO Channel 18/32 :  0  7  6  5 12 11 10  9  8 15 14 13  4  3  2  1
ip-10-32-4-110:160575:160613 [0] NCCL INFO Channel 19/32 :  0  7 14 13 12 11 10  9  8 15  6  5  4  3  2  1
ip-10-32-4-110:160575:160613 [0] NCCL INFO Channel 20/32 :  0  7  6  5  4  3  2  1  8 15 14 13 12 11 10  9
ip-10-32-4-110:160575:160613 [0] NCCL INFO Channel 21/32 :  0  7  6  5  4  3 10  9  8 15 14 13 12 11  2  1
ip-10-32-4-110:160575:160613 [0] NCCL INFO Channel 22/32 :  0  7  6  5 12 11 10  9  8 15 14 13  4  3  2  1
ip-10-32-4-110:160575:160613 [0] NCCL INFO Channel 23/32 :  0  7 14 13 12 11 10  9  8 15  6  5  4  3  2  1
ip-10-32-4-110:160575:160613 [0] NCCL INFO Channel 24/32 :  0  7  6  5  4  3  2  1  8 15 14 13 12 11 10  9
ip-10-32-4-110:160575:160613 [0] NCCL INFO Channel 25/32 :  0  7  6  5  4  3 10  9  8 15 14 13 12 11  2  1
ip-10-32-4-110:160575:160613 [0] NCCL INFO Channel 26/32 :  0  7  6  5 12 11 10  9  8 15 14 13  4  3  2  1
ip-10-32-4-110:160575:160613 [0] NCCL INFO Channel 27/32 :  0  7 14 13 12 11 10  9  8 15  6  5  4  3  2  1
ip-10-32-4-110:160575:160613 [0] NCCL INFO Channel 28/32 :  0  7  6  5  4  3  2  1  8 15 14 13 12 11 10  9
ip-10-32-4-110:160575:160613 [0] NCCL INFO Channel 29/32 :  0  7  6  5  4  3 10  9  8 15 14 13 12 11  2  1
ip-10-32-4-110:160575:160613 [0] NCCL INFO Channel 30/32 :  0  7  6  5 12 11 10  9  8 15 14 13  4  3  2  1
ip-10-32-4-110:160575:160613 [0] NCCL INFO Channel 31/32 :  0  7 14 13 12 11 10  9  8 15  6  5  4  3  2  1
ip-10-32-4-110:160575:160613 [0] NCCL INFO ncclCommInitPlaneInfo begin
ip-10-32-4-110:160575:160613 [0] NCCL INFO ncclCommInitPlaneInfo end
ip-10-32-4-110:160575:160613 [0] NCCL INFO Ring 0 : 9 -> 0 -> 7 comm 0x7fe0b2705010 nRanks 16 busId 5000
ip-10-32-4-110:160575:160613 [0] NCCL INFO Ring 1 : 1 -> 0 -> 7 comm 0x7fe0b2705010 nRanks 16 busId 5000
ip-10-32-4-110:160575:160613 [0] NCCL INFO Ring 2 : 1 -> 0 -> 7 comm 0x7fe0b2705010 nRanks 16 busId 5000
ip-10-32-4-110:160575:160613 [0] NCCL INFO Ring 3 : 1 -> 0 -> 7 comm 0x7fe0b2705010 nRanks 16 busId 5000
ip-10-32-4-110:160575:160613 [0] NCCL INFO Ring 4 : 9 -> 0 -> 7 comm 0x7fe0b2705010 nRanks 16 busId 5000
ip-10-32-4-110:160575:160613 [0] NCCL INFO Ring 5 : 1 -> 0 -> 7 comm 0x7fe0b2705010 nRanks 16 busId 5000
ip-10-32-4-110:160575:160613 [0] NCCL INFO Ring 6 : 1 -> 0 -> 7 comm 0x7fe0b2705010 nRanks 16 busId 5000
ip-10-32-4-110:160575:160613 [0] NCCL INFO Ring 7 : 1 -> 0 -> 7 comm 0x7fe0b2705010 nRanks 16 busId 5000
ip-10-32-4-110:160575:160613 [0] NCCL INFO Ring 8 : 9 -> 0 -> 7 comm 0x7fe0b2705010 nRanks 16 busId 5000
ip-10-32-4-110:160575:160613 [0] NCCL INFO Ring 9 : 1 -> 0 -> 7 comm 0x7fe0b2705010 nRanks 16 busId 5000
ip-10-32-4-110:160575:160613 [0] NCCL INFO Ring 10 : 1 -> 0 -> 7 comm 0x7fe0b2705010 nRanks 16 busId 5000
ip-10-32-4-110:160575:160613 [0] NCCL INFO Ring 11 : 1 -> 0 -> 7 comm 0x7fe0b2705010 nRanks 16 busId 5000
ip-10-32-4-110:160575:160613 [0] NCCL INFO Ring 12 : 9 -> 0 -> 7 comm 0x7fe0b2705010 nRanks 16 busId 5000
ip-10-32-4-110:160575:160613 [0] NCCL INFO Ring 13 : 1 -> 0 -> 7 comm 0x7fe0b2705010 nRanks 16 busId 5000
ip-10-32-4-110:160575:160613 [0] NCCL INFO Ring 14 : 1 -> 0 -> 7 comm 0x7fe0b2705010 nRanks 16 busId 5000
ip-10-32-4-110:160575:160613 [0] NCCL INFO Ring 15 : 1 -> 0 -> 7 comm 0x7fe0b2705010 nRanks 16 busId 5000
ip-10-32-4-110:160575:160613 [0] NCCL INFO Ring 16 : 9 -> 0 -> 7 comm 0x7fe0b2705010 nRanks 16 busId 5000
ip-10-32-4-110:160575:160613 [0] NCCL INFO Ring 17 : 1 -> 0 -> 7 comm 0x7fe0b2705010 nRanks 16 busId 5000
ip-10-32-4-110:160575:160613 [0] NCCL INFO Ring 18 : 1 -> 0 -> 7 comm 0x7fe0b2705010 nRanks 16 busId 5000
ip-10-32-4-110:160575:160613 [0] NCCL INFO Ring 19 : 1 -> 0 -> 7 comm 0x7fe0b2705010 nRanks 16 busId 5000
ip-10-32-4-110:160575:160613 [0] NCCL INFO Ring 20 : 9 -> 0 -> 7 comm 0x7fe0b2705010 nRanks 16 busId 5000
ip-10-32-4-110:160575:160613 [0] NCCL INFO Ring 21 : 1 -> 0 -> 7 comm 0x7fe0b2705010 nRanks 16 busId 5000
ip-10-32-4-110:160575:160613 [0] NCCL INFO Ring 22 : 1 -> 0 -> 7 comm 0x7fe0b2705010 nRanks 16 busId 5000
ip-10-32-4-110:160575:160613 [0] NCCL INFO Ring 23 : 1 -> 0 -> 7 comm 0x7fe0b2705010 nRanks 16 busId 5000
ip-10-32-4-110:160575:160613 [0] NCCL INFO Ring 24 : 9 -> 0 -> 7 comm 0x7fe0b2705010 nRanks 16 busId 5000
ip-10-32-4-110:160575:160613 [0] NCCL INFO Ring 25 : 1 -> 0 -> 7 comm 0x7fe0b2705010 nRanks 16 busId 5000
ip-10-32-4-110:160575:160613 [0] NCCL INFO Ring 26 : 1 -> 0 -> 7 comm 0x7fe0b2705010 nRanks 16 busId 5000
ip-10-32-4-110:160575:160613 [0] NCCL INFO Ring 27 : 1 -> 0 -> 7 comm 0x7fe0b2705010 nRanks 16 busId 5000
ip-10-32-4-110:160575:160613 [0] NCCL INFO Ring 28 : 9 -> 0 -> 7 comm 0x7fe0b2705010 nRanks 16 busId 5000
ip-10-32-4-110:160575:160613 [0] NCCL INFO Ring 29 : 1 -> 0 -> 7 comm 0x7fe0b2705010 nRanks 16 busId 5000
ip-10-32-4-110:160575:160613 [0] NCCL INFO Ring 30 : 1 -> 0 -> 7 comm 0x7fe0b2705010 nRanks 16 busId 5000
ip-10-32-4-110:160575:160613 [0] NCCL INFO Ring 31 : 1 -> 0 -> 7 comm 0x7fe0b2705010 nRanks 16 busId 5000
ip-10-32-4-110:160575:160613 [0] NCCL INFO Trees [0] 1/8/-1->0->-1 [1] 1/-1/-1->0->7 [2] 1/-1/-1->0->7 [3] 1/-1/-1->0->7 [4] 1/-1/-1->0->8 [5] 1/-1/-1->0->7 [6] 1/-1/-1->0->7 [7] 1/-1/-1->0->7 [8] 1/8/-1->0->-1 [9] 1/-1/-1->0->7 [10] 1/-1/-1->0->7 [11] 1/-1/-1->0->7 [12] 1/-1/-1->0->8 [13] 1/-1/-1->0->7 [14] 1/-1/-1->0->7 [15] 1/-1/-1->0->7 [16] 1/8/-1->0->-1 [17] 1/-1/-1->0->7 [18] 1/-1/-1->0->7 [19] 1/-1/-1->0->7 [20] 1/-1/-1->0->8 [21] 1/-1/-1->0->7 [22] 1/-1/-1->0->7 [23] 1/-1/-1->0->7 [24] 1/8/-1->0->-1 [25] 1/-1/-1->0->7 [26] 1/-1/-1->0->7 [27] 1/-1/-1->0->7 [28] 1/-1/-1->0->8 [29] 1/-1/-1->0->7 [30] 1/-1/-1->0->7 [31] 1/-1/-1->0->7 comm 0x7fe0b2705010 nRanks 16 busId 5000
ip-10-32-4-110:160575:160613 [0] NCCL INFO P2P Chunksize set to 131072
ip-10-32-4-110:160575:160613 [0] NCCL INFO comm->useSMFree: 0, ncclPxnDisable: 1
ip-10-32-4-110:160575:160613 [0] NCCL INFO comm->autoPerPeerOn: 1, comm->p2pnChannels: 32, comm->p2pnChannelsPerPeer: 2, comm->useSMFree=0
ip-10-32-4-110:160575:160613 [0] NCCL INFO PROFILER/Plugin: Could not find: librccl-profiler.so. 
ip-10-32-4-110:160575:160613 [0] NCCL INFO Check P2P Type isAllDirectP2p 1 directMode 0
ip-10-32-4-110:160575:160667 [0] NCCL INFO [Proxy Service] Device 0 CPU core 11
ip-10-32-4-110:160575:160673 [0] NCCL INFO [Proxy Service UDS] Device 0 CPU core 240
ip-10-32-4-110:160575:160613 [0] NCCL INFO GPU Direct RDMA Enabled for GPU 0 / HCA 0 (distance 4 <= 5), read 0 mode Default
ip-10-32-4-110:160575:160667 [0] NCCL INFO New proxy recv connection 0 from local rank 0, transport 2
ip-10-32-4-110:160575:160613 [0] NCCL INFO Connected to proxy localRank 0 -> connection 0x7fd6240016c0
ip-10-32-4-110:160575:160613 [0] NCCL INFO Channel 00/0 : 9[1] -> 0[0] [receive] via NET/IB/0/GDRDMA comm 0x7fe0b2705010 nRanks 16
ip-10-32-4-110:160575:160613 [0] NCCL INFO GPU Direct RDMA Enabled for GPU 0 / HCA 0 (distance 4 <= 5), read 0 mode Default
ip-10-32-4-110:160575:160678 [0] NCCL INFO [Proxy Progress] Device 0 CPU core 213
ip-10-32-4-110:160575:160667 [0] NCCL INFO New proxy recv connection 1 from local rank 0, transport 2
ip-10-32-4-110:160575:160613 [0] NCCL INFO Connected to proxy localRank 0 -> connection 0x7fd624001750
ip-10-32-4-110:160575:160613 [0] NCCL INFO Channel 04/0 : 9[1] -> 0[0] [receive] via NET/IB/0/GDRDMA comm 0x7fe0b2705010 nRanks 16
ip-10-32-4-110:160575:160613 [0] NCCL INFO GPU Direct RDMA Enabled for GPU 0 / HCA 0 (distance 4 <= 5), read 0 mode Default
ip-10-32-4-110:160575:160667 [0] NCCL INFO New proxy recv connection 2 from local rank 0, transport 2
ip-10-32-4-110:160575:160613 [0] NCCL INFO Connected to proxy localRank 0 -> connection 0x7fd6240017e0
ip-10-32-4-110:160575:160613 [0] NCCL INFO Channel 08/0 : 9[1] -> 0[0] [receive] via NET/IB/0/GDRDMA comm 0x7fe0b2705010 nRanks 16
ip-10-32-4-110:160575:160613 [0] NCCL INFO GPU Direct RDMA Enabled for GPU 0 / HCA 0 (distance 4 <= 5), read 0 mode Default
ip-10-32-4-110:160575:160667 [0] NCCL INFO New proxy recv connection 3 from local rank 0, transport 2
ip-10-32-4-110:160575:160613 [0] NCCL INFO Connected to proxy localRank 0 -> connection 0x7fd624001870
ip-10-32-4-110:160575:160613 [0] NCCL INFO Channel 12/0 : 9[1] -> 0[0] [receive] via NET/IB/0/GDRDMA comm 0x7fe0b2705010 nRanks 16
ip-10-32-4-110:160575:160613 [0] NCCL INFO GPU Direct RDMA Enabled for GPU 0 / HCA 0 (distance 4 <= 5), read 0 mode Default
ip-10-32-4-110:160575:160667 [0] NCCL INFO New proxy recv connection 4 from local rank 0, transport 2
ip-10-32-4-110:160575:160613 [0] NCCL INFO Connected to proxy localRank 0 -> connection 0x7fd624001900
ip-10-32-4-110:160575:160613 [0] NCCL INFO Channel 16/0 : 9[1] -> 0[0] [receive] via NET/IB/0/GDRDMA comm 0x7fe0b2705010 nRanks 16
ip-10-32-4-110:160575:160613 [0] NCCL INFO GPU Direct RDMA Enabled for GPU 0 / HCA 0 (distance 4 <= 5), read 0 mode Default
ip-10-32-4-110:160575:160667 [0] NCCL INFO New proxy recv connection 5 from local rank 0, transport 2
ip-10-32-4-110:160575:160613 [0] NCCL INFO Connected to proxy localRank 0 -> connection 0x7fd624001990
ip-10-32-4-110:160575:160613 [0] NCCL INFO Channel 20/0 : 9[1] -> 0[0] [receive] via NET/IB/0/GDRDMA comm 0x7fe0b2705010 nRanks 16
ip-10-32-4-110:160575:160613 [0] NCCL INFO GPU Direct RDMA Enabled for GPU 0 / HCA 0 (distance 4 <= 5), read 0 mode Default
ip-10-32-4-110:160575:160667 [0] NCCL INFO New proxy recv connection 6 from local rank 0, transport 2
ip-10-32-4-110:160575:160613 [0] NCCL INFO Connected to proxy localRank 0 -> connection 0x7fd624001a20
ip-10-32-4-110:160575:160613 [0] NCCL INFO Channel 24/0 : 9[1] -> 0[0] [receive] via NET/IB/0/GDRDMA comm 0x7fe0b2705010 nRanks 16
ip-10-32-4-110:160575:160613 [0] NCCL INFO GPU Direct RDMA Enabled for GPU 0 / HCA 0 (distance 4 <= 5), read 0 mode Default
ip-10-32-4-110:160575:160667 [0] NCCL INFO New proxy recv connection 7 from local rank 0, transport 2
ip-10-32-4-110:160575:160613 [0] NCCL INFO Connected to proxy localRank 0 -> connection 0x7fd624001ab0
ip-10-32-4-110:160575:160613 [0] NCCL INFO Channel 28/0 : 9[1] -> 0[0] [receive] via NET/IB/0/GDRDMA comm 0x7fe0b2705010 nRanks 16
ip-10-32-4-110:160575:160613 [0] NCCL INFO Channel 00/0 : 0[5000] -> 7[9e000] via P2P/IPC comm 0x7fe0b2705010 nRanks 16
ip-10-32-4-110:160575:160667 [0] NCCL INFO New proxy send connection 8 from local rank 0, transport 0
ip-10-32-4-110:160575:160613 [0] NCCL INFO Connected to proxy localRank 0 -> connection 0x7fd624001b40
ip-10-32-4-110:160575:160613 [0] NCCL INFO Channel 01/0 : 0[5000] -> 7[9e000] via P2P/IPC comm 0x7fe0b2705010 nRanks 16
ip-10-32-4-110:160575:160667 [0] NCCL INFO New proxy send connection 9 from local rank 0, transport 0
ip-10-32-4-110:160575:160613 [0] NCCL INFO Connected to proxy localRank 0 -> connection 0x7fd624001bd0
ip-10-32-4-110:160575:160613 [0] NCCL INFO Channel 02/0 : 0[5000] -> 7[9e000] via P2P/IPC comm 0x7fe0b2705010 nRanks 16
ip-10-32-4-110:160575:160667 [0] NCCL INFO New proxy send connection 10 from local rank 0, transport 0
ip-10-32-4-110:160575:160613 [0] NCCL INFO Connected to proxy localRank 0 -> connection 0x7fd624001c60
ip-10-32-4-110:160575:160613 [0] NCCL INFO Channel 03/0 : 0[5000] -> 7[9e000] via P2P/IPC comm 0x7fe0b2705010 nRanks 16
ip-10-32-4-110:160575:160667 [0] NCCL INFO New proxy send connection 11 from local rank 0, transport 0
ip-10-32-4-110:160575:160613 [0] NCCL INFO Connected to proxy localRank 0 -> connection 0x7fd624001cf0
ip-10-32-4-110:160575:160613 [0] NCCL INFO Channel 04/0 : 0[5000] -> 7[9e000] via P2P/IPC comm 0x7fe0b2705010 nRanks 16
ip-10-32-4-110:160575:160667 [0] NCCL INFO New proxy send connection 12 from local rank 0, transport 0
ip-10-32-4-110:160575:160613 [0] NCCL INFO Connected to proxy localRank 0 -> connection 0x7fd624001d80
ip-10-32-4-110:160575:160613 [0] NCCL INFO Channel 05/0 : 0[5000] -> 7[9e000] via P2P/IPC comm 0x7fe0b2705010 nRanks 16
ip-10-32-4-110:160575:160667 [0] NCCL INFO New proxy send connection 13 from local rank 0, transport 0
ip-10-32-4-110:160575:160613 [0] NCCL INFO Connected to proxy localRank 0 -> connection 0x7fd624001e10
ip-10-32-4-110:160575:160613 [0] NCCL INFO Channel 06/0 : 0[5000] -> 7[9e000] via P2P/IPC comm 0x7fe0b2705010 nRanks 16
ip-10-32-4-110:160575:160667 [0] NCCL INFO New proxy send connection 14 from local rank 0, transport 0
ip-10-32-4-110:160575:160613 [0] NCCL INFO Connected to proxy localRank 0 -> connection 0x7fd624001ea0
ip-10-32-4-110:160575:160613 [0] NCCL INFO Channel 07/0 : 0[5000] -> 7[9e000] via P2P/IPC comm 0x7fe0b2705010 nRanks 16
ip-10-32-4-110:160575:160667 [0] NCCL INFO New proxy send connection 15 from local rank 0, transport 0
ip-10-32-4-110:160575:160613 [0] NCCL INFO Connected to proxy localRank 0 -> connection 0x7fd624001f30
ip-10-32-4-110:160575:160613 [0] NCCL INFO Channel 08/0 : 0[5000] -> 7[9e000] via P2P/IPC comm 0x7fe0b2705010 nRanks 16
ip-10-32-4-110:160575:160667 [0] NCCL INFO New proxy send connection 16 from local rank 0, transport 0
ip-10-32-4-110:160575:160613 [0] NCCL INFO Connected to proxy localRank 0 -> connection 0x7fd624001fc0
ip-10-32-4-110:160575:160613 [0] NCCL INFO Channel 09/0 : 0[5000] -> 7[9e000] via P2P/IPC comm 0x7fe0b2705010 nRanks 16
ip-10-32-4-110:160575:160667 [0] NCCL INFO New proxy send connection 17 from local rank 0, transport 0
ip-10-32-4-110:160575:160613 [0] NCCL INFO Connected to proxy localRank 0 -> connection 0x7fd624002050
ip-10-32-4-110:160575:160613 [0] NCCL INFO Channel 10/0 : 0[5000] -> 7[9e000] via P2P/IPC comm 0x7fe0b2705010 nRanks 16
ip-10-32-4-110:160575:160667 [0] NCCL INFO New proxy send connection 18 from local rank 0, transport 0
ip-10-32-4-110:160575:160613 [0] NCCL INFO Connected to proxy localRank 0 -> connection 0x7fd6240020e0
ip-10-32-4-110:160575:160613 [0] NCCL INFO Channel 11/0 : 0[5000] -> 7[9e000] via P2P/IPC comm 0x7fe0b2705010 nRanks 16
ip-10-32-4-110:160575:160667 [0] NCCL INFO New proxy send connection 19 from local rank 0, transport 0
ip-10-32-4-110:160575:160613 [0] NCCL INFO Connected to proxy localRank 0 -> connection 0x7fd624002170
ip-10-32-4-110:160575:160613 [0] NCCL INFO Channel 12/0 : 0[5000] -> 7[9e000] via P2P/IPC comm 0x7fe0b2705010 nRanks 16
ip-10-32-4-110:160575:160667 [0] NCCL INFO New proxy send connection 20 from local rank 0, transport 0
ip-10-32-4-110:160575:160613 [0] NCCL INFO Connected to proxy localRank 0 -> connection 0x7fd624002200
ip-10-32-4-110:160575:160613 [0] NCCL INFO Channel 13/0 : 0[5000] -> 7[9e000] via P2P/IPC comm 0x7fe0b2705010 nRanks 16
ip-10-32-4-110:160575:160667 [0] NCCL INFO New proxy send connection 21 from local rank 0, transport 0
ip-10-32-4-110:160575:160613 [0] NCCL INFO Connected to proxy localRank 0 -> connection 0x7fd624002290
ip-10-32-4-110:160575:160613 [0] NCCL INFO Channel 14/0 : 0[5000] -> 7[9e000] via P2P/IPC comm 0x7fe0b2705010 nRanks 16
ip-10-32-4-110:160575:160667 [0] NCCL INFO New proxy send connection 22 from local rank 0, transport 0
ip-10-32-4-110:160575:160613 [0] NCCL INFO Connected to proxy localRank 0 -> connection 0x7fd624002320
ip-10-32-4-110:160575:160613 [0] NCCL INFO Channel 15/0 : 0[5000] -> 7[9e000] via P2P/IPC comm 0x7fe0b2705010 nRanks 16
ip-10-32-4-110:160575:160667 [0] NCCL INFO New proxy send connection 23 from local rank 0, transport 0
ip-10-32-4-110:160575:160613 [0] NCCL INFO Connected to proxy localRank 0 -> connection 0x7fd6240023b0
ip-10-32-4-110:160575:160613 [0] NCCL INFO Channel 16/0 : 0[5000] -> 7[9e000] via P2P/IPC comm 0x7fe0b2705010 nRanks 16
ip-10-32-4-110:160575:160667 [0] NCCL INFO New proxy send connection 24 from local rank 0, transport 0
ip-10-32-4-110:160575:160613 [0] NCCL INFO Connected to proxy localRank 0 -> connection 0x7fd624002440
ip-10-32-4-110:160575:160613 [0] NCCL INFO Channel 17/0 : 0[5000] -> 7[9e000] via P2P/IPC comm 0x7fe0b2705010 nRanks 16
ip-10-32-4-110:160575:160667 [0] NCCL INFO New proxy send connection 25 from local rank 0, transport 0
ip-10-32-4-110:160575:160613 [0] NCCL INFO Connected to proxy localRank 0 -> connection 0x7fd6240024d0
ip-10-32-4-110:160575:160613 [0] NCCL INFO Channel 18/0 : 0[5000] -> 7[9e000] via P2P/IPC comm 0x7fe0b2705010 nRanks 16
ip-10-32-4-110:160575:160667 [0] NCCL INFO New proxy send connection 26 from local rank 0, transport 0
ip-10-32-4-110:160575:160613 [0] NCCL INFO Connected to proxy localRank 0 -> connection 0x7fd624002560
ip-10-32-4-110:160575:160613 [0] NCCL INFO Channel 19/0 : 0[5000] -> 7[9e000] via P2P/IPC comm 0x7fe0b2705010 nRanks 16
ip-10-32-4-110:160575:160667 [0] NCCL INFO New proxy send connection 27 from local rank 0, transport 0
ip-10-32-4-110:160575:160613 [0] NCCL INFO Connected to proxy localRank 0 -> connection 0x7fd6240025f0
ip-10-32-4-110:160575:160613 [0] NCCL INFO Channel 20/0 : 0[5000] -> 7[9e000] via P2P/IPC comm 0x7fe0b2705010 nRanks 16
ip-10-32-4-110:160575:160667 [0] NCCL INFO New proxy send connection 28 from local rank 0, transport 0
ip-10-32-4-110:160575:160613 [0] NCCL INFO Connected to proxy localRank 0 -> connection 0x7fd624002680
ip-10-32-4-110:160575:160613 [0] NCCL INFO Channel 21/0 : 0[5000] -> 7[9e000] via P2P/IPC comm 0x7fe0b2705010 nRanks 16
ip-10-32-4-110:160575:160667 [0] NCCL INFO New proxy send connection 29 from local rank 0, transport 0
ip-10-32-4-110:160575:160613 [0] NCCL INFO Connected to proxy localRank 0 -> connection 0x7fd624002710
ip-10-32-4-110:160575:160613 [0] NCCL INFO Channel 22/0 : 0[5000] -> 7[9e000] via P2P/IPC comm 0x7fe0b2705010 nRanks 16
ip-10-32-4-110:160575:160667 [0] NCCL INFO New proxy send connection 30 from local rank 0, transport 0
ip-10-32-4-110:160575:160613 [0] NCCL INFO Connected to proxy localRank 0 -> connection 0x7fd6240027a0
ip-10-32-4-110:160575:160613 [0] NCCL INFO Channel 23/0 : 0[5000] -> 7[9e000] via P2P/IPC comm 0x7fe0b2705010 nRanks 16
ip-10-32-4-110:160575:160667 [0] NCCL INFO New proxy send connection 31 from local rank 0, transport 0
ip-10-32-4-110:160575:160613 [0] NCCL INFO Connected to proxy localRank 0 -> connection 0x7fd624002830
ip-10-32-4-110:160575:160613 [0] NCCL INFO Channel 24/0 : 0[5000] -> 7[9e000] via P2P/IPC comm 0x7fe0b2705010 nRanks 16
ip-10-32-4-110:160575:160667 [0] NCCL INFO New proxy send connection 32 from local rank 0, transport 0
ip-10-32-4-110:160575:160613 [0] NCCL INFO Connected to proxy localRank 0 -> connection 0x7fd6240028c0
ip-10-32-4-110:160575:160613 [0] NCCL INFO Channel 25/0 : 0[5000] -> 7[9e000] via P2P/IPC comm 0x7fe0b2705010 nRanks 16
ip-10-32-4-110:160575:160667 [0] NCCL INFO New proxy send connection 33 from local rank 0, transport 0
ip-10-32-4-110:160575:160613 [0] NCCL INFO Connected to proxy localRank 0 -> connection 0x7fd624002950
ip-10-32-4-110:160575:160613 [0] NCCL INFO Channel 26/0 : 0[5000] -> 7[9e000] via P2P/IPC comm 0x7fe0b2705010 nRanks 16
ip-10-32-4-110:160575:160667 [0] NCCL INFO New proxy send connection 34 from local rank 0, transport 0
ip-10-32-4-110:160575:160613 [0] NCCL INFO Connected to proxy localRank 0 -> connection 0x7fd6240029e0
ip-10-32-4-110:160575:160613 [0] NCCL INFO Channel 27/0 : 0[5000] -> 7[9e000] via P2P/IPC comm 0x7fe0b2705010 nRanks 16
ip-10-32-4-110:160575:160667 [0] NCCL INFO New proxy send connection 35 from local rank 0, transport 0
ip-10-32-4-110:160575:160613 [0] NCCL INFO Connected to proxy localRank 0 -> connection 0x7fd624002a70
ip-10-32-4-110:160575:160613 [0] NCCL INFO Channel 28/0 : 0[5000] -> 7[9e000] via P2P/IPC comm 0x7fe0b2705010 nRanks 16
ip-10-32-4-110:160575:160667 [0] NCCL INFO New proxy send connection 36 from local rank 0, transport 0
ip-10-32-4-110:160575:160613 [0] NCCL INFO Connected to proxy localRank 0 -> connection 0x7fd624002b00
ip-10-32-4-110:160575:160613 [0] NCCL INFO Channel 29/0 : 0[5000] -> 7[9e000] via P2P/IPC comm 0x7fe0b2705010 nRanks 16
ip-10-32-4-110:160575:160667 [0] NCCL INFO New proxy send connection 37 from local rank 0, transport 0
ip-10-32-4-110:160575:160613 [0] NCCL INFO Connected to proxy localRank 0 -> connection 0x7fd624002b90
ip-10-32-4-110:160575:160613 [0] NCCL INFO Channel 30/0 : 0[5000] -> 7[9e000] via P2P/IPC comm 0x7fe0b2705010 nRanks 16
ip-10-32-4-110:160575:160667 [0] NCCL INFO New proxy send connection 38 from local rank 0, transport 0
ip-10-32-4-110:160575:160613 [0] NCCL INFO Connected to proxy localRank 0 -> connection 0x7fd624002c20
ip-10-32-4-110:160575:160613 [0] NCCL INFO Channel 31/0 : 0[5000] -> 7[9e000] via P2P/IPC comm 0x7fe0b2705010 nRanks 16
ip-10-32-4-110:160575:160667 [0] NCCL INFO New proxy send connection 39 from local rank 0, transport 0
ip-10-32-4-110:160575:160613 [0] NCCL INFO Connected to proxy localRank 0 -> connection 0x7fd624002cb0
ip-10-32-4-110:160575:160667 [0] NCCL INFO New proxy recv connection 40 from local rank 0, transport 0
ip-10-32-4-110:160575:160613 [0] NCCL INFO Connected to proxy localRank 0 -> connection 0x7fd624002d40
ip-10-32-4-110:160575:160667 [0] NCCL INFO New proxy recv connection 41 from local rank 0, transport 0
ip-10-32-4-110:160575:160613 [0] NCCL INFO Connected to proxy localRank 0 -> connection 0x7fd624002dd0
ip-10-32-4-110:160575:160667 [0] NCCL INFO New proxy recv connection 42 from local rank 0, transport 0
ip-10-32-4-110:160575:160613 [0] NCCL INFO Connected to proxy localRank 0 -> connection 0x7fd624002e60
ip-10-32-4-110:160575:160667 [0] NCCL INFO New proxy recv connection 43 from local rank 0, transport 0
ip-10-32-4-110:160575:160613 [0] NCCL INFO Connected to proxy localRank 0 -> connection 0x7fd624002ef0
ip-10-32-4-110:160575:160667 [0] NCCL INFO New proxy recv connection 44 from local rank 0, transport 0
ip-10-32-4-110:160575:160613 [0] NCCL INFO Connected to proxy localRank 0 -> connection 0x7fd624002f80
ip-10-32-4-110:160575:160667 [0] NCCL INFO New proxy recv connection 45 from local rank 0, transport 0
ip-10-32-4-110:160575:160613 [0] NCCL INFO Connected to proxy localRank 0 -> connection 0x7fd624003010
ip-10-32-4-110:160575:160667 [0] NCCL INFO New proxy recv connection 46 from local rank 0, transport 0
ip-10-32-4-110:160575:160613 [0] NCCL INFO Connected to proxy localRank 0 -> connection 0x7fd6240030a0
ip-10-32-4-110:160575:160667 [0] NCCL INFO New proxy recv connection 47 from local rank 0, transport 0
ip-10-32-4-110:160575:160613 [0] NCCL INFO Connected to proxy localRank 0 -> connection 0x7fd624003130
ip-10-32-4-110:160575:160667 [0] NCCL INFO New proxy recv connection 48 from local rank 0, transport 0
ip-10-32-4-110:160575:160613 [0] NCCL INFO Connected to proxy localRank 0 -> connection 0x7fd6240031c0
ip-10-32-4-110:160575:160667 [0] NCCL INFO New proxy recv connection 49 from local rank 0, transport 0
ip-10-32-4-110:160575:160613 [0] NCCL INFO Connected to proxy localRank 0 -> connection 0x7fd624003250
ip-10-32-4-110:160575:160667 [0] NCCL INFO New proxy recv connection 50 from local rank 0, transport 0
ip-10-32-4-110:160575:160613 [0] NCCL INFO Connected to proxy localRank 0 -> connection 0x7fd6240032e0
ip-10-32-4-110:160575:160667 [0] NCCL INFO New proxy recv connection 51 from local rank 0, transport 0
ip-10-32-4-110:160575:160613 [0] NCCL INFO Connected to proxy localRank 0 -> connection 0x7fd624003370
ip-10-32-4-110:160575:160667 [0] NCCL INFO New proxy recv connection 52 from local rank 0, transport 0
ip-10-32-4-110:160575:160613 [0] NCCL INFO Connected to proxy localRank 0 -> connection 0x7fd624003400
ip-10-32-4-110:160575:160667 [0] NCCL INFO New proxy recv connection 53 from local rank 0, transport 0
ip-10-32-4-110:160575:160613 [0] NCCL INFO Connected to proxy localRank 0 -> connection 0x7fd624003490
ip-10-32-4-110:160575:160667 [0] NCCL INFO New proxy recv connection 54 from local rank 0, transport 0
ip-10-32-4-110:160575:160613 [0] NCCL INFO Connected to proxy localRank 0 -> connection 0x7fd624003520
ip-10-32-4-110:160575:160667 [0] NCCL INFO New proxy recv connection 55 from local rank 0, transport 0
ip-10-32-4-110:160575:160613 [0] NCCL INFO Connected to proxy localRank 0 -> connection 0x7fd6240035b0
ip-10-32-4-110:160575:160667 [0] NCCL INFO New proxy recv connection 56 from local rank 0, transport 0
ip-10-32-4-110:160575:160613 [0] NCCL INFO Connected to proxy localRank 0 -> connection 0x7fd624003640
ip-10-32-4-110:160575:160667 [0] NCCL INFO New proxy recv connection 57 from local rank 0, transport 0
ip-10-32-4-110:160575:160613 [0] NCCL INFO Connected to proxy localRank 0 -> connection 0x7fd6240036d0
ip-10-32-4-110:160575:160667 [0] NCCL INFO New proxy recv connection 58 from local rank 0, transport 0
ip-10-32-4-110:160575:160613 [0] NCCL INFO Connected to proxy localRank 0 -> connection 0x7fd624003760
ip-10-32-4-110:160575:160667 [0] NCCL INFO New proxy recv connection 59 from local rank 0, transport 0
ip-10-32-4-110:160575:160613 [0] NCCL INFO Connected to proxy localRank 0 -> connection 0x7fd6240037f0
ip-10-32-4-110:160575:160667 [0] NCCL INFO New proxy recv connection 60 from local rank 0, transport 0
ip-10-32-4-110:160575:160613 [0] NCCL INFO Connected to proxy localRank 0 -> connection 0x7fd624003880
ip-10-32-4-110:160575:160667 [0] NCCL INFO New proxy recv connection 61 from local rank 0, transport 0
ip-10-32-4-110:160575:160613 [0] NCCL INFO Connected to proxy localRank 0 -> connection 0x7fd624003910
ip-10-32-4-110:160575:160667 [0] NCCL INFO New proxy recv connection 62 from local rank 0, transport 0
ip-10-32-4-110:160575:160613 [0] NCCL INFO Connected to proxy localRank 0 -> connection 0x7fd6240039a0
ip-10-32-4-110:160575:160667 [0] NCCL INFO New proxy recv connection 63 from local rank 0, transport 0
ip-10-32-4-110:160575:160613 [0] NCCL INFO Connected to proxy localRank 0 -> connection 0x7fd624003a30
ip-10-32-4-110:160575:160667 [0] NCCL INFO NET/IB: ncclIbAccept Max Nqps=4, localNqps=4, remoteNqps=4
ip-10-32-4-110:160575:160667 [0] NCCL INFO NET/IB : NCCL_ROCE_SRC_PORT_LIST parsed (4 entries)
ip-10-32-4-110:160575:160667 [0] NCCL INFO NET/IB :   NCCL_ROCE_SRC_PORT_LIST[0]=60000
ip-10-32-4-110:160575:160667 [0] NCCL INFO NET/IB :   NCCL_ROCE_SRC_PORT_LIST[1]=60051
ip-10-32-4-110:160575:160667 [0] NCCL INFO NET/IB :   NCCL_ROCE_SRC_PORT_LIST[2]=57663
ip-10-32-4-110:160575:160667 [0] NCCL INFO NET/IB :   NCCL_ROCE_SRC_PORT_LIST[3]=57804
ip-10-32-4-110:160575:160667 [0] NCCL INFO NET/IB : QP 0x7fd6240ea4d8 (qpn=0xBD9E) src UDP port set to 60000 (qIndex=0)
ip-10-32-4-110:160575:160667 [0] NCCL INFO NET/IB : QP 0x7fd6241a5c28 (qpn=0xBD9F) src UDP port set to 60051 (qIndex=1)
ip-10-32-4-110:160575:160667 [0] NCCL INFO NET/IB : QP 0x7fd6241a3be8 (qpn=0xBDA0) src UDP port set to 57663 (qIndex=2)
ip-10-32-4-110:160575:160667 [0] NCCL INFO NET/IB : QP 0x7fd6240e7be8 (qpn=0xBDA1) src UDP port set to 57804 (qIndex=3)
ip-10-32-4-110:160575:160667 [0] NCCL INFO NET/IB : QP 0x7fd6240bb398 (qpn=0xBDA2) src UDP port set to 60000 (qIndex=-1)
ip-10-32-4-110:160575:160667 [0] NCCL INFO NET/IB: ncclIbAccept Max Nqps=4, localNqps=4, remoteNqps=4
ip-10-32-4-110:160575:160667 [0] NCCL INFO NET/IB : QP 0x7fd624177ba8 (qpn=0xBDA3) src UDP port set to 60000 (qIndex=0)
ip-10-32-4-110:160575:160667 [0] NCCL INFO NET/IB : QP 0x7fd6240b8aa8 (qpn=0xBDA4) src UDP port set to 60051 (qIndex=1)
ip-10-32-4-110:160575:160667 [0] NCCL INFO NET/IB : QP 0x7fd624148a68 (qpn=0xBDA5) src UDP port set to 57663 (qIndex=2)
ip-10-32-4-110:160575:160667 [0] NCCL INFO NET/IB : QP 0x7fd62408ca68 (qpn=0xBDA6) src UDP port set to 57804 (qIndex=3)
ip-10-32-4-110:160575:160667 [0] NCCL INFO NET/IB : QP 0x7fd624145578 (qpn=0xBDA9) src UDP port set to 60000 (qIndex=-1)
ip-10-32-4-110:160575:160667 [0] NCCL INFO NET/IB: ncclIbAccept Max Nqps=4, localNqps=4, remoteNqps=4
ip-10-32-4-110:160575:160667 [0] NCCL INFO NET/IB : QP 0x7fd62405dac8 (qpn=0xBDC8) src UDP port set to 60000 (qIndex=0)
ip-10-32-4-110:160575:160667 [0] NCCL INFO NET/IB : QP 0x7fd6242a0c28 (qpn=0xBDC9) src UDP port set to 60051 (qIndex=1)
ip-10-32-4-110:160575:160667 [0] NCCL INFO NET/IB : QP 0x7fd62430d8d8 (qpn=0xBDCA) src UDP port set to 57663 (qIndex=2)
ip-10-32-4-110:160575:160667 [0] NCCL INFO NET/IB : QP 0x7fd6244228d8 (qpn=0xBDCB) src UDP port set to 57804 (qIndex=3)
ip-10-32-4-110:160575:160667 [0] NCCL INFO NET/IB : QP 0x7fd62424c8d8 (qpn=0xBDCC) src UDP port set to 60000 (qIndex=-1)
ip-10-32-4-110:160575:160667 [0] NCCL INFO NET/IB: ncclIbAccept Max Nqps=4, localNqps=4, remoteNqps=4
ip-10-32-4-110:160575:160667 [0] NCCL INFO NET/IB : QP 0x7fd624476b28 (qpn=0xBDCD) src UDP port set to 60000 (qIndex=0)
ip-10-32-4-110:160575:160667 [0] NCCL INFO NET/IB : QP 0x7fd6244ec898 (qpn=0xBDCE) src UDP port set to 60051 (qIndex=1)
ip-10-32-4-110:160575:160667 [0] NCCL INFO NET/IB : QP 0x7fd624537898 (qpn=0xBDCF) src UDP port set to 57663 (qIndex=2)
ip-10-32-4-110:160575:160667 [0] NCCL INFO NET/IB : QP 0x7fd6241f0898 (qpn=0xBDD0) src UDP port set to 57804 (qIndex=3)
ip-10-32-4-110:160575:160667 [0] NCCL INFO NET/IB : QP 0x7fd6243d9868 (qpn=0xBDD1) src UDP port set to 60000 (qIndex=-1)
ip-10-32-4-110:160575:160667 [0] NCCL INFO NET/IB: ncclIbAccept Max Nqps=4, localNqps=4, remoteNqps=4
ip-10-32-4-110:160575:160667 [0] NCCL INFO NET/IB : QP 0x7fd624337c18 (qpn=0xBDD2) src UDP port set to 60000 (qIndex=0)
ip-10-32-4-110:160575:160667 [0] NCCL INFO NET/IB : QP 0x7fd6242c4868 (qpn=0xBDD3) src UDP port set to 60051 (qIndex=1)
ip-10-32-4-110:160575:160667 [0] NCCL INFO NET/IB : QP 0x7fd62464c898 (qpn=0xBDD4) src UDP port set to 57663 (qIndex=2)
ip-10-32-4-110:160575:160667 [0] NCCL INFO NET/IB : QP 0x7fd624601898 (qpn=0xBDD5) src UDP port set to 57804 (qIndex=3)
ip-10-32-4-110:160575:160667 [0] NCCL INFO NET/IB : QP 0x7fd624361048 (qpn=0xBDD6) src UDP port set to 60000 (qIndex=-1)
ip-10-32-4-110:160575:160667 [0] NCCL INFO NET/IB: ncclIbAccept Max Nqps=4, localNqps=4, remoteNqps=4
ip-10-32-4-110:160575:160667 [0] NCCL INFO NET/IB : QP 0x7fd624361c28 (qpn=0xBDD7) src UDP port set to 60000 (qIndex=0)
ip-10-32-4-110:160575:160667 [0] NCCL INFO NET/IB : QP 0x7fd624222868 (qpn=0xBDD8) src UDP port set to 60051 (qIndex=1)
ip-10-32-4-110:160575:160667 [0] NCCL INFO NET/IB : QP 0x7fd62438b858 (qpn=0xBDD9) src UDP port set to 57663 (qIndex=2)
ip-10-32-4-110:160575:160667 [0] NCCL INFO NET/IB : QP 0x7fd624716898 (qpn=0xBDDA) src UDP port set to 57804 (qIndex=3)
ip-10-32-4-110:160575:160667 [0] NCCL INFO NET/IB : QP 0x7fd624761898 (qpn=0xBDDB) src UDP port set to 60000 (qIndex=-1)
ip-10-32-4-110:160575:160667 [0] NCCL INFO NET/IB: ncclIbAccept Max Nqps=4, localNqps=4, remoteNqps=4
ip-10-32-4-110:160575:160667 [0] NCCL INFO NET/IB : QP 0x7fd6243b5858 (qpn=0xBDDC) src UDP port set to 60000 (qIndex=0)
ip-10-32-4-110:160575:160667 [0] NCCL INFO NET/IB : QP 0x7fd62444c858 (qpn=0xBDDD) src UDP port set to 60051 (qIndex=1)
ip-10-32-4-110:160575:160667 [0] NCCL INFO NET/IB : QP 0x7fd624876898 (qpn=0xBDDE) src UDP port set to 57663 (qIndex=2)
ip-10-32-4-110:160575:160667 [0] NCCL INFO NET/IB : QP 0x7fd62482b898 (qpn=0xBDDF) src UDP port set to 57804 (qIndex=3)
ip-10-32-4-110:160575:160667 [0] NCCL INFO NET/IB : QP 0x7fd6244ca858 (qpn=0xBDE0) src UDP port set to 60000 (qIndex=-1)
ip-10-32-4-110:160575:160667 [0] NCCL INFO NET/IB: ncclIbAccept Max Nqps=4, localNqps=4, remoteNqps=4
ip-10-32-4-110:160575:160667 [0] NCCL INFO NET/IB : QP 0x7fd6244cac28 (qpn=0xBDE1) src UDP port set to 60000 (qIndex=0)
ip-10-32-4-110:160575:160667 [0] NCCL INFO NET/IB : QP 0x7fd624561858 (qpn=0xBDE2) src UDP port set to 60051 (qIndex=1)
ip-10-32-4-110:160575:160667 [0] NCCL INFO NET/IB : QP 0x7fd62458b858 (qpn=0xBDE3) src UDP port set to 57663 (qIndex=2)
ip-10-32-4-110:160575:160667 [0] NCCL INFO NET/IB : QP 0x7fd62498b898 (qpn=0xBDE4) src UDP port set to 57804 (qIndex=3)
ip-10-32-4-110:160575:160667 [0] NCCL INFO NET/IB : QP 0x7fd624940898 (qpn=0xBDE5) src UDP port set to 60000 (qIndex=-1)
ip-10-32-4-110:160575:160613 [0] NCCL INFO Connected all rings, use ring PXN 0 GDR 1
ip-10-32-4-110:160575:160613 [0] NCCL INFO Channel 00/0 : 0[5000] -> 1[2b000] via P2P/IPC comm 0x7fe0b2705010 nRanks 16
ip-10-32-4-110:160575:160667 [0] NCCL INFO New proxy send connection 64 from local rank 0, transport 0
ip-10-32-4-110:160575:160613 [0] NCCL INFO Connected to proxy localRank 0 -> connection 0x7fd624003ac0
ip-10-32-4-110:160575:160613 [0] NCCL INFO Channel 01/0 : 0[5000] -> 1[2b000] via P2P/IPC comm 0x7fe0b2705010 nRanks 16
ip-10-32-4-110:160575:160667 [0] NCCL INFO New proxy send connection 65 from local rank 0, transport 0
ip-10-32-4-110:160575:160613 [0] NCCL INFO Connected to proxy localRank 0 -> connection 0x7fd624003b50
ip-10-32-4-110:160575:160613 [0] NCCL INFO Channel 02/0 : 0[5000] -> 1[2b000] via P2P/IPC comm 0x7fe0b2705010 nRanks 16
ip-10-32-4-110:160575:160667 [0] NCCL INFO New proxy send connection 66 from local rank 0, transport 0
ip-10-32-4-110:160575:160613 [0] NCCL INFO Connected to proxy localRank 0 -> connection 0x7fd624003be0
ip-10-32-4-110:160575:160613 [0] NCCL INFO Channel 03/0 : 0[5000] -> 1[2b000] via P2P/IPC comm 0x7fe0b2705010 nRanks 16
ip-10-32-4-110:160575:160667 [0] NCCL INFO New proxy send connection 67 from local rank 0, transport 0
ip-10-32-4-110:160575:160613 [0] NCCL INFO Connected to proxy localRank 0 -> connection 0x7fd624003c70
ip-10-32-4-110:160575:160613 [0] NCCL INFO Channel 04/0 : 0[5000] -> 1[2b000] via P2P/IPC comm 0x7fe0b2705010 nRanks 16
ip-10-32-4-110:160575:160667 [0] NCCL INFO New proxy send connection 68 from local rank 0, transport 0
ip-10-32-4-110:160575:160613 [0] NCCL INFO Connected to proxy localRank 0 -> connection 0x7fd624003d00
ip-10-32-4-110:160575:160613 [0] NCCL INFO Channel 05/0 : 0[5000] -> 1[2b000] via P2P/IPC comm 0x7fe0b2705010 nRanks 16
ip-10-32-4-110:160575:160667 [0] NCCL INFO New proxy send connection 69 from local rank 0, transport 0
ip-10-32-4-110:160575:160613 [0] NCCL INFO Connected to proxy localRank 0 -> connection 0x7fd624003d90
ip-10-32-4-110:160575:160613 [0] NCCL INFO Channel 06/0 : 0[5000] -> 1[2b000] via P2P/IPC comm 0x7fe0b2705010 nRanks 16
ip-10-32-4-110:160575:160667 [0] NCCL INFO New proxy send connection 70 from local rank 0, transport 0
ip-10-32-4-110:160575:160613 [0] NCCL INFO Connected to proxy localRank 0 -> connection 0x7fd624003e20
ip-10-32-4-110:160575:160613 [0] NCCL INFO Channel 07/0 : 0[5000] -> 1[2b000] via P2P/IPC comm 0x7fe0b2705010 nRanks 16
ip-10-32-4-110:160575:160667 [0] NCCL INFO New proxy send connection 71 from local rank 0, transport 0
ip-10-32-4-110:160575:160613 [0] NCCL INFO Connected to proxy localRank 0 -> connection 0x7fd624003eb0
ip-10-32-4-110:160575:160613 [0] NCCL INFO Channel 08/0 : 0[5000] -> 1[2b000] via P2P/IPC comm 0x7fe0b2705010 nRanks 16
ip-10-32-4-110:160575:160667 [0] NCCL INFO New proxy send connection 72 from local rank 0, transport 0
ip-10-32-4-110:160575:160613 [0] NCCL INFO Connected to proxy localRank 0 -> connection 0x7fd624003f40
ip-10-32-4-110:160575:160613 [0] NCCL INFO Channel 09/0 : 0[5000] -> 1[2b000] via P2P/IPC comm 0x7fe0b2705010 nRanks 16
ip-10-32-4-110:160575:160667 [0] NCCL INFO New proxy send connection 73 from local rank 0, transport 0
ip-10-32-4-110:160575:160613 [0] NCCL INFO Connected to proxy localRank 0 -> connection 0x7fd624003fd0
ip-10-32-4-110:160575:160613 [0] NCCL INFO Channel 10/0 : 0[5000] -> 1[2b000] via P2P/IPC comm 0x7fe0b2705010 nRanks 16
ip-10-32-4-110:160575:160667 [0] NCCL INFO New proxy send connection 74 from local rank 0, transport 0
ip-10-32-4-110:160575:160613 [0] NCCL INFO Connected to proxy localRank 0 -> connection 0x7fd624004060
ip-10-32-4-110:160575:160613 [0] NCCL INFO Channel 11/0 : 0[5000] -> 1[2b000] via P2P/IPC comm 0x7fe0b2705010 nRanks 16
ip-10-32-4-110:160575:160667 [0] NCCL INFO New proxy send connection 75 from local rank 0, transport 0
ip-10-32-4-110:160575:160613 [0] NCCL INFO Connected to proxy localRank 0 -> connection 0x7fd6240040f0
ip-10-32-4-110:160575:160613 [0] NCCL INFO Channel 12/0 : 0[5000] -> 1[2b000] via P2P/IPC comm 0x7fe0b2705010 nRanks 16
ip-10-32-4-110:160575:160667 [0] NCCL INFO New proxy send connection 76 from local rank 0, transport 0
ip-10-32-4-110:160575:160613 [0] NCCL INFO Connected to proxy localRank 0 -> connection 0x7fd624004180
ip-10-32-4-110:160575:160613 [0] NCCL INFO Channel 13/0 : 0[5000] -> 1[2b000] via P2P/IPC comm 0x7fe0b2705010 nRanks 16
ip-10-32-4-110:160575:160667 [0] NCCL INFO New proxy send connection 77 from local rank 0, transport 0
ip-10-32-4-110:160575:160613 [0] NCCL INFO Connected to proxy localRank 0 -> connection 0x7fd624004210
ip-10-32-4-110:160575:160613 [0] NCCL INFO Channel 14/0 : 0[5000] -> 1[2b000] via P2P/IPC comm 0x7fe0b2705010 nRanks 16
ip-10-32-4-110:160575:160667 [0] NCCL INFO New proxy send connection 78 from local rank 0, transport 0
ip-10-32-4-110:160575:160613 [0] NCCL INFO Connected to proxy localRank 0 -> connection 0x7fd6240042a0
ip-10-32-4-110:160575:160613 [0] NCCL INFO Channel 15/0 : 0[5000] -> 1[2b000] via P2P/IPC comm 0x7fe0b2705010 nRanks 16
ip-10-32-4-110:160575:160667 [0] NCCL INFO New proxy send connection 79 from local rank 0, transport 0
ip-10-32-4-110:160575:160613 [0] NCCL INFO Connected to proxy localRank 0 -> connection 0x7fd624004330
ip-10-32-4-110:160575:160613 [0] NCCL INFO Channel 16/0 : 0[5000] -> 1[2b000] via P2P/IPC comm 0x7fe0b2705010 nRanks 16
ip-10-32-4-110:160575:160667 [0] NCCL INFO New proxy send connection 80 from local rank 0, transport 0
ip-10-32-4-110:160575:160613 [0] NCCL INFO Connected to proxy localRank 0 -> connection 0x7fd6240043c0
ip-10-32-4-110:160575:160613 [0] NCCL INFO Channel 17/0 : 0[5000] -> 1[2b000] via P2P/IPC comm 0x7fe0b2705010 nRanks 16
ip-10-32-4-110:160575:160667 [0] NCCL INFO New proxy send connection 81 from local rank 0, transport 0
ip-10-32-4-110:160575:160613 [0] NCCL INFO Connected to proxy localRank 0 -> connection 0x7fd624004450
ip-10-32-4-110:160575:160613 [0] NCCL INFO Channel 18/0 : 0[5000] -> 1[2b000] via P2P/IPC comm 0x7fe0b2705010 nRanks 16
ip-10-32-4-110:160575:160667 [0] NCCL INFO New proxy send connection 82 from local rank 0, transport 0
ip-10-32-4-110:160575:160613 [0] NCCL INFO Connected to proxy localRank 0 -> connection 0x7fd6240044e0
ip-10-32-4-110:160575:160613 [0] NCCL INFO Channel 19/0 : 0[5000] -> 1[2b000] via P2P/IPC comm 0x7fe0b2705010 nRanks 16
ip-10-32-4-110:160575:160667 [0] NCCL INFO New proxy send connection 83 from local rank 0, transport 0
ip-10-32-4-110:160575:160613 [0] NCCL INFO Connected to proxy localRank 0 -> connection 0x7fd624004570
ip-10-32-4-110:160575:160613 [0] NCCL INFO Channel 20/0 : 0[5000] -> 1[2b000] via P2P/IPC comm 0x7fe0b2705010 nRanks 16
ip-10-32-4-110:160575:160667 [0] NCCL INFO New proxy send connection 84 from local rank 0, transport 0
ip-10-32-4-110:160575:160613 [0] NCCL INFO Connected to proxy localRank 0 -> connection 0x7fd624004600
ip-10-32-4-110:160575:160613 [0] NCCL INFO Channel 21/0 : 0[5000] -> 1[2b000] via P2P/IPC comm 0x7fe0b2705010 nRanks 16
ip-10-32-4-110:160575:160667 [0] NCCL INFO New proxy send connection 85 from local rank 0, transport 0
ip-10-32-4-110:160575:160613 [0] NCCL INFO Connected to proxy localRank 0 -> connection 0x7fd624004690
ip-10-32-4-110:160575:160613 [0] NCCL INFO Channel 22/0 : 0[5000] -> 1[2b000] via P2P/IPC comm 0x7fe0b2705010 nRanks 16
ip-10-32-4-110:160575:160667 [0] NCCL INFO New proxy send connection 86 from local rank 0, transport 0
ip-10-32-4-110:160575:160613 [0] NCCL INFO Connected to proxy localRank 0 -> connection 0x7fd624004720
ip-10-32-4-110:160575:160613 [0] NCCL INFO Channel 23/0 : 0[5000] -> 1[2b000] via P2P/IPC comm 0x7fe0b2705010 nRanks 16
ip-10-32-4-110:160575:160667 [0] NCCL INFO New proxy send connection 87 from local rank 0, transport 0
ip-10-32-4-110:160575:160613 [0] NCCL INFO Connected to proxy localRank 0 -> connection 0x7fd6240047b0
ip-10-32-4-110:160575:160613 [0] NCCL INFO Channel 24/0 : 0[5000] -> 1[2b000] via P2P/IPC comm 0x7fe0b2705010 nRanks 16
ip-10-32-4-110:160575:160667 [0] NCCL INFO New proxy send connection 88 from local rank 0, transport 0
ip-10-32-4-110:160575:160613 [0] NCCL INFO Connected to proxy localRank 0 -> connection 0x7fd624004840
ip-10-32-4-110:160575:160613 [0] NCCL INFO Channel 25/0 : 0[5000] -> 1[2b000] via P2P/IPC comm 0x7fe0b2705010 nRanks 16
ip-10-32-4-110:160575:160667 [0] NCCL INFO New proxy send connection 89 from local rank 0, transport 0
ip-10-32-4-110:160575:160613 [0] NCCL INFO Connected to proxy localRank 0 -> connection 0x7fd6240048d0
ip-10-32-4-110:160575:160613 [0] NCCL INFO Channel 26/0 : 0[5000] -> 1[2b000] via P2P/IPC comm 0x7fe0b2705010 nRanks 16
ip-10-32-4-110:160575:160667 [0] NCCL INFO New proxy send connection 90 from local rank 0, transport 0
ip-10-32-4-110:160575:160613 [0] NCCL INFO Connected to proxy localRank 0 -> connection 0x7fd624004960
ip-10-32-4-110:160575:160613 [0] NCCL INFO Channel 27/0 : 0[5000] -> 1[2b000] via P2P/IPC comm 0x7fe0b2705010 nRanks 16
ip-10-32-4-110:160575:160667 [0] NCCL INFO New proxy send connection 91 from local rank 0, transport 0
ip-10-32-4-110:160575:160613 [0] NCCL INFO Connected to proxy localRank 0 -> connection 0x7fd6240049f0
ip-10-32-4-110:160575:160613 [0] NCCL INFO Channel 28/0 : 0[5000] -> 1[2b000] via P2P/IPC comm 0x7fe0b2705010 nRanks 16
ip-10-32-4-110:160575:160667 [0] NCCL INFO New proxy send connection 92 from local rank 0, transport 0
ip-10-32-4-110:160575:160613 [0] NCCL INFO Connected to proxy localRank 0 -> connection 0x7fd624004a80
ip-10-32-4-110:160575:160613 [0] NCCL INFO Channel 29/0 : 0[5000] -> 1[2b000] via P2P/IPC comm 0x7fe0b2705010 nRanks 16
ip-10-32-4-110:160575:160667 [0] NCCL INFO New proxy send connection 93 from local rank 0, transport 0
ip-10-32-4-110:160575:160613 [0] NCCL INFO Connected to proxy localRank 0 -> connection 0x7fd624004b10
ip-10-32-4-110:160575:160613 [0] NCCL INFO Channel 30/0 : 0[5000] -> 1[2b000] via P2P/IPC comm 0x7fe0b2705010 nRanks 16
ip-10-32-4-110:160575:160667 [0] NCCL INFO New proxy send connection 94 from local rank 0, transport 0
ip-10-32-4-110:160575:160613 [0] NCCL INFO Connected to proxy localRank 0 -> connection 0x7fd624004ba0
ip-10-32-4-110:160575:160613 [0] NCCL INFO Channel 31/0 : 0[5000] -> 1[2b000] via P2P/IPC comm 0x7fe0b2705010 nRanks 16
ip-10-32-4-110:160575:160667 [0] NCCL INFO New proxy send connection 95 from local rank 0, transport 0
ip-10-32-4-110:160575:160613 [0] NCCL INFO Connected to proxy localRank 0 -> connection 0x7fd624004c30
ip-10-32-4-110:160575:160613 [0] NCCL INFO GPU Direct RDMA Enabled for GPU 0 / HCA 0 (distance 4 <= 5), read 0 mode Default
ip-10-32-4-110:160575:160667 [0] NCCL INFO New proxy recv connection 96 from local rank 0, transport 2
ip-10-32-4-110:160575:160613 [0] NCCL INFO Connected to proxy localRank 0 -> connection 0x7fd624004cc0
ip-10-32-4-110:160575:160613 [0] NCCL INFO Channel 00/0 : 8[0] -> 0[0] [receive] via NET/IB/0/GDRDMA comm 0x7fe0b2705010 nRanks 16
ip-10-32-4-110:160575:160613 [0] NCCL INFO GPU Direct RDMA Enabled for GPU 0 / HCA 0 (distance 4 <= 5), read 0 mode Default
ip-10-32-4-110:160575:160667 [0] NCCL INFO New proxy recv connection 97 from local rank 0, transport 2
ip-10-32-4-110:160575:160613 [0] NCCL INFO Connected to proxy localRank 0 -> connection 0x7fd624004d50
ip-10-32-4-110:160575:160613 [0] NCCL INFO Channel 04/0 : 8[0] -> 0[0] [receive] via NET/IB/0/GDRDMA comm 0x7fe0b2705010 nRanks 16
ip-10-32-4-110:160575:160613 [0] NCCL INFO GPU Direct RDMA Enabled for GPU 0 / HCA 0 (distance 4 <= 5), read 0 mode Default
ip-10-32-4-110:160575:160667 [0] NCCL INFO New proxy recv connection 98 from local rank 0, transport 2
ip-10-32-4-110:160575:160613 [0] NCCL INFO Connected to proxy localRank 0 -> connection 0x7fd624004de0
ip-10-32-4-110:160575:160613 [0] NCCL INFO Channel 08/0 : 8[0] -> 0[0] [receive] via NET/IB/0/GDRDMA comm 0x7fe0b2705010 nRanks 16
ip-10-32-4-110:160575:160613 [0] NCCL INFO GPU Direct RDMA Enabled for GPU 0 / HCA 0 (distance 4 <= 5), read 0 mode Default
ip-10-32-4-110:160575:160667 [0] NCCL INFO New proxy recv connection 99 from local rank 0, transport 2
ip-10-32-4-110:160575:160613 [0] NCCL INFO Connected to proxy localRank 0 -> connection 0x7fd624004e70
ip-10-32-4-110:160575:160613 [0] NCCL INFO Channel 12/0 : 8[0] -> 0[0] [receive] via NET/IB/0/GDRDMA comm 0x7fe0b2705010 nRanks 16
ip-10-32-4-110:160575:160613 [0] NCCL INFO GPU Direct RDMA Enabled for GPU 0 / HCA 0 (distance 4 <= 5), read 0 mode Default
ip-10-32-4-110:160575:160667 [0] NCCL INFO New proxy recv connection 100 from local rank 0, transport 2
ip-10-32-4-110:160575:160613 [0] NCCL INFO Connected to proxy localRank 0 -> connection 0x7fd624004f00
ip-10-32-4-110:160575:160613 [0] NCCL INFO Channel 16/0 : 8[0] -> 0[0] [receive] via NET/IB/0/GDRDMA comm 0x7fe0b2705010 nRanks 16
ip-10-32-4-110:160575:160613 [0] NCCL INFO GPU Direct RDMA Enabled for GPU 0 / HCA 0 (distance 4 <= 5), read 0 mode Default
ip-10-32-4-110:160575:160667 [0] NCCL INFO New proxy recv connection 101 from local rank 0, transport 2
ip-10-32-4-110:160575:160613 [0] NCCL INFO Connected to proxy localRank 0 -> connection 0x7fd624004f90
ip-10-32-4-110:160575:160613 [0] NCCL INFO Channel 20/0 : 8[0] -> 0[0] [receive] via NET/IB/0/GDRDMA comm 0x7fe0b2705010 nRanks 16
ip-10-32-4-110:160575:160613 [0] NCCL INFO GPU Direct RDMA Enabled for GPU 0 / HCA 0 (distance 4 <= 5), read 0 mode Default
ip-10-32-4-110:160575:160667 [0] NCCL INFO New proxy recv connection 102 from local rank 0, transport 2
ip-10-32-4-110:160575:160613 [0] NCCL INFO Connected to proxy localRank 0 -> connection 0x7fd624005020
ip-10-32-4-110:160575:160613 [0] NCCL INFO Channel 24/0 : 8[0] -> 0[0] [receive] via NET/IB/0/GDRDMA comm 0x7fe0b2705010 nRanks 16
ip-10-32-4-110:160575:160613 [0] NCCL INFO GPU Direct RDMA Enabled for GPU 0 / HCA 0 (distance 4 <= 5), read 0 mode Default
ip-10-32-4-110:160575:160667 [0] NCCL INFO New proxy recv connection 103 from local rank 0, transport 2
ip-10-32-4-110:160575:160613 [0] NCCL INFO Connected to proxy localRank 0 -> connection 0x7fd6240050b0
ip-10-32-4-110:160575:160613 [0] NCCL INFO Channel 28/0 : 8[0] -> 0[0] [receive] via NET/IB/0/GDRDMA comm 0x7fe0b2705010 nRanks 16
ip-10-32-4-110:160575:160613 [0] NCCL INFO GPU Direct RDMA Enabled for GPU 0 / HCA 0 (distance 4 <= 5), read 1 mode Default
ip-10-32-4-110:160575:160667 [0] NCCL INFO New proxy send connection 104 from local rank 0, transport 2
ip-10-32-4-110:160575:160613 [0] NCCL INFO Connected to proxy localRank 0 -> connection 0x7fd624005140
ip-10-32-4-110:160575:160613 [0] NCCL INFO Channel 00/0 : 0[0] -> 8[0] [send] via NET/IB/0/GDRDMA comm 0x7fe0b2705010 nRanks 16
ip-10-32-4-110:160575:160613 [0] NCCL INFO GPU Direct RDMA Enabled for GPU 0 / HCA 0 (distance 4 <= 5), read 1 mode Default
ip-10-32-4-110:160575:160667 [0] NCCL INFO New proxy send connection 105 from local rank 0, transport 2
ip-10-32-4-110:160575:160613 [0] NCCL INFO Connected to proxy localRank 0 -> connection 0x7fd6240051d0
ip-10-32-4-110:160575:160613 [0] NCCL INFO Channel 04/0 : 0[0] -> 8[0] [send] via NET/IB/0/GDRDMA comm 0x7fe0b2705010 nRanks 16
ip-10-32-4-110:160575:160613 [0] NCCL INFO GPU Direct RDMA Enabled for GPU 0 / HCA 0 (distance 4 <= 5), read 1 mode Default
ip-10-32-4-110:160575:160667 [0] NCCL INFO New proxy send connection 106 from local rank 0, transport 2
ip-10-32-4-110:160575:160613 [0] NCCL INFO Connected to proxy localRank 0 -> connection 0x7fd624005260
ip-10-32-4-110:160575:160613 [0] NCCL INFO Channel 08/0 : 0[0] -> 8[0] [send] via NET/IB/0/GDRDMA comm 0x7fe0b2705010 nRanks 16
ip-10-32-4-110:160575:160613 [0] NCCL INFO GPU Direct RDMA Enabled for GPU 0 / HCA 0 (distance 4 <= 5), read 1 mode Default
ip-10-32-4-110:160575:160667 [0] NCCL INFO New proxy send connection 107 from local rank 0, transport 2
ip-10-32-4-110:160575:160613 [0] NCCL INFO Connected to proxy localRank 0 -> connection 0x7fd6240052f0
ip-10-32-4-110:160575:160613 [0] NCCL INFO Channel 12/0 : 0[0] -> 8[0] [send] via NET/IB/0/GDRDMA comm 0x7fe0b2705010 nRanks 16
ip-10-32-4-110:160575:160613 [0] NCCL INFO GPU Direct RDMA Enabled for GPU 0 / HCA 0 (distance 4 <= 5), read 1 mode Default
ip-10-32-4-110:160575:160667 [0] NCCL INFO New proxy send connection 108 from local rank 0, transport 2
ip-10-32-4-110:160575:160613 [0] NCCL INFO Connected to proxy localRank 0 -> connection 0x7fd624005380
ip-10-32-4-110:160575:160613 [0] NCCL INFO Channel 16/0 : 0[0] -> 8[0] [send] via NET/IB/0/GDRDMA comm 0x7fe0b2705010 nRanks 16
ip-10-32-4-110:160575:160613 [0] NCCL INFO GPU Direct RDMA Enabled for GPU 0 / HCA 0 (distance 4 <= 5), read 1 mode Default
ip-10-32-4-110:160575:160667 [0] NCCL INFO New proxy send connection 109 from local rank 0, transport 2
ip-10-32-4-110:160575:160613 [0] NCCL INFO Connected to proxy localRank 0 -> connection 0x7fd624005410
ip-10-32-4-110:160575:160613 [0] NCCL INFO Channel 20/0 : 0[0] -> 8[0] [send] via NET/IB/0/GDRDMA comm 0x7fe0b2705010 nRanks 16
ip-10-32-4-110:160575:160613 [0] NCCL INFO GPU Direct RDMA Enabled for GPU 0 / HCA 0 (distance 4 <= 5), read 1 mode Default
ip-10-32-4-110:160575:160667 [0] NCCL INFO New proxy send connection 110 from local rank 0, transport 2
ip-10-32-4-110:160575:160613 [0] NCCL INFO Connected to proxy localRank 0 -> connection 0x7fd6240054a0
ip-10-32-4-110:160575:160613 [0] NCCL INFO Channel 24/0 : 0[0] -> 8[0] [send] via NET/IB/0/GDRDMA comm 0x7fe0b2705010 nRanks 16
ip-10-32-4-110:160575:160613 [0] NCCL INFO GPU Direct RDMA Enabled for GPU 0 / HCA 0 (distance 4 <= 5), read 1 mode Default
ip-10-32-4-110:160575:160667 [0] NCCL INFO New proxy send connection 111 from local rank 0, transport 2
ip-10-32-4-110:160575:160613 [0] NCCL INFO Connected to proxy localRank 0 -> connection 0x7fd624005530
ip-10-32-4-110:160575:160613 [0] NCCL INFO Channel 28/0 : 0[0] -> 8[0] [send] via NET/IB/0/GDRDMA comm 0x7fe0b2705010 nRanks 16
ip-10-32-4-110:160575:160667 [0] NCCL INFO New proxy recv connection 112 from local rank 0, transport 0
ip-10-32-4-110:160575:160613 [0] NCCL INFO Connected to proxy localRank 0 -> connection 0x7fd6240055c0
ip-10-32-4-110:160575:160667 [0] NCCL INFO New proxy recv connection 113 from local rank 0, transport 0
ip-10-32-4-110:160575:160613 [0] NCCL INFO Connected to proxy localRank 0 -> connection 0x7fd624005650
ip-10-32-4-110:160575:160667 [0] NCCL INFO New proxy recv connection 114 from local rank 0, transport 0
ip-10-32-4-110:160575:160613 [0] NCCL INFO Connected to proxy localRank 0 -> connection 0x7fd6240056e0
ip-10-32-4-110:160575:160667 [0] NCCL INFO New proxy recv connection 115 from local rank 0, transport 0
ip-10-32-4-110:160575:160613 [0] NCCL INFO Connected to proxy localRank 0 -> connection 0x7fd624005770
ip-10-32-4-110:160575:160667 [0] NCCL INFO New proxy recv connection 116 from local rank 0, transport 0
ip-10-32-4-110:160575:160613 [0] NCCL INFO Connected to proxy localRank 0 -> connection 0x7fd624005800
ip-10-32-4-110:160575:160667 [0] NCCL INFO New proxy recv connection 117 from local rank 0, transport 0
ip-10-32-4-110:160575:160613 [0] NCCL INFO Connected to proxy localRank 0 -> connection 0x7fd624005890
ip-10-32-4-110:160575:160667 [0] NCCL INFO New proxy recv connection 118 from local rank 0, transport 0
ip-10-32-4-110:160575:160613 [0] NCCL INFO Connected to proxy localRank 0 -> connection 0x7fd624005920
ip-10-32-4-110:160575:160667 [0] NCCL INFO New proxy recv connection 119 from local rank 0, transport 0
ip-10-32-4-110:160575:160613 [0] NCCL INFO Connected to proxy localRank 0 -> connection 0x7fd6240059b0
ip-10-32-4-110:160575:160667 [0] NCCL INFO New proxy recv connection 120 from local rank 0, transport 0
ip-10-32-4-110:160575:160613 [0] NCCL INFO Connected to proxy localRank 0 -> connection 0x7fd624005a40
ip-10-32-4-110:160575:160667 [0] NCCL INFO New proxy recv connection 121 from local rank 0, transport 0
ip-10-32-4-110:160575:160613 [0] NCCL INFO Connected to proxy localRank 0 -> connection 0x7fd624005ad0
ip-10-32-4-110:160575:160667 [0] NCCL INFO New proxy recv connection 122 from local rank 0, transport 0
ip-10-32-4-110:160575:160613 [0] NCCL INFO Connected to proxy localRank 0 -> connection 0x7fd624005b60
ip-10-32-4-110:160575:160667 [0] NCCL INFO New proxy recv connection 123 from local rank 0, transport 0
ip-10-32-4-110:160575:160613 [0] NCCL INFO Connected to proxy localRank 0 -> connection 0x7fd624005bf0
ip-10-32-4-110:160575:160667 [0] NCCL INFO New proxy recv connection 124 from local rank 0, transport 0
ip-10-32-4-110:160575:160613 [0] NCCL INFO Connected to proxy localRank 0 -> connection 0x7fd624005c80
ip-10-32-4-110:160575:160667 [0] NCCL INFO New proxy recv connection 125 from local rank 0, transport 0
ip-10-32-4-110:160575:160613 [0] NCCL INFO Connected to proxy localRank 0 -> connection 0x7fd624005d10
ip-10-32-4-110:160575:160667 [0] NCCL INFO New proxy recv connection 126 from local rank 0, transport 0
ip-10-32-4-110:160575:160613 [0] NCCL INFO Connected to proxy localRank 0 -> connection 0x7fd624005da0
ip-10-32-4-110:160575:160667 [0] NCCL INFO New proxy recv connection 127 from local rank 0, transport 0
ip-10-32-4-110:160575:160613 [0] NCCL INFO Connected to proxy localRank 0 -> connection 0x7fd624005e30
ip-10-32-4-110:160575:160667 [0] NCCL INFO New proxy recv connection 128 from local rank 0, transport 0
ip-10-32-4-110:160575:160613 [0] NCCL INFO Connected to proxy localRank 0 -> connection 0x7fd624a5a640
ip-10-32-4-110:160575:160667 [0] NCCL INFO New proxy recv connection 129 from local rank 0, transport 0
ip-10-32-4-110:160575:160613 [0] NCCL INFO Connected to proxy localRank 0 -> connection 0x7fd624a5a6d0
ip-10-32-4-110:160575:160667 [0] NCCL INFO New proxy recv connection 130 from local rank 0, transport 0
ip-10-32-4-110:160575:160613 [0] NCCL INFO Connected to proxy localRank 0 -> connection 0x7fd624a5a760
ip-10-32-4-110:160575:160667 [0] NCCL INFO New proxy recv connection 131 from local rank 0, transport 0
ip-10-32-4-110:160575:160613 [0] NCCL INFO Connected to proxy localRank 0 -> connection 0x7fd624a5a7f0
ip-10-32-4-110:160575:160667 [0] NCCL INFO New proxy recv connection 132 from local rank 0, transport 0
ip-10-32-4-110:160575:160613 [0] NCCL INFO Connected to proxy localRank 0 -> connection 0x7fd624a5a880
ip-10-32-4-110:160575:160667 [0] NCCL INFO New proxy recv connection 133 from local rank 0, transport 0
ip-10-32-4-110:160575:160613 [0] NCCL INFO Connected to proxy localRank 0 -> connection 0x7fd624a5a910
ip-10-32-4-110:160575:160667 [0] NCCL INFO New proxy recv connection 134 from local rank 0, transport 0
ip-10-32-4-110:160575:160613 [0] NCCL INFO Connected to proxy localRank 0 -> connection 0x7fd624a5a9a0
ip-10-32-4-110:160575:160667 [0] NCCL INFO New proxy recv connection 135 from local rank 0, transport 0
ip-10-32-4-110:160575:160613 [0] NCCL INFO Connected to proxy localRank 0 -> connection 0x7fd624a5aa30
ip-10-32-4-110:160575:160667 [0] NCCL INFO New proxy recv connection 136 from local rank 0, transport 0
ip-10-32-4-110:160575:160613 [0] NCCL INFO Connected to proxy localRank 0 -> connection 0x7fd624a5aac0
ip-10-32-4-110:160575:160667 [0] NCCL INFO New proxy recv connection 137 from local rank 0, transport 0
ip-10-32-4-110:160575:160613 [0] NCCL INFO Connected to proxy localRank 0 -> connection 0x7fd624a5ab50
ip-10-32-4-110:160575:160667 [0] NCCL INFO New proxy recv connection 138 from local rank 0, transport 0
ip-10-32-4-110:160575:160613 [0] NCCL INFO Connected to proxy localRank 0 -> connection 0x7fd624a5abe0
ip-10-32-4-110:160575:160667 [0] NCCL INFO New proxy recv connection 139 from local rank 0, transport 0
ip-10-32-4-110:160575:160613 [0] NCCL INFO Connected to proxy localRank 0 -> connection 0x7fd624a5ac70
ip-10-32-4-110:160575:160667 [0] NCCL INFO New proxy recv connection 140 from local rank 0, transport 0
ip-10-32-4-110:160575:160613 [0] NCCL INFO Connected to proxy localRank 0 -> connection 0x7fd624a5ad00
ip-10-32-4-110:160575:160667 [0] NCCL INFO New proxy recv connection 141 from local rank 0, transport 0
ip-10-32-4-110:160575:160613 [0] NCCL INFO Connected to proxy localRank 0 -> connection 0x7fd624a5ad90
ip-10-32-4-110:160575:160667 [0] NCCL INFO New proxy recv connection 142 from local rank 0, transport 0
ip-10-32-4-110:160575:160613 [0] NCCL INFO Connected to proxy localRank 0 -> connection 0x7fd624a5ae20
ip-10-32-4-110:160575:160667 [0] NCCL INFO New proxy recv connection 143 from local rank 0, transport 0
ip-10-32-4-110:160575:160613 [0] NCCL INFO Connected to proxy localRank 0 -> connection 0x7fd624a5aeb0
ip-10-32-4-110:160575:160667 [0] NCCL INFO NET/IB: ncclIbConnect isP2p=0
ip-10-32-4-110:160575:160667 [0] NCCL INFO NET/IB: ncclIbConnect Max Nqps=4, localNqps=4, remoteNqps=4
ip-10-32-4-110:160575:160667 [0] NCCL INFO NET/IB: NCCL Dev 0 IbDev 0 Port 1 qpn 48614 mtu 5 GID 3 (0/E627081AFFFF0000) fifoRkey=0x211cde fifoLkey=0x211cde
ip-10-32-4-110:160575:160667 [0] NCCL INFO NET/IB: IbDev 0 Port 1 qpn 48614 query_ece={supported=1, vendor_id=0x15b3, options=0x30000002, comp_mask=0x0}
ip-10-32-4-110:160575:160667 [0] NCCL INFO NET/IB: NCCL Dev 0 IbDev 0 Port 1 qpn 48615 mtu 5 GID 3 (0/E627081AFFFF0000) fifoRkey=0x211cde fifoLkey=0x211cde
ip-10-32-4-110:160575:160667 [0] NCCL INFO NET/IB: IbDev 0 Port 1 qpn 48615 query_ece={supported=1, vendor_id=0x15b3, options=0x30000002, comp_mask=0x0}
ip-10-32-4-110:160575:160667 [0] NCCL INFO NET/IB: NCCL Dev 0 IbDev 0 Port 1 qpn 48616 mtu 5 GID 3 (0/E627081AFFFF0000) fifoRkey=0x211cde fifoLkey=0x211cde
ip-10-32-4-110:160575:160667 [0] NCCL INFO NET/IB: IbDev 0 Port 1 qpn 48616 query_ece={supported=1, vendor_id=0x15b3, options=0x30000002, comp_mask=0x0}
ip-10-32-4-110:160575:160667 [0] NCCL INFO NET/IB: NCCL Dev 0 IbDev 0 Port 1 qpn 48617 mtu 5 GID 3 (0/E627081AFFFF0000) fifoRkey=0x211cde fifoLkey=0x211cde
ip-10-32-4-110:160575:160667 [0] NCCL INFO NET/IB: IbDev 0 Port 1 qpn 48617 query_ece={supported=1, vendor_id=0x15b3, options=0x30000002, comp_mask=0x0}
ip-10-32-4-110:160575:160667 [0] NCCL INFO NET/IB: ncclIbAccept Max Nqps=4, localNqps=4, remoteNqps=4
ip-10-32-4-110:160575:160667 [0] NCCL INFO NET/IB : QP 0x7fd624b8dab8 (qpn=0xBDEA) src UDP port set to 60000 (qIndex=0)
ip-10-32-4-110:160575:160667 [0] NCCL INFO NET/IB : QP 0x7fd624bd9b68 (qpn=0xBDEB) src UDP port set to 60051 (qIndex=1)
ip-10-32-4-110:160575:160667 [0] NCCL INFO NET/IB : QP 0x7fd624c22bd8 (qpn=0xBDEC) src UDP port set to 57663 (qIndex=2)
ip-10-32-4-110:160575:160667 [0] NCCL INFO NET/IB : QP 0x7fd624bb7318 (qpn=0xBDED) src UDP port set to 57804 (qIndex=3)
ip-10-32-4-110:160575:160667 [0] NCCL INFO NET/IB : QP 0x7fd624abe8d8 (qpn=0xBDEE) src UDP port set to 60000 (qIndex=-1)
ip-10-32-4-110:160575:160667 [0] NCCL INFO NET/IB: ncclIbConnect isP2p=0
ip-10-32-4-110:160575:160667 [0] NCCL INFO NET/IB: ncclIbConnect Max Nqps=4, localNqps=4, remoteNqps=4
ip-10-32-4-110:160575:160667 [0] NCCL INFO NET/IB: NCCL Dev 0 IbDev 0 Port 1 qpn 48623 mtu 5 GID 3 (0/E627081AFFFF0000) fifoRkey=0x223ff9 fifoLkey=0x223ff9
ip-10-32-4-110:160575:160667 [0] NCCL INFO NET/IB: IbDev 0 Port 1 qpn 48623 query_ece={supported=1, vendor_id=0x15b3, options=0x30000002, comp_mask=0x0}
ip-10-32-4-110:160575:160667 [0] NCCL INFO NET/IB: NCCL Dev 0 IbDev 0 Port 1 qpn 48624 mtu 5 GID 3 (0/E627081AFFFF0000) fifoRkey=0x223ff9 fifoLkey=0x223ff9
ip-10-32-4-110:160575:160667 [0] NCCL INFO NET/IB: IbDev 0 Port 1 qpn 48624 query_ece={supported=1, vendor_id=0x15b3, options=0x30000002, comp_mask=0x0}
ip-10-32-4-110:160575:160667 [0] NCCL INFO NET/IB: NCCL Dev 0 IbDev 0 Port 1 qpn 48625 mtu 5 GID 3 (0/E627081AFFFF0000) fifoRkey=0x223ff9 fifoLkey=0x223ff9
ip-10-32-4-110:160575:160667 [0] NCCL INFO NET/IB: IbDev 0 Port 1 qpn 48625 query_ece={supported=1, vendor_id=0x15b3, options=0x30000002, comp_mask=0x0}
ip-10-32-4-110:160575:160667 [0] NCCL INFO NET/IB: NCCL Dev 0 IbDev 0 Port 1 qpn 48626 mtu 5 GID 3 (0/E627081AFFFF0000) fifoRkey=0x223ff9 fifoLkey=0x223ff9
ip-10-32-4-110:160575:160667 [0] NCCL INFO NET/IB: IbDev 0 Port 1 qpn 48626 query_ece={supported=1, vendor_id=0x15b3, options=0x30000002, comp_mask=0x0}
ip-10-32-4-110:160575:160667 [0] NCCL INFO NET/IB: IbDev 0 Port 1 qpn 48614 set_ece={supported=1, vendor_id=0x15b3, options=0x30000002, comp_mask=0x0}
ip-10-32-4-110:160575:160667 [0] NCCL INFO NET/IB : QP 0x7fd6248caac8 (qpn=0xBDE6) src UDP port set to 60000 (qIndex=0)
ip-10-32-4-110:160575:160667 [0] NCCL INFO NET/IB: IbDev 0 Port 1 qpn 48615 set_ece={supported=1, vendor_id=0x15b3, options=0x30000002, comp_mask=0x0}
ip-10-32-4-110:160575:160667 [0] NCCL INFO NET/IB : QP 0x7fd6241755b8 (qpn=0xBDE7) src UDP port set to 60051 (qIndex=1)
ip-10-32-4-110:160575:160667 [0] NCCL INFO NET/IB: IbDev 0 Port 1 qpn 48616 set_ece={supported=1, vendor_id=0x15b3, options=0x30000002, comp_mask=0x0}
ip-10-32-4-110:160575:160667 [0] NCCL INFO NET/IB : QP 0x7fd624b399d8 (qpn=0xBDE8) src UDP port set to 57663 (qIndex=2)
ip-10-32-4-110:160575:160667 [0] NCCL INFO NET/IB: IbDev 0 Port 1 qpn 48617 set_ece={supported=1, vendor_id=0x15b3, options=0x30000002, comp_mask=0x0}
ip-10-32-4-110:160575:160667 [0] NCCL INFO NET/IB : QP 0x7fd624b63a48 (qpn=0xBDE9) src UDP port set to 57804 (qIndex=3)
ip-10-32-4-110:160575:160667 [0] NCCL INFO NET/IB: ncclIbAccept Max Nqps=4, localNqps=4, remoteNqps=4
ip-10-32-4-110:160575:160667 [0] NCCL INFO NET/IB : QP 0x7fd624cec088 (qpn=0xBDF3) src UDP port set to 60000 (qIndex=0)
ip-10-32-4-110:160575:160667 [0] NCCL INFO NET/IB : QP 0x7fd624e4e0c8 (qpn=0xBDF4) src UDP port set to 60051 (qIndex=1)
ip-10-32-4-110:160575:160667 [0] NCCL INFO NET/IB : QP 0x7fd624dd7088 (qpn=0xBDF5) src UDP port set to 57663 (qIndex=2)
ip-10-32-4-110:160575:160667 [0] NCCL INFO NET/IB : QP 0x7fd624ea20b8 (qpn=0xBDF6) src UDP port set to 57804 (qIndex=3)
ip-10-32-4-110:160575:160667 [0] NCCL INFO NET/IB : QP 0x7fd624d61748 (qpn=0xBDF7) src UDP port set to 60000 (qIndex=-1)
ip-10-32-4-110:160575:160667 [0] NCCL INFO NET/IB: IbDev 0 Port 1 qpn 48623 set_ece={supported=1, vendor_id=0x15b3, options=0x30000002, comp_mask=0x0}
ip-10-32-4-110:160575:160667 [0] NCCL INFO NET/IB : QP 0x7fd624af0968 (qpn=0xBDEF) src UDP port set to 60000 (qIndex=0)
ip-10-32-4-110:160575:160667 [0] NCCL INFO NET/IB: IbDev 0 Port 1 qpn 48624 set_ece={supported=1, vendor_id=0x15b3, options=0x30000002, comp_mask=0x0}
ip-10-32-4-110:160575:160667 [0] NCCL INFO NET/IB : QP 0x7fd624aee928 (qpn=0xBDF0) src UDP port set to 60051 (qIndex=1)
ip-10-32-4-110:160575:160667 [0] NCCL INFO NET/IB: IbDev 0 Port 1 qpn 48625 set_ece={supported=1, vendor_id=0x15b3, options=0x30000002, comp_mask=0x0}
ip-10-32-4-110:160575:160667 [0] NCCL INFO NET/IB : QP 0x7fd624ca08c8 (qpn=0xBDF1) src UDP port set to 57663 (qIndex=2)
ip-10-32-4-110:160575:160667 [0] NCCL INFO NET/IB: IbDev 0 Port 1 qpn 48626 set_ece={supported=1, vendor_id=0x15b3, options=0x30000002, comp_mask=0x0}
ip-10-32-4-110:160575:160667 [0] NCCL INFO NET/IB : QP 0x7fd624d37898 (qpn=0xBDF2) src UDP port set to 57804 (qIndex=3)
ip-10-32-4-110:160575:160667 [0] NCCL INFO NET/IB: ncclIbConnect isP2p=0
ip-10-32-4-110:160575:160667 [0] NCCL INFO NET/IB: ncclIbConnect Max Nqps=4, localNqps=4, remoteNqps=4
ip-10-32-4-110:160575:160667 [0] NCCL INFO NET/IB: NCCL Dev 0 IbDev 0 Port 1 qpn 48632 mtu 5 GID 3 (0/E627081AFFFF0000) fifoRkey=0x2235ef fifoLkey=0x2235ef
ip-10-32-4-110:160575:160667 [0] NCCL INFO NET/IB: IbDev 0 Port 1 qpn 48632 query_ece={supported=1, vendor_id=0x15b3, options=0x30000002, comp_mask=0x0}
ip-10-32-4-110:160575:160667 [0] NCCL INFO NET/IB: NCCL Dev 0 IbDev 0 Port 1 qpn 48633 mtu 5 GID 3 (0/E627081AFFFF0000) fifoRkey=0x2235ef fifoLkey=0x2235ef
ip-10-32-4-110:160575:160667 [0] NCCL INFO NET/IB: IbDev 0 Port 1 qpn 48633 query_ece={supported=1, vendor_id=0x15b3, options=0x30000002, comp_mask=0x0}
ip-10-32-4-110:160575:160667 [0] NCCL INFO NET/IB: NCCL Dev 0 IbDev 0 Port 1 qpn 48634 mtu 5 GID 3 (0/E627081AFFFF0000) fifoRkey=0x2235ef fifoLkey=0x2235ef
ip-10-32-4-110:160575:160667 [0] NCCL INFO NET/IB: IbDev 0 Port 1 qpn 48634 query_ece={supported=1, vendor_id=0x15b3, options=0x30000002, comp_mask=0x0}
ip-10-32-4-110:160575:160667 [0] NCCL INFO NET/IB: NCCL Dev 0 IbDev 0 Port 1 qpn 48635 mtu 5 GID 3 (0/E627081AFFFF0000) fifoRkey=0x2235ef fifoLkey=0x2235ef
ip-10-32-4-110:160575:160667 [0] NCCL INFO NET/IB: IbDev 0 Port 1 qpn 48635 query_ece={supported=1, vendor_id=0x15b3, options=0x30000002, comp_mask=0x0}
ip-10-32-4-110:160575:160667 [0] NCCL INFO NET/IB: IbDev 0 Port 1 qpn 48632 set_ece={supported=1, vendor_id=0x15b3, options=0x30000002, comp_mask=0x0}
ip-10-32-4-110:160575:160667 [0] NCCL INFO NET/IB : QP 0x7fd624e05ac8 (qpn=0xBDF8) src UDP port set to 60000 (qIndex=0)
ip-10-32-4-110:160575:160667 [0] NCCL INFO NET/IB: IbDev 0 Port 1 qpn 48633 set_ece={supported=1, vendor_id=0x15b3, options=0x30000002, comp_mask=0x0}
ip-10-32-4-110:160575:160667 [0] NCCL INFO NET/IB : QP 0x7fd624f4c8e8 (qpn=0xBDF9) src UDP port set to 60051 (qIndex=1)
ip-10-32-4-110:160575:160667 [0] NCCL INFO NET/IB: IbDev 0 Port 1 qpn 48634 set_ece={supported=1, vendor_id=0x15b3, options=0x30000002, comp_mask=0x0}
ip-10-32-4-110:160575:160667 [0] NCCL INFO NET/IB : QP 0x7fd624f95958 (qpn=0xBDFA) src UDP port set to 57663 (qIndex=2)
ip-10-32-4-110:160575:160667 [0] NCCL INFO NET/IB: IbDev 0 Port 1 qpn 48635 set_ece={supported=1, vendor_id=0x15b3, options=0x30000002, comp_mask=0x0}
ip-10-32-4-110:160575:160667 [0] NCCL INFO NET/IB : QP 0x7fd624fbf9c8 (qpn=0xBDFB) src UDP port set to 57804 (qIndex=3)
ip-10-32-4-110:160575:160667 [0] NCCL INFO NET/IB: ncclIbConnect isP2p=0
ip-10-32-4-110:160575:160667 [0] NCCL INFO NET/IB: ncclIbConnect Max Nqps=4, localNqps=4, remoteNqps=4
ip-10-32-4-110:160575:160667 [0] NCCL INFO NET/IB: NCCL Dev 0 IbDev 0 Port 1 qpn 48636 mtu 5 GID 3 (0/E627081AFFFF0000) fifoRkey=0x2230ea fifoLkey=0x2230ea
ip-10-32-4-110:160575:160667 [0] NCCL INFO NET/IB: IbDev 0 Port 1 qpn 48636 query_ece={supported=1, vendor_id=0x15b3, options=0x30000002, comp_mask=0x0}
ip-10-32-4-110:160575:160667 [0] NCCL INFO NET/IB: NCCL Dev 0 IbDev 0 Port 1 qpn 48637 mtu 5 GID 3 (0/E627081AFFFF0000) fifoRkey=0x2230ea fifoLkey=0x2230ea
ip-10-32-4-110:160575:160667 [0] NCCL INFO NET/IB: IbDev 0 Port 1 qpn 48637 query_ece={supported=1, vendor_id=0x15b3, options=0x30000002, comp_mask=0x0}
ip-10-32-4-110:160575:160667 [0] NCCL INFO NET/IB: NCCL Dev 0 IbDev 0 Port 1 qpn 48638 mtu 5 GID 3 (0/E627081AFFFF0000) fifoRkey=0x2230ea fifoLkey=0x2230ea
ip-10-32-4-110:160575:160667 [0] NCCL INFO NET/IB: IbDev 0 Port 1 qpn 48638 query_ece={supported=1, vendor_id=0x15b3, options=0x30000002, comp_mask=0x0}
ip-10-32-4-110:160575:160667 [0] NCCL INFO NET/IB: NCCL Dev 0 IbDev 0 Port 1 qpn 48639 mtu 5 GID 3 (0/E627081AFFFF0000) fifoRkey=0x2230ea fifoLkey=0x2230ea
ip-10-32-4-110:160575:160667 [0] NCCL INFO NET/IB: IbDev 0 Port 1 qpn 48639 query_ece={supported=1, vendor_id=0x15b3, options=0x30000002, comp_mask=0x0}
ip-10-32-4-110:160575:160667 [0] NCCL INFO NET/IB: ncclIbAccept Max Nqps=4, localNqps=4, remoteNqps=4
ip-10-32-4-110:160575:160667 [0] NCCL INFO NET/IB : QP 0x7fd6252e2bf8 (qpn=0xBE00) src UDP port set to 60000 (qIndex=0)
ip-10-32-4-110:160575:160667 [0] NCCL INFO NET/IB : QP 0x7fd6250957a8 (qpn=0xBE01) src UDP port set to 60051 (qIndex=1)
ip-10-32-4-110:160575:160667 [0] NCCL INFO NET/IB : QP 0x7fd625095b78 (qpn=0xBE02) src UDP port set to 57663 (qIndex=2)
ip-10-32-4-110:160575:160667 [0] NCCL INFO NET/IB : QP 0x7fd625061b28 (qpn=0xBE03) src UDP port set to 57804 (qIndex=3)
ip-10-32-4-110:160575:160667 [0] NCCL INFO NET/IB : QP 0x7fd625035ae8 (qpn=0xBE04) src UDP port set to 60000 (qIndex=-1)
ip-10-32-4-110:160575:160667 [0] NCCL INFO NET/IB: ncclIbConnect isP2p=0
ip-10-32-4-110:160575:160667 [0] NCCL INFO NET/IB: ncclIbConnect Max Nqps=4, localNqps=4, remoteNqps=4
ip-10-32-4-110:160575:160667 [0] NCCL INFO NET/IB: NCCL Dev 0 IbDev 0 Port 1 qpn 48645 mtu 5 GID 3 (0/E627081AFFFF0000) fifoRkey=0x20dfa9 fifoLkey=0x20dfa9
ip-10-32-4-110:160575:160667 [0] NCCL INFO NET/IB: IbDev 0 Port 1 qpn 48645 query_ece={supported=1, vendor_id=0x15b3, options=0x30000002, comp_mask=0x0}
ip-10-32-4-110:160575:160667 [0] NCCL INFO NET/IB: NCCL Dev 0 IbDev 0 Port 1 qpn 48646 mtu 5 GID 3 (0/E627081AFFFF0000) fifoRkey=0x20dfa9 fifoLkey=0x20dfa9
ip-10-32-4-110:160575:160667 [0] NCCL INFO NET/IB: IbDev 0 Port 1 qpn 48646 query_ece={supported=1, vendor_id=0x15b3, options=0x30000002, comp_mask=0x0}
ip-10-32-4-110:160575:160667 [0] NCCL INFO NET/IB: NCCL Dev 0 IbDev 0 Port 1 qpn 48647 mtu 5 GID 3 (0/E627081AFFFF0000) fifoRkey=0x20dfa9 fifoLkey=0x20dfa9
ip-10-32-4-110:160575:160667 [0] NCCL INFO NET/IB: IbDev 0 Port 1 qpn 48647 query_ece={supported=1, vendor_id=0x15b3, options=0x30000002, comp_mask=0x0}
ip-10-32-4-110:160575:160667 [0] NCCL INFO NET/IB: NCCL Dev 0 IbDev 0 Port 1 qpn 48648 mtu 5 GID 3 (0/E627081AFFFF0000) fifoRkey=0x20dfa9 fifoLkey=0x20dfa9
ip-10-32-4-110:160575:160667 [0] NCCL INFO NET/IB: IbDev 0 Port 1 qpn 48648 query_ece={supported=1, vendor_id=0x15b3, options=0x30000002, comp_mask=0x0}
ip-10-32-4-110:160575:160667 [0] NCCL INFO NET/IB: ncclIbAccept Max Nqps=4, localNqps=4, remoteNqps=4
ip-10-32-4-110:160575:160667 [0] NCCL INFO NET/IB : QP 0x7fd624abdbc8 (qpn=0xBE09) src UDP port set to 60000 (qIndex=0)
ip-10-32-4-110:160575:160667 [0] NCCL INFO NET/IB : QP 0x7fd625214928 (qpn=0xBE0A) src UDP port set to 60051 (qIndex=1)
ip-10-32-4-110:160575:160667 [0] NCCL INFO NET/IB : QP 0x7fd6251e48e8 (qpn=0xBE0B) src UDP port set to 57663 (qIndex=2)
ip-10-32-4-110:160575:160667 [0] NCCL INFO NET/IB : QP 0x7fd624f198e8 (qpn=0xBE0C) src UDP port set to 57804 (qIndex=3)
ip-10-32-4-110:160575:160667 [0] NCCL INFO NET/IB : QP 0x7fd624a8f8e8 (qpn=0xBE0D) src UDP port set to 60000 (qIndex=-1)
ip-10-32-4-110:160575:160667 [0] NCCL INFO NET/IB: ncclIbConnect isP2p=0
ip-10-32-4-110:160575:160667 [0] NCCL INFO NET/IB: ncclIbConnect Max Nqps=4, localNqps=4, remoteNqps=4
ip-10-32-4-110:160575:160667 [0] NCCL INFO NET/IB: NCCL Dev 0 IbDev 0 Port 1 qpn 48654 mtu 5 GID 3 (0/E627081AFFFF0000) fifoRkey=0x222ce6 fifoLkey=0x222ce6
ip-10-32-4-110:160575:160667 [0] NCCL INFO NET/IB: IbDev 0 Port 1 qpn 48654 query_ece={supported=1, vendor_id=0x15b3, options=0x30000002, comp_mask=0x0}
ip-10-32-4-110:160575:160667 [0] NCCL INFO NET/IB: NCCL Dev 0 IbDev 0 Port 1 qpn 48655 mtu 5 GID 3 (0/E627081AFFFF0000) fifoRkey=0x222ce6 fifoLkey=0x222ce6
ip-10-32-4-110:160575:160667 [0] NCCL INFO NET/IB: IbDev 0 Port 1 qpn 48655 query_ece={supported=1, vendor_id=0x15b3, options=0x30000002, comp_mask=0x0}
ip-10-32-4-110:160575:160667 [0] NCCL INFO NET/IB: NCCL Dev 0 IbDev 0 Port 1 qpn 48656 mtu 5 GID 3 (0/E627081AFFFF0000) fifoRkey=0x222ce6 fifoLkey=0x222ce6
ip-10-32-4-110:160575:160667 [0] NCCL INFO NET/IB: IbDev 0 Port 1 qpn 48656 query_ece={supported=1, vendor_id=0x15b3, options=0x30000002, comp_mask=0x0}
ip-10-32-4-110:160575:160667 [0] NCCL INFO NET/IB: NCCL Dev 0 IbDev 0 Port 1 qpn 48657 mtu 5 GID 3 (0/E627081AFFFF0000) fifoRkey=0x222ce6 fifoLkey=0x222ce6
ip-10-32-4-110:160575:160667 [0] NCCL INFO NET/IB: IbDev 0 Port 1 qpn 48657 query_ece={supported=1, vendor_id=0x15b3, options=0x30000002, comp_mask=0x0}
ip-10-32-4-110:160575:160667 [0] NCCL INFO NET/IB: ncclIbAccept Max Nqps=4, localNqps=4, remoteNqps=4
ip-10-32-4-110:160575:160667 [0] NCCL INFO NET/IB : QP 0x7fd62541f8c8 (qpn=0xBE12) src UDP port set to 60000 (qIndex=0)
ip-10-32-4-110:160575:160667 [0] NCCL INFO NET/IB : QP 0x7fd6253cb8c8 (qpn=0xBE13) src UDP port set to 60051 (qIndex=1)
ip-10-32-4-110:160575:160667 [0] NCCL INFO NET/IB : QP 0x7fd62561d8c8 (qpn=0xBE14) src UDP port set to 57663 (qIndex=2)
ip-10-32-4-110:160575:160667 [0] NCCL INFO NET/IB : QP 0x7fd6256dc8c8 (qpn=0xBE15) src UDP port set to 57804 (qIndex=3)
ip-10-32-4-110:160575:160667 [0] NCCL INFO NET/IB : QP 0x7fd62579b8c8 (qpn=0xBE16) src UDP port set to 60000 (qIndex=-1)
ip-10-32-4-110:160575:160667 [0] NCCL INFO NET/IB: ncclIbConnect isP2p=0
ip-10-32-4-110:160575:160667 [0] NCCL INFO NET/IB: ncclIbConnect Max Nqps=4, localNqps=4, remoteNqps=4
ip-10-32-4-110:160575:160667 [0] NCCL INFO NET/IB: NCCL Dev 0 IbDev 0 Port 1 qpn 48663 mtu 5 GID 3 (0/E627081AFFFF0000) fifoRkey=0x222fe9 fifoLkey=0x222fe9
ip-10-32-4-110:160575:160667 [0] NCCL INFO NET/IB: IbDev 0 Port 1 qpn 48663 query_ece={supported=1, vendor_id=0x15b3, options=0x30000002, comp_mask=0x0}
ip-10-32-4-110:160575:160667 [0] NCCL INFO NET/IB: NCCL Dev 0 IbDev 0 Port 1 qpn 48664 mtu 5 GID 3 (0/E627081AFFFF0000) fifoRkey=0x222fe9 fifoLkey=0x222fe9
ip-10-32-4-110:160575:160667 [0] NCCL INFO NET/IB: IbDev 0 Port 1 qpn 48664 query_ece={supported=1, vendor_id=0x15b3, options=0x30000002, comp_mask=0x0}
ip-10-32-4-110:160575:160667 [0] NCCL INFO NET/IB: NCCL Dev 0 IbDev 0 Port 1 qpn 48665 mtu 5 GID 3 (0/E627081AFFFF0000) fifoRkey=0x222fe9 fifoLkey=0x222fe9
ip-10-32-4-110:160575:160667 [0] NCCL INFO NET/IB: IbDev 0 Port 1 qpn 48665 query_ece={supported=1, vendor_id=0x15b3, options=0x30000002, comp_mask=0x0}
ip-10-32-4-110:160575:160667 [0] NCCL INFO NET/IB: NCCL Dev 0 IbDev 0 Port 1 qpn 48666 mtu 5 GID 3 (0/E627081AFFFF0000) fifoRkey=0x222fe9 fifoLkey=0x222fe9
ip-10-32-4-110:160575:160667 [0] NCCL INFO NET/IB: IbDev 0 Port 1 qpn 48666 query_ece={supported=1, vendor_id=0x15b3, options=0x30000002, comp_mask=0x0}
ip-10-32-4-110:160575:160667 [0] NCCL INFO NET/IB: ncclIbAccept Max Nqps=4, localNqps=4, remoteNqps=4
ip-10-32-4-110:160575:160667 [0] NCCL INFO NET/IB : QP 0x7fd62583b898 (qpn=0xBE1B) src UDP port set to 60000 (qIndex=0)
ip-10-32-4-110:160575:160667 [0] NCCL INFO NET/IB : QP 0x7fd625377898 (qpn=0xBE1C) src UDP port set to 60051 (qIndex=1)
ip-10-32-4-110:160575:160667 [0] NCCL INFO NET/IB : QP 0x7fd62596d898 (qpn=0xBE1D) src UDP port set to 57663 (qIndex=2)
ip-10-32-4-110:160575:160667 [0] NCCL INFO NET/IB : QP 0x7fd624f1a868 (qpn=0xBE1E) src UDP port set to 57804 (qIndex=3)
ip-10-32-4-110:160575:160667 [0] NCCL INFO NET/IB : QP 0x7fd6250f3868 (qpn=0xBE1F) src UDP port set to 60000 (qIndex=-1)
ip-10-32-4-110:160575:160667 [0] NCCL INFO NET/IB: ncclIbConnect isP2p=0
ip-10-32-4-110:160575:160667 [0] NCCL INFO NET/IB: ncclIbConnect Max Nqps=4, localNqps=4, remoteNqps=4
ip-10-32-4-110:160575:160667 [0] NCCL INFO NET/IB: NCCL Dev 0 IbDev 0 Port 1 qpn 48672 mtu 5 GID 3 (0/E627081AFFFF0000) fifoRkey=0x225d59 fifoLkey=0x225d59
ip-10-32-4-110:160575:160667 [0] NCCL INFO NET/IB: IbDev 0 Port 1 qpn 48672 query_ece={supported=1, vendor_id=0x15b3, options=0x30000002, comp_mask=0x0}
ip-10-32-4-110:160575:160667 [0] NCCL INFO NET/IB: NCCL Dev 0 IbDev 0 Port 1 qpn 48673 mtu 5 GID 3 (0/E627081AFFFF0000) fifoRkey=0x225d59 fifoLkey=0x225d59
ip-10-32-4-110:160575:160667 [0] NCCL INFO NET/IB: IbDev 0 Port 1 qpn 48673 query_ece={supported=1, vendor_id=0x15b3, options=0x30000002, comp_mask=0x0}
ip-10-32-4-110:160575:160667 [0] NCCL INFO NET/IB: NCCL Dev 0 IbDev 0 Port 1 qpn 48674 mtu 5 GID 3 (0/E627081AFFFF0000) fifoRkey=0x225d59 fifoLkey=0x225d59
ip-10-32-4-110:160575:160667 [0] NCCL INFO NET/IB: IbDev 0 Port 1 qpn 48674 query_ece={supported=1, vendor_id=0x15b3, options=0x30000002, comp_mask=0x0}
ip-10-32-4-110:160575:160667 [0] NCCL INFO NET/IB: NCCL Dev 0 IbDev 0 Port 1 qpn 48675 mtu 5 GID 3 (0/E627081AFFFF0000) fifoRkey=0x225d59 fifoLkey=0x225d59
ip-10-32-4-110:160575:160667 [0] NCCL INFO NET/IB: IbDev 0 Port 1 qpn 48675 query_ece={supported=1, vendor_id=0x15b3, options=0x30000002, comp_mask=0x0}
ip-10-32-4-110:160575:160667 [0] NCCL INFO NET/IB: ncclIbAccept Max Nqps=4, localNqps=4, remoteNqps=4
ip-10-32-4-110:160575:160667 [0] NCCL INFO NET/IB : QP 0x7fd625443c38 (qpn=0xBE24) src UDP port set to 60000 (qIndex=0)
ip-10-32-4-110:160575:160667 [0] NCCL INFO NET/IB : QP 0x7fd625121868 (qpn=0xBE25) src UDP port set to 60051 (qIndex=1)
ip-10-32-4-110:160575:160667 [0] NCCL INFO NET/IB : QP 0x7fd625121c38 (qpn=0xBE26) src UDP port set to 57663 (qIndex=2)
ip-10-32-4-110:160575:160667 [0] NCCL INFO NET/IB : QP 0x7fd625b6b898 (qpn=0xBE27) src UDP port set to 57804 (qIndex=3)
ip-10-32-4-110:160575:160667 [0] NCCL INFO NET/IB : QP 0x7fd625153868 (qpn=0xBE28) src UDP port set to 60000 (qIndex=-1)
ip-10-32-4-110:160575:160667 [0] NCCL INFO NET/IB: ncclIbAccept Max Nqps=4, localNqps=4, remoteNqps=4
ip-10-32-4-110:160575:160667 [0] NCCL INFO NET/IB : QP 0x7fd625181868 (qpn=0xBE29) src UDP port set to 60000 (qIndex=0)
ip-10-32-4-110:160575:160667 [0] NCCL INFO NET/IB : QP 0x7fd625c15898 (qpn=0xBE2A) src UDP port set to 60051 (qIndex=1)
ip-10-32-4-110:160575:160667 [0] NCCL INFO NET/IB : QP 0x7fd624a90868 (qpn=0xBE2B) src UDP port set to 57663 (qIndex=2)
ip-10-32-4-110:160575:160667 [0] NCCL INFO NET/IB : QP 0x7fd624a90c38 (qpn=0xBE2C) src UDP port set to 57804 (qIndex=3)
ip-10-32-4-110:160575:160667 [0] NCCL INFO NET/IB : QP 0x7fd625c39868 (qpn=0xBE2D) src UDP port set to 60000 (qIndex=-1)
ip-10-32-4-110:160575:160667 [0] NCCL INFO NET/IB: IbDev 0 Port 1 qpn 48636 set_ece={supported=1, vendor_id=0x15b3, options=0x30000002, comp_mask=0x0}
ip-10-32-4-110:160575:160667 [0] NCCL INFO NET/IB : QP 0x7fd6250953d8 (qpn=0xBDFC) src UDP port set to 60000 (qIndex=0)
ip-10-32-4-110:160575:160667 [0] NCCL INFO NET/IB: IbDev 0 Port 1 qpn 48637 set_ece={supported=1, vendor_id=0x15b3, options=0x30000002, comp_mask=0x0}
ip-10-32-4-110:160575:160667 [0] NCCL INFO NET/IB : QP 0x7fd625093ba8 (qpn=0xBDFD) src UDP port set to 60051 (qIndex=1)
ip-10-32-4-110:160575:160667 [0] NCCL INFO NET/IB: IbDev 0 Port 1 qpn 48638 set_ece={supported=1, vendor_id=0x15b3, options=0x30000002, comp_mask=0x0}
ip-10-32-4-110:160575:160667 [0] NCCL INFO NET/IB : QP 0x7fd625063b68 (qpn=0xBDFE) src UDP port set to 57663 (qIndex=2)
ip-10-32-4-110:160575:160667 [0] NCCL INFO NET/IB: IbDev 0 Port 1 qpn 48639 set_ece={supported=1, vendor_id=0x15b3, options=0x30000002, comp_mask=0x0}
ip-10-32-4-110:160575:160667 [0] NCCL INFO NET/IB : QP 0x7fd6252b8b88 (qpn=0xBDFF) src UDP port set to 57804 (qIndex=3)
ip-10-32-4-110:160575:160667 [0] NCCL INFO NET/IB: IbDev 0 Port 1 qpn 48645 set_ece={supported=1, vendor_id=0x15b3, options=0x30000002, comp_mask=0x0}
ip-10-32-4-110:160575:160667 [0] NCCL INFO NET/IB : QP 0x7fd62528eb18 (qpn=0xBE05) src UDP port set to 60000 (qIndex=0)
ip-10-32-4-110:160575:160667 [0] NCCL INFO NET/IB: IbDev 0 Port 1 qpn 48646 set_ece={supported=1, vendor_id=0x15b3, options=0x30000002, comp_mask=0x0}
ip-10-32-4-110:160575:160667 [0] NCCL INFO NET/IB : QP 0x7fd625013aa8 (qpn=0xBE06) src UDP port set to 60051 (qIndex=1)
ip-10-32-4-110:160575:160667 [0] NCCL INFO NET/IB: IbDev 0 Port 1 qpn 48647 set_ece={supported=1, vendor_id=0x15b3, options=0x30000002, comp_mask=0x0}
ip-10-32-4-110:160575:160667 [0] NCCL INFO NET/IB : QP 0x7fd625243a68 (qpn=0xBE07) src UDP port set to 57663 (qIndex=2)
ip-10-32-4-110:160575:160667 [0] NCCL INFO NET/IB: IbDev 0 Port 1 qpn 48648 set_ece={supported=1, vendor_id=0x15b3, options=0x30000002, comp_mask=0x0}
ip-10-32-4-110:160575:160667 [0] NCCL INFO NET/IB : QP 0x7fd625217a28 (qpn=0xBE08) src UDP port set to 57804 (qIndex=3)
ip-10-32-4-110:160575:160667 [0] NCCL INFO NET/IB: IbDev 0 Port 1 qpn 48654 set_ece={supported=1, vendor_id=0x15b3, options=0x30000002, comp_mask=0x0}
ip-10-32-4-110:160575:160667 [0] NCCL INFO NET/IB : QP 0x7fd624e048e8 (qpn=0xBE0E) src UDP port set to 60000 (qIndex=0)
ip-10-32-4-110:160575:160667 [0] NCCL INFO NET/IB: IbDev 0 Port 1 qpn 48655 set_ece={supported=1, vendor_id=0x15b3, options=0x30000002, comp_mask=0x0}
ip-10-32-4-110:160575:160667 [0] NCCL INFO NET/IB : QP 0x7fd6254b68c8 (qpn=0xBE0F) src UDP port set to 60051 (qIndex=1)
ip-10-32-4-110:160575:160667 [0] NCCL INFO NET/IB: IbDev 0 Port 1 qpn 48656 set_ece={supported=1, vendor_id=0x15b3, options=0x30000002, comp_mask=0x0}
ip-10-32-4-110:160575:160667 [0] NCCL INFO NET/IB : QP 0x7fd62550a8c8 (qpn=0xBE10) src UDP port set to 57663 (qIndex=2)
ip-10-32-4-110:160575:160667 [0] NCCL INFO NET/IB: IbDev 0 Port 1 qpn 48657 set_ece={supported=1, vendor_id=0x15b3, options=0x30000002, comp_mask=0x0}
ip-10-32-4-110:160575:160667 [0] NCCL INFO NET/IB : QP 0x7fd6255c98c8 (qpn=0xBE11) src UDP port set to 57804 (qIndex=3)
ip-10-32-4-110:160575:160667 [0] NCCL INFO NET/IB: IbDev 0 Port 1 qpn 48663 set_ece={supported=1, vendor_id=0x15b3, options=0x30000002, comp_mask=0x0}
ip-10-32-4-110:160575:160667 [0] NCCL INFO NET/IB : QP 0x7fd624f4a8a8 (qpn=0xBE17) src UDP port set to 60000 (qIndex=0)
ip-10-32-4-110:160575:160667 [0] NCCL INFO NET/IB: IbDev 0 Port 1 qpn 48664 set_ece={supported=1, vendor_id=0x15b3, options=0x30000002, comp_mask=0x0}
ip-10-32-4-110:160575:160667 [0] NCCL INFO NET/IB : QP 0x7fd625688898 (qpn=0xBE18) src UDP port set to 60051 (qIndex=1)
ip-10-32-4-110:160575:160667 [0] NCCL INFO NET/IB: IbDev 0 Port 1 qpn 48665 set_ece={supported=1, vendor_id=0x15b3, options=0x30000002, comp_mask=0x0}
ip-10-32-4-110:160575:160667 [0] NCCL INFO NET/IB : QP 0x7fd625728898 (qpn=0xBE19) src UDP port set to 57663 (qIndex=2)
ip-10-32-4-110:160575:160667 [0] NCCL INFO NET/IB: IbDev 0 Port 1 qpn 48666 set_ece={supported=1, vendor_id=0x15b3, options=0x30000002, comp_mask=0x0}
ip-10-32-4-110:160575:160667 [0] NCCL INFO NET/IB : QP 0x7fd625575898 (qpn=0xBE1A) src UDP port set to 57804 (qIndex=3)
ip-10-32-4-110:160575:160667 [0] NCCL INFO NET/IB: IbDev 0 Port 1 qpn 48672 set_ece={supported=1, vendor_id=0x15b3, options=0x30000002, comp_mask=0x0}
ip-10-32-4-110:160575:160667 [0] NCCL INFO NET/IB : QP 0x7fd624f1ac38 (qpn=0xBE20) src UDP port set to 60000 (qIndex=0)
ip-10-32-4-110:160575:160667 [0] NCCL INFO NET/IB: IbDev 0 Port 1 qpn 48673 set_ece={supported=1, vendor_id=0x15b3, options=0x30000002, comp_mask=0x0}
ip-10-32-4-110:160575:160667 [0] NCCL INFO NET/IB : QP 0x7fd625a37898 (qpn=0xBE21) src UDP port set to 60051 (qIndex=1)
ip-10-32-4-110:160575:160667 [0] NCCL INFO NET/IB: IbDev 0 Port 1 qpn 48674 set_ece={supported=1, vendor_id=0x15b3, options=0x30000002, comp_mask=0x0}
ip-10-32-4-110:160575:160667 [0] NCCL INFO NET/IB : QP 0x7fd625a82898 (qpn=0xBE22) src UDP port set to 57663 (qIndex=2)
ip-10-32-4-110:160575:160667 [0] NCCL INFO NET/IB: IbDev 0 Port 1 qpn 48675 set_ece={supported=1, vendor_id=0x15b3, options=0x30000002, comp_mask=0x0}
ip-10-32-4-110:160575:160667 [0] NCCL INFO NET/IB : QP 0x7fd625443868 (qpn=0xBE23) src UDP port set to 57804 (qIndex=3)
ip-10-32-4-110:160575:160613 [0] NCCL INFO Connected all trees
ip-10-32-4-110:160575:160613 [0] NCCL INFO threadThresholds 8/8/64 | 128/8/64 | 256 | 256
ip-10-32-4-110:160575:160613 [0] NCCL INFO comm:0x7fe0b2705010, nRanks:16, nNodes:2, coll channels:32 collnet channels:32, nvls channels:0, p2p channels:32, p2p channels per peer:2
ip-10-32-4-110:160575:160613 [0] NCCL INFO CC Off, workFifoBytes 4194304
ip-10-32-4-110:160575:160613 [0] NCCL INFO RCCL Unroll Factor (pre-set): 4
ip-10-32-4-110:160575:160613 [0] NCCL INFO TUNER/Plugin: Could not find: libnccl-tuner.so. Using internal tuner plugin.
ip-10-32-4-110:160575:160613 [0] NCCL INFO ncclCommInitRank_impl comm 0x7fe0b2705010 rank 0 nranks 16 cudaDev 0 nvmlDev 0 busId 5000 commId 0x65d0db750c806e9 - Init COMPLETE
ip-10-32-4-110:160575:160613 [0] NCCL INFO Init timings - ncclCommInitRank_impl: rank 0 nranks 16 total 2.04 (kernels 0.08, alloc 0.16, bootstrap 0.23, allgathers 0.02, topo 0.98, graphs 0.08, connections 0.49, rest 0.00)
#
#                                                              out-of-place                       in-place          
#       size         count      type   redop    root     time   algbw   busbw #wrong     time   algbw   busbw #wrong                               
#        (B)    (elements)                               (us)  (GB/s)  (GB/s)            (us)  (GB/s)  (GB/s)                                      
ip-10-32-4-110:160575:160686 [0] NCCL INFO GPU Direct RDMA Enabled for GPU 0 / HCA 0 (distance 4 <= 5), read 0 mode Default
ip-10-32-4-110:160575:160667 [0] NCCL INFO New proxy recv connection 144 from local rank 0, transport 2
ip-10-32-4-110:160575:160686 [0] NCCL INFO Connected to proxy localRank 0 -> connection 0x7fd624a5af40
ip-10-32-4-110:160575:160686 [0] NCCL INFO Channel 04/1 : 15[7] -> 0[0] [receive] via NET/IB/0/GDRDMA/Shared comm 0x7fe0b2705010 nRanks 16
ip-10-32-4-110:160575:160686 [0] NCCL INFO GPU Direct RDMA Enabled for GPU 0 / HCA 0 (distance 4 <= 5), read 0 mode Default
ip-10-32-4-110:160575:160667 [0] NCCL INFO New proxy recv connection 145 from local rank 0, transport 2
ip-10-32-4-110:160575:160686 [0] NCCL INFO Connected to proxy localRank 0 -> connection 0x7fd624a5afd0
ip-10-32-4-110:160575:160686 [0] NCCL INFO Channel 20/1 : 15[7] -> 0[0] [receive] via NET/IB/0/GDRDMA/Shared comm 0x7fe0b2705010 nRanks 16
ip-10-32-4-110:160575:160686 [0] NCCL INFO Channel 00/1 : 0[5000] -> 1[2b000] via P2P/IPC comm 0x7fe0b2705010 nRanks 16
ip-10-32-4-110:160575:160667 [0] NCCL INFO New proxy send connection 146 from local rank 0, transport 0
ip-10-32-4-110:160575:160686 [0] NCCL INFO Connected to proxy localRank 0 -> connection 0x7fd624a5b060
ip-10-32-4-110:160575:160686 [0] NCCL INFO Channel 16/1 : 0[5000] -> 1[2b000] via P2P/IPC comm 0x7fe0b2705010 nRanks 16
ip-10-32-4-110:160575:160667 [0] NCCL INFO New proxy send connection 147 from local rank 0, transport 0
ip-10-32-4-110:160575:160686 [0] NCCL INFO Connected to proxy localRank 0 -> connection 0x7fd624a5b0f0
ip-10-32-4-110:160575:160686 [0] NCCL INFO GPU Direct RDMA Enabled for GPU 0 / HCA 0 (distance 4 <= 5), read 0 mode Default
ip-10-32-4-110:160575:160667 [0] NCCL INFO New proxy recv connection 148 from local rank 0, transport 2
ip-10-32-4-110:160575:160686 [0] NCCL INFO Connected to proxy localRank 0 -> connection 0x7fd624a5b180
ip-10-32-4-110:160575:160686 [0] NCCL INFO Channel 06/1 : 14[6] -> 0[0] [receive] via NET/IB/0/GDRDMA/Shared comm 0x7fe0b2705010 nRanks 16
ip-10-32-4-110:160575:160686 [0] NCCL INFO GPU Direct RDMA Enabled for GPU 0 / HCA 0 (distance 4 <= 5), read 0 mode Default
ip-10-32-4-110:160575:160667 [0] NCCL INFO New proxy recv connection 149 from local rank 0, transport 2
ip-10-32-4-110:160575:160686 [0] NCCL INFO Connected to proxy localRank 0 -> connection 0x7fd624a5b210
ip-10-32-4-110:160575:160686 [0] NCCL INFO Channel 22/1 : 14[6] -> 0[0] [receive] via NET/IB/0/GDRDMA/Shared comm 0x7fe0b2705010 nRanks 16
ip-10-32-4-110:160575:160686 [0] NCCL INFO Channel 02/1 : 0[5000] -> 2[14000] via P2P/IPC comm 0x7fe0b2705010 nRanks 16
ip-10-32-4-110:160575:160667 [0] NCCL INFO New proxy send connection 150 from local rank 0, transport 0
ip-10-32-4-110:160575:160686 [0] NCCL INFO Connected to proxy localRank 0 -> connection 0x7fd624a5b2a0
ip-10-32-4-110:160575:160686 [0] NCCL INFO Channel 18/1 : 0[5000] -> 2[14000] via P2P/IPC comm 0x7fe0b2705010 nRanks 16
ip-10-32-4-110:160575:160667 [0] NCCL INFO New proxy send connection 151 from local rank 0, transport 0
ip-10-32-4-110:160575:160686 [0] NCCL INFO Connected to proxy localRank 0 -> connection 0x7fd624a5b330
ip-10-32-4-110:160575:160686 [0] NCCL INFO GPU Direct RDMA Enabled for GPU 0 / HCA 0 (distance 4 <= 5), read 0 mode Default
ip-10-32-4-110:160575:160667 [0] NCCL INFO New proxy recv connection 152 from local rank 0, transport 2
ip-10-32-4-110:160575:160686 [0] NCCL INFO Connected to proxy localRank 0 -> connection 0x7fd624a5b3c0
ip-10-32-4-110:160575:160686 [0] NCCL INFO Channel 05/1 : 13[5] -> 0[0] [receive] via NET/IB/0/GDRDMA/Shared comm 0x7fe0b2705010 nRanks 16
ip-10-32-4-110:160575:160686 [0] NCCL INFO GPU Direct RDMA Enabled for GPU 0 / HCA 0 (distance 4 <= 5), read 0 mode Default
ip-10-32-4-110:160575:160667 [0] NCCL INFO New proxy recv connection 153 from local rank 0, transport 2
ip-10-32-4-110:160575:160686 [0] NCCL INFO Connected to proxy localRank 0 -> connection 0x7fd624a5b450
ip-10-32-4-110:160575:160686 [0] NCCL INFO Channel 21/1 : 13[5] -> 0[0] [receive] via NET/IB/0/GDRDMA/Shared comm 0x7fe0b2705010 nRanks 16
ip-10-32-4-110:160575:160686 [0] NCCL INFO Channel 01/1 : 0[5000] -> 3[1c000] via P2P/IPC comm 0x7fe0b2705010 nRanks 16
ip-10-32-4-110:160575:160667 [0] NCCL INFO New proxy send connection 154 from local rank 0, transport 0
ip-10-32-4-110:160575:160686 [0] NCCL INFO Connected to proxy localRank 0 -> connection 0x7fd624a5b4e0
ip-10-32-4-110:160575:160686 [0] NCCL INFO Channel 17/1 : 0[5000] -> 3[1c000] via P2P/IPC comm 0x7fe0b2705010 nRanks 16
ip-10-32-4-110:160575:160667 [0] NCCL INFO New proxy send connection 155 from local rank 0, transport 0
ip-10-32-4-110:160575:160686 [0] NCCL INFO Connected to proxy localRank 0 -> connection 0x7fd624a5b570
ip-10-32-4-110:160575:160686 [0] NCCL INFO GPU Direct RDMA Enabled for GPU 0 / HCA 0 (distance 4 <= 5), read 0 mode Default
ip-10-32-4-110:160575:160667 [0] NCCL INFO New proxy recv connection 156 from local rank 0, transport 2
ip-10-32-4-110:160575:160686 [0] NCCL INFO Connected to proxy localRank 0 -> connection 0x7fd624a5b600
ip-10-32-4-110:160575:160686 [0] NCCL INFO Channel 07/1 : 12[4] -> 0[0] [receive] via NET/IB/0/GDRDMA/Shared comm 0x7fe0b2705010 nRanks 16
ip-10-32-4-110:160575:160686 [0] NCCL INFO GPU Direct RDMA Enabled for GPU 0 / HCA 0 (distance 4 <= 5), read 0 mode Default
ip-10-32-4-110:160575:160667 [0] NCCL INFO New proxy recv connection 157 from local rank 0, transport 2
ip-10-32-4-110:160575:160686 [0] NCCL INFO Connected to proxy localRank 0 -> connection 0x7fd624a5b690
ip-10-32-4-110:160575:160686 [0] NCCL INFO Channel 23/1 : 12[4] -> 0[0] [receive] via NET/IB/0/GDRDMA/Shared comm 0x7fe0b2705010 nRanks 16
ip-10-32-4-110:160575:160686 [0] NCCL INFO Channel 03/1 : 0[5000] -> 4[86000] via P2P/IPC comm 0x7fe0b2705010 nRanks 16
ip-10-32-4-110:160575:160667 [0] NCCL INFO New proxy send connection 158 from local rank 0, transport 0
ip-10-32-4-110:160575:160686 [0] NCCL INFO Connected to proxy localRank 0 -> connection 0x7fd624a5b720
ip-10-32-4-110:160575:160686 [0] NCCL INFO Channel 19/1 : 0[5000] -> 4[86000] via P2P/IPC comm 0x7fe0b2705010 nRanks 16
ip-10-32-4-110:160575:160667 [0] NCCL INFO New proxy send connection 159 from local rank 0, transport 0
ip-10-32-4-110:160575:160686 [0] NCCL INFO Connected to proxy localRank 0 -> connection 0x7fd624a5b7b0
ip-10-32-4-110:160575:160686 [0] NCCL INFO GPU Direct RDMA Enabled for GPU 0 / HCA 0 (distance 4 <= 5), read 0 mode Default
ip-10-32-4-110:160575:160667 [0] NCCL INFO New proxy recv connection 160 from local rank 0, transport 2
ip-10-32-4-110:160575:160686 [0] NCCL INFO Connected to proxy localRank 0 -> connection 0x7fd624a5b840
ip-10-32-4-110:160575:160686 [0] NCCL INFO Channel 07/1 : 11[3] -> 0[0] [receive] via NET/IB/0/GDRDMA/Shared comm 0x7fe0b2705010 nRanks 16
ip-10-32-4-110:160575:160686 [0] NCCL INFO GPU Direct RDMA Enabled for GPU 0 / HCA 0 (distance 4 <= 5), read 0 mode Default
ip-10-32-4-110:160575:160667 [0] NCCL INFO New proxy recv connection 161 from local rank 0, transport 2
ip-10-32-4-110:160575:160686 [0] NCCL INFO Connected to proxy localRank 0 -> connection 0x7fd624a5b8d0
ip-10-32-4-110:160575:160686 [0] NCCL INFO Channel 23/1 : 11[3] -> 0[0] [receive] via NET/IB/0/GDRDMA/Shared comm 0x7fe0b2705010 nRanks 16
ip-10-32-4-110:160575:160686 [0] NCCL INFO Channel 03/1 : 0[5000] -> 5[b8000] via P2P/IPC comm 0x7fe0b2705010 nRanks 16
ip-10-32-4-110:160575:160667 [0] NCCL INFO New proxy send connection 162 from local rank 0, transport 0
ip-10-32-4-110:160575:160686 [0] NCCL INFO Connected to proxy localRank 0 -> connection 0x7fd624a5b960
ip-10-32-4-110:160575:160686 [0] NCCL INFO Channel 19/1 : 0[5000] -> 5[b8000] via P2P/IPC comm 0x7fe0b2705010 nRanks 16
ip-10-32-4-110:160575:160667 [0] NCCL INFO New proxy send connection 163 from local rank 0, transport 0
ip-10-32-4-110:160575:160686 [0] NCCL INFO Connected to proxy localRank 0 -> connection 0x7fd624a5b9f0
ip-10-32-4-110:160575:160686 [0] NCCL INFO GPU Direct RDMA Enabled for GPU 0 / HCA 0 (distance 4 <= 5), read 0 mode Default
ip-10-32-4-110:160575:160667 [0] NCCL INFO New proxy recv connection 164 from local rank 0, transport 2
ip-10-32-4-110:160575:160686 [0] NCCL INFO Connected to proxy localRank 0 -> connection 0x7fd624a5ba80
ip-10-32-4-110:160575:160686 [0] NCCL INFO Channel 05/1 : 10[2] -> 0[0] [receive] via NET/IB/0/GDRDMA/Shared comm 0x7fe0b2705010 nRanks 16
ip-10-32-4-110:160575:160686 [0] NCCL INFO GPU Direct RDMA Enabled for GPU 0 / HCA 0 (distance 4 <= 5), read 0 mode Default
ip-10-32-4-110:160575:160667 [0] NCCL INFO New proxy recv connection 165 from local rank 0, transport 2
ip-10-32-4-110:160575:160686 [0] NCCL INFO Connected to proxy localRank 0 -> connection 0x7fd624a5bb10
ip-10-32-4-110:160575:160686 [0] NCCL INFO Channel 21/1 : 10[2] -> 0[0] [receive] via NET/IB/0/GDRDMA/Shared comm 0x7fe0b2705010 nRanks 16
ip-10-32-4-110:160575:160686 [0] NCCL INFO Channel 01/1 : 0[5000] -> 6[bf000] via P2P/IPC comm 0x7fe0b2705010 nRanks 16
ip-10-32-4-110:160575:160667 [0] NCCL INFO New proxy send connection 166 from local rank 0, transport 0
ip-10-32-4-110:160575:160686 [0] NCCL INFO Connected to proxy localRank 0 -> connection 0x7fd624a5bba0
ip-10-32-4-110:160575:160686 [0] NCCL INFO Channel 17/1 : 0[5000] -> 6[bf000] via P2P/IPC comm 0x7fe0b2705010 nRanks 16
ip-10-32-4-110:160575:160667 [0] NCCL INFO New proxy send connection 167 from local rank 0, transport 0
ip-10-32-4-110:160575:160686 [0] NCCL INFO Connected to proxy localRank 0 -> connection 0x7fd624a5bc30
ip-10-32-4-110:160575:160686 [0] NCCL INFO GPU Direct RDMA Enabled for GPU 0 / HCA 0 (distance 4 <= 5), read 0 mode Default
ip-10-32-4-110:160575:160667 [0] NCCL INFO New proxy recv connection 168 from local rank 0, transport 2
ip-10-32-4-110:160575:160686 [0] NCCL INFO Connected to proxy localRank 0 -> connection 0x7fd624a5bcc0
ip-10-32-4-110:160575:160686 [0] NCCL INFO Channel 06/1 : 9[1] -> 0[0] [receive] via NET/IB/0/GDRDMA/Shared comm 0x7fe0b2705010 nRanks 16
ip-10-32-4-110:160575:160686 [0] NCCL INFO GPU Direct RDMA Enabled for GPU 0 / HCA 0 (distance 4 <= 5), read 0 mode Default
ip-10-32-4-110:160575:160667 [0] NCCL INFO New proxy recv connection 169 from local rank 0, transport 2
ip-10-32-4-110:160575:160686 [0] NCCL INFO Connected to proxy localRank 0 -> connection 0x7fd624a5bd50
ip-10-32-4-110:160575:160686 [0] NCCL INFO Channel 22/1 : 9[1] -> 0[0] [receive] via NET/IB/0/GDRDMA/Shared comm 0x7fe0b2705010 nRanks 16
ip-10-32-4-110:160575:160686 [0] NCCL INFO Channel 02/1 : 0[5000] -> 7[9e000] via P2P/IPC comm 0x7fe0b2705010 nRanks 16
ip-10-32-4-110:160575:160667 [0] NCCL INFO New proxy send connection 170 from local rank 0, transport 0
ip-10-32-4-110:160575:160686 [0] NCCL INFO Connected to proxy localRank 0 -> connection 0x7fd624a5bde0
ip-10-32-4-110:160575:160686 [0] NCCL INFO Channel 18/1 : 0[5000] -> 7[9e000] via P2P/IPC comm 0x7fe0b2705010 nRanks 16
ip-10-32-4-110:160575:160667 [0] NCCL INFO New proxy send connection 171 from local rank 0, transport 0
ip-10-32-4-110:160575:160686 [0] NCCL INFO Connected to proxy localRank 0 -> connection 0x7fd624a5be70
ip-10-32-4-110:160575:160686 [0] NCCL INFO GPU Direct RDMA Enabled for GPU 0 / HCA 0 (distance 4 <= 5), read 0 mode Default
ip-10-32-4-110:160575:160667 [0] NCCL INFO New proxy recv connection 172 from local rank 0, transport 2
ip-10-32-4-110:160575:160686 [0] NCCL INFO Connected to proxy localRank 0 -> connection 0x7fd624a5bf00
ip-10-32-4-110:160575:160686 [0] NCCL INFO Channel 04/1 : 8[0] -> 0[0] [receive] via NET/IB/0/GDRDMA/Shared comm 0x7fe0b2705010 nRanks 16
ip-10-32-4-110:160575:160686 [0] NCCL INFO GPU Direct RDMA Enabled for GPU 0 / HCA 0 (distance 4 <= 5), read 0 mode Default
ip-10-32-4-110:160575:160667 [0] NCCL INFO New proxy recv connection 173 from local rank 0, transport 2
ip-10-32-4-110:160575:160686 [0] NCCL INFO Connected to proxy localRank 0 -> connection 0x7fd624a5bf90
ip-10-32-4-110:160575:160686 [0] NCCL INFO Channel 20/1 : 8[0] -> 0[0] [receive] via NET/IB/0/GDRDMA/Shared comm 0x7fe0b2705010 nRanks 16
ip-10-32-4-110:160575:160686 [0] NCCL INFO GPU Direct RDMA Enabled for GPU 0 / HCA 0 (distance 4 <= 5), read 1 mode Default
ip-10-32-4-110:160575:160667 [0] NCCL INFO New proxy send connection 174 from local rank 0, transport 2
ip-10-32-4-110:160575:160686 [0] NCCL INFO Connected to proxy localRank 0 -> connection 0x7fd624a5c020
ip-10-32-4-110:160575:160686 [0] NCCL INFO Channel 04/1 : 0[0] -> 8[0] [send] via NET/IB/0/GDRDMA/Shared comm 0x7fe0b2705010 nRanks 16
ip-10-32-4-110:160575:160686 [0] NCCL INFO GPU Direct RDMA Enabled for GPU 0 / HCA 0 (distance 4 <= 5), read 1 mode Default
ip-10-32-4-110:160575:160667 [0] NCCL INFO New proxy send connection 175 from local rank 0, transport 2
ip-10-32-4-110:160575:160686 [0] NCCL INFO Connected to proxy localRank 0 -> connection 0x7fd624a5c0b0
ip-10-32-4-110:160575:160686 [0] NCCL INFO Channel 20/1 : 0[0] -> 8[0] [send] via NET/IB/0/GDRDMA/Shared comm 0x7fe0b2705010 nRanks 16
ip-10-32-4-110:160575:160667 [0] NCCL INFO New proxy recv connection 176 from local rank 0, transport 0
ip-10-32-4-110:160575:160686 [0] NCCL INFO Connected to proxy localRank 0 -> connection 0x7fd624a5c140
ip-10-32-4-110:160575:160667 [0] NCCL INFO New proxy recv connection 177 from local rank 0, transport 0
ip-10-32-4-110:160575:160686 [0] NCCL INFO Connected to proxy localRank 0 -> connection 0x7fd624a5c1d0
ip-10-32-4-110:160575:160686 [0] NCCL INFO GPU Direct RDMA Enabled for GPU 0 / HCA 0 (distance 4 <= 5), read 1 mode Default
ip-10-32-4-110:160575:160667 [0] NCCL INFO New proxy send connection 178 from local rank 0, transport 2
ip-10-32-4-110:160575:160686 [0] NCCL INFO Connected to proxy localRank 0 -> connection 0x7fd624a5c260
ip-10-32-4-110:160575:160686 [0] NCCL INFO Channel 04/1 : 0[0] -> 9[1] [send] via NET/IB/0/GDRDMA/Shared comm 0x7fe0b2705010 nRanks 16
ip-10-32-4-110:160575:160686 [0] NCCL INFO GPU Direct RDMA Enabled for GPU 0 / HCA 0 (distance 4 <= 5), read 1 mode Default
ip-10-32-4-110:160575:160667 [0] NCCL INFO New proxy send connection 179 from local rank 0, transport 2
ip-10-32-4-110:160575:160686 [0] NCCL INFO Connected to proxy localRank 0 -> connection 0x7fd624a5c2f0
ip-10-32-4-110:160575:160686 [0] NCCL INFO Channel 20/1 : 0[0] -> 9[1] [send] via NET/IB/0/GDRDMA/Shared comm 0x7fe0b2705010 nRanks 16
ip-10-32-4-110:160575:160667 [0] NCCL INFO New proxy recv connection 180 from local rank 0, transport 0
ip-10-32-4-110:160575:160686 [0] NCCL INFO Connected to proxy localRank 0 -> connection 0x7fd624a5c380
ip-10-32-4-110:160575:160667 [0] NCCL INFO New proxy recv connection 181 from local rank 0, transport 0
ip-10-32-4-110:160575:160686 [0] NCCL INFO Connected to proxy localRank 0 -> connection 0x7fd624a5c410
ip-10-32-4-110:160575:160686 [0] NCCL INFO GPU Direct RDMA Enabled for GPU 0 / HCA 0 (distance 4 <= 5), read 1 mode Default
ip-10-32-4-110:160575:160667 [0] NCCL INFO New proxy send connection 182 from local rank 0, transport 2
ip-10-32-4-110:160575:160686 [0] NCCL INFO Connected to proxy localRank 0 -> connection 0x7fd624a5c4a0
ip-10-32-4-110:160575:160686 [0] NCCL INFO Channel 06/1 : 0[0] -> 10[2] [send] via NET/IB/0/GDRDMA/Shared comm 0x7fe0b2705010 nRanks 16
ip-10-32-4-110:160575:160686 [0] NCCL INFO GPU Direct RDMA Enabled for GPU 0 / HCA 0 (distance 4 <= 5), read 1 mode Default
ip-10-32-4-110:160575:160667 [0] NCCL INFO New proxy send connection 183 from local rank 0, transport 2
ip-10-32-4-110:160575:160686 [0] NCCL INFO Connected to proxy localRank 0 -> connection 0x7fd624a5c530
ip-10-32-4-110:160575:160686 [0] NCCL INFO Channel 22/1 : 0[0] -> 10[2] [send] via NET/IB/0/GDRDMA/Shared comm 0x7fe0b2705010 nRanks 16
ip-10-32-4-110:160575:160667 [0] NCCL INFO New proxy recv connection 184 from local rank 0, transport 0
ip-10-32-4-110:160575:160686 [0] NCCL INFO Connected to proxy localRank 0 -> connection 0x7fd624a5c5c0
ip-10-32-4-110:160575:160667 [0] NCCL INFO New proxy recv connection 185 from local rank 0, transport 0
ip-10-32-4-110:160575:160686 [0] NCCL INFO Connected to proxy localRank 0 -> connection 0x7fd624a5c650
ip-10-32-4-110:160575:160686 [0] NCCL INFO GPU Direct RDMA Enabled for GPU 0 / HCA 0 (distance 4 <= 5), read 1 mode Default
ip-10-32-4-110:160575:160667 [0] NCCL INFO New proxy send connection 186 from local rank 0, transport 2
ip-10-32-4-110:160575:160686 [0] NCCL INFO Connected to proxy localRank 0 -> connection 0x7fd624a5c6e0
ip-10-32-4-110:160575:160686 [0] NCCL INFO Channel 05/1 : 0[0] -> 11[3] [send] via NET/IB/0/GDRDMA/Shared comm 0x7fe0b2705010 nRanks 16
ip-10-32-4-110:160575:160686 [0] NCCL INFO GPU Direct RDMA Enabled for GPU 0 / HCA 0 (distance 4 <= 5), read 1 mode Default
ip-10-32-4-110:160575:160667 [0] NCCL INFO New proxy send connection 187 from local rank 0, transport 2
ip-10-32-4-110:160575:160686 [0] NCCL INFO Connected to proxy localRank 0 -> connection 0x7fd624a5c770
ip-10-32-4-110:160575:160686 [0] NCCL INFO Channel 21/1 : 0[0] -> 11[3] [send] via NET/IB/0/GDRDMA/Shared comm 0x7fe0b2705010 nRanks 16
ip-10-32-4-110:160575:160667 [0] NCCL INFO New proxy recv connection 188 from local rank 0, transport 0
ip-10-32-4-110:160575:160686 [0] NCCL INFO Connected to proxy localRank 0 -> connection 0x7fd624a5c800
ip-10-32-4-110:160575:160667 [0] NCCL INFO New proxy recv connection 189 from local rank 0, transport 0
ip-10-32-4-110:160575:160686 [0] NCCL INFO Connected to proxy localRank 0 -> connection 0x7fd624a5c890
ip-10-32-4-110:160575:160686 [0] NCCL INFO GPU Direct RDMA Enabled for GPU 0 / HCA 0 (distance 4 <= 5), read 1 mode Default
ip-10-32-4-110:160575:160667 [0] NCCL INFO New proxy send connection 190 from local rank 0, transport 2
ip-10-32-4-110:160575:160686 [0] NCCL INFO Connected to proxy localRank 0 -> connection 0x7fd624a5c920
ip-10-32-4-110:160575:160686 [0] NCCL INFO Channel 07/1 : 0[0] -> 12[4] [send] via NET/IB/0/GDRDMA/Shared comm 0x7fe0b2705010 nRanks 16
ip-10-32-4-110:160575:160686 [0] NCCL INFO GPU Direct RDMA Enabled for GPU 0 / HCA 0 (distance 4 <= 5), read 1 mode Default
ip-10-32-4-110:160575:160667 [0] NCCL INFO New proxy send connection 191 from local rank 0, transport 2
ip-10-32-4-110:160575:160686 [0] NCCL INFO Connected to proxy localRank 0 -> connection 0x7fd624a5c9b0
ip-10-32-4-110:160575:160686 [0] NCCL INFO Channel 23/1 : 0[0] -> 12[4] [send] via NET/IB/0/GDRDMA/Shared comm 0x7fe0b2705010 nRanks 16
ip-10-32-4-110:160575:160667 [0] NCCL INFO New proxy recv connection 192 from local rank 0, transport 0
ip-10-32-4-110:160575:160686 [0] NCCL INFO Connected to proxy localRank 0 -> connection 0x7fd624a5ca40
ip-10-32-4-110:160575:160667 [0] NCCL INFO New proxy recv connection 193 from local rank 0, transport 0
ip-10-32-4-110:160575:160686 [0] NCCL INFO Connected to proxy localRank 0 -> connection 0x7fd624a5cad0
ip-10-32-4-110:160575:160686 [0] NCCL INFO GPU Direct RDMA Enabled for GPU 0 / HCA 0 (distance 4 <= 5), read 1 mode Default
ip-10-32-4-110:160575:160667 [0] NCCL INFO New proxy send connection 194 from local rank 0, transport 2
ip-10-32-4-110:160575:160686 [0] NCCL INFO Connected to proxy localRank 0 -> connection 0x7fd624a5cb60
ip-10-32-4-110:160575:160686 [0] NCCL INFO Channel 07/1 : 0[0] -> 13[5] [send] via NET/IB/0/GDRDMA/Shared comm 0x7fe0b2705010 nRanks 16
ip-10-32-4-110:160575:160686 [0] NCCL INFO GPU Direct RDMA Enabled for GPU 0 / HCA 0 (distance 4 <= 5), read 1 mode Default
ip-10-32-4-110:160575:160667 [0] NCCL INFO New proxy send connection 195 from local rank 0, transport 2
ip-10-32-4-110:160575:160686 [0] NCCL INFO Connected to proxy localRank 0 -> connection 0x7fd624a5cbf0
ip-10-32-4-110:160575:160686 [0] NCCL INFO Channel 23/1 : 0[0] -> 13[5] [send] via NET/IB/0/GDRDMA/Shared comm 0x7fe0b2705010 nRanks 16
ip-10-32-4-110:160575:160667 [0] NCCL INFO New proxy recv connection 196 from local rank 0, transport 0
ip-10-32-4-110:160575:160686 [0] NCCL INFO Connected to proxy localRank 0 -> connection 0x7fd624a5cc80
ip-10-32-4-110:160575:160667 [0] NCCL INFO New proxy recv connection 197 from local rank 0, transport 0
ip-10-32-4-110:160575:160686 [0] NCCL INFO Connected to proxy localRank 0 -> connection 0x7fd624a5cd10
ip-10-32-4-110:160575:160686 [0] NCCL INFO GPU Direct RDMA Enabled for GPU 0 / HCA 0 (distance 4 <= 5), read 1 mode Default
ip-10-32-4-110:160575:160667 [0] NCCL INFO New proxy send connection 198 from local rank 0, transport 2
ip-10-32-4-110:160575:160686 [0] NCCL INFO Connected to proxy localRank 0 -> connection 0x7fd624a5cda0
ip-10-32-4-110:160575:160686 [0] NCCL INFO Channel 05/1 : 0[0] -> 14[6] [send] via NET/IB/0/GDRDMA/Shared comm 0x7fe0b2705010 nRanks 16
ip-10-32-4-110:160575:160686 [0] NCCL INFO GPU Direct RDMA Enabled for GPU 0 / HCA 0 (distance 4 <= 5), read 1 mode Default
ip-10-32-4-110:160575:160667 [0] NCCL INFO New proxy send connection 199 from local rank 0, transport 2
ip-10-32-4-110:160575:160686 [0] NCCL INFO Connected to proxy localRank 0 -> connection 0x7fd624a5ce30
ip-10-32-4-110:160575:160686 [0] NCCL INFO Channel 21/1 : 0[0] -> 14[6] [send] via NET/IB/0/GDRDMA/Shared comm 0x7fe0b2705010 nRanks 16
ip-10-32-4-110:160575:160667 [0] NCCL INFO New proxy recv connection 200 from local rank 0, transport 0
ip-10-32-4-110:160575:160686 [0] NCCL INFO Connected to proxy localRank 0 -> connection 0x7fd624a5cec0
ip-10-32-4-110:160575:160667 [0] NCCL INFO New proxy recv connection 201 from local rank 0, transport 0
ip-10-32-4-110:160575:160686 [0] NCCL INFO Connected to proxy localRank 0 -> connection 0x7fd624a5cf50
ip-10-32-4-110:160575:160686 [0] NCCL INFO GPU Direct RDMA Enabled for GPU 0 / HCA 0 (distance 4 <= 5), read 1 mode Default
ip-10-32-4-110:160575:160667 [0] NCCL INFO New proxy send connection 202 from local rank 0, transport 2
ip-10-32-4-110:160575:160686 [0] NCCL INFO Connected to proxy localRank 0 -> connection 0x7fd624a5cfe0
ip-10-32-4-110:160575:160686 [0] NCCL INFO Channel 06/1 : 0[0] -> 15[7] [send] via NET/IB/0/GDRDMA/Shared comm 0x7fe0b2705010 nRanks 16
ip-10-32-4-110:160575:160686 [0] NCCL INFO GPU Direct RDMA Enabled for GPU 0 / HCA 0 (distance 4 <= 5), read 1 mode Default
ip-10-32-4-110:160575:160667 [0] NCCL INFO New proxy send connection 203 from local rank 0, transport 2
ip-10-32-4-110:160575:160686 [0] NCCL INFO Connected to proxy localRank 0 -> connection 0x7fd624a5d070
ip-10-32-4-110:160575:160686 [0] NCCL INFO Channel 22/1 : 0[0] -> 15[7] [send] via NET/IB/0/GDRDMA/Shared comm 0x7fe0b2705010 nRanks 16
ip-10-32-4-110:160575:160667 [0] NCCL INFO NET/IB: ncclIbAccept Max Nqps=4, localNqps=4, remoteNqps=4
ip-10-32-4-110:160575:160667 [0] NCCL INFO NET/IB : QP 0x7fd62602d418 (qpn=0xBE2E) src UDP port set to 60000 (qIndex=0)
ip-10-32-4-110:160575:160667 [0] NCCL INFO NET/IB : QP 0x7fd625e863f8 (qpn=0xBE2F) src UDP port set to 60051 (qIndex=1)
ip-10-32-4-110:160575:160667 [0] NCCL INFO NET/IB : QP 0x7fd62602b3d8 (qpn=0xBE30) src UDP port set to 57663 (qIndex=2)
ip-10-32-4-110:160575:160667 [0] NCCL INFO NET/IB : QP 0x7fd625e5a3b8 (qpn=0xBE33) src UDP port set to 57804 (qIndex=3)
ip-10-32-4-110:160575:160667 [0] NCCL INFO NET/IB : QP 0x7fd625ffb398 (qpn=0xBE37) src UDP port set to 60000 (qIndex=-1)
ip-10-32-4-110:160575:160667 [0] NCCL INFO NET/IB: ncclIbAccept Max Nqps=4, localNqps=4, remoteNqps=4
ip-10-32-4-110:160575:160667 [0] NCCL INFO NET/IB : QP 0x7fd625ffb768 (qpn=0xBE39) src UDP port set to 60000 (qIndex=0)
ip-10-32-4-110:160575:160667 [0] NCCL INFO NET/IB : QP 0x7fd625e2ab08 (qpn=0xBE3B) src UDP port set to 60051 (qIndex=1)
ip-10-32-4-110:160575:160667 [0] NCCL INFO NET/IB : QP 0x7fd625e2cb48 (qpn=0xBE3D) src UDP port set to 57663 (qIndex=2)
ip-10-32-4-110:160575:160667 [0] NCCL INFO NET/IB : QP 0x7fd625dfeac8 (qpn=0xBE3E) src UDP port set to 57804 (qIndex=3)
ip-10-32-4-110:160575:160667 [0] NCCL INFO NET/IB : QP 0x7fd625ff8aa8 (qpn=0xBE40) src UDP port set to 60000 (qIndex=-1)
ip-10-32-4-110:160575:160667 [0] NCCL INFO NET/IB: ncclIbAccept Max Nqps=4, localNqps=4, remoteNqps=4
ip-10-32-4-110:160575:160667 [0] NCCL INFO NET/IB : QP 0x7fd625dfc698 (qpn=0xBE43) src UDP port set to 60000 (qIndex=0)
ip-10-32-4-110:160575:160667 [0] NCCL INFO NET/IB : QP 0x7fd625fcca68 (qpn=0xBE45) src UDP port set to 60051 (qIndex=1)
ip-10-32-4-110:160575:160667 [0] NCCL INFO NET/IB : QP 0x7fd625dd0a48 (qpn=0xBE47) src UDP port set to 57663 (qIndex=2)
ip-10-32-4-110:160575:160667 [0] NCCL INFO NET/IB : QP 0x7fd625da29c8 (qpn=0xBE48) src UDP port set to 57804 (qIndex=3)
ip-10-32-4-110:160575:160667 [0] NCCL INFO NET/IB : QP 0x7fd625f9d118 (qpn=0xBE4A) src UDP port set to 60000 (qIndex=-1)
ip-10-32-4-110:160575:160667 [0] NCCL INFO NET/IB: ncclIbAccept Max Nqps=4, localNqps=4, remoteNqps=4
ip-10-32-4-110:160575:160667 [0] NCCL INFO NET/IB : QP 0x7fd625fc9968 (qpn=0xBE4C) src UDP port set to 60000 (qIndex=0)
ip-10-32-4-110:160575:160667 [0] NCCL INFO NET/IB : QP 0x7fd625d00858 (qpn=0xBE4E) src UDP port set to 60051 (qIndex=1)
ip-10-32-4-110:160575:160667 [0] NCCL INFO NET/IB : QP 0x7fd6261df8c8 (qpn=0xBE50) src UDP port set to 57663 (qIndex=2)
ip-10-32-4-110:160575:160667 [0] NCCL INFO NET/IB : QP 0x7fd6262338c8 (qpn=0xBE52) src UDP port set to 57804 (qIndex=3)
ip-10-32-4-110:160575:160667 [0] NCCL INFO NET/IB : QP 0x7fd6262ca8c8 (qpn=0xBE54) src UDP port set to 60000 (qIndex=-1)
ip-10-32-4-110:160575:160667 [0] NCCL INFO NET/IB: ncclIbConnect isP2p=1
ip-10-32-4-110:160575:160667 [0] NCCL INFO NET/IB: ncclIbConnect Max Nqps=4, localNqps=4, remoteNqps=4
ip-10-32-4-110:160575:160667 [0] NCCL INFO NET/IB: NCCL Dev 0 IbDev 0 Port 1 qpn 48726 mtu 5 GID 3 (0/E627081AFFFF0000) fifoRkey=0x21e21e fifoLkey=0x21e21e
ip-10-32-4-110:160575:160667 [0] NCCL INFO NET/IB: IbDev 0 Port 1 qpn 48726 query_ece={supported=1, vendor_id=0x15b3, options=0x30000002, comp_mask=0x0}
ip-10-32-4-110:160575:160667 [0] NCCL INFO NET/IB: NCCL Dev 0 IbDev 0 Port 1 qpn 48728 mtu 5 GID 3 (0/E627081AFFFF0000) fifoRkey=0x21e21e fifoLkey=0x21e21e
ip-10-32-4-110:160575:160667 [0] NCCL INFO NET/IB: IbDev 0 Port 1 qpn 48728 query_ece={supported=1, vendor_id=0x15b3, options=0x30000002, comp_mask=0x0}
ip-10-32-4-110:160575:160667 [0] NCCL INFO NET/IB: NCCL Dev 0 IbDev 0 Port 1 qpn 48729 mtu 5 GID 3 (0/E627081AFFFF0000) fifoRkey=0x21e21e fifoLkey=0x21e21e
ip-10-32-4-110:160575:160667 [0] NCCL INFO NET/IB: IbDev 0 Port 1 qpn 48729 query_ece={supported=1, vendor_id=0x15b3, options=0x30000002, comp_mask=0x0}
ip-10-32-4-110:160575:160667 [0] NCCL INFO NET/IB: NCCL Dev 0 IbDev 0 Port 1 qpn 48731 mtu 5 GID 3 (0/E627081AFFFF0000) fifoRkey=0x21e21e fifoLkey=0x21e21e
ip-10-32-4-110:160575:160667 [0] NCCL INFO NET/IB: IbDev 0 Port 1 qpn 48731 query_ece={supported=1, vendor_id=0x15b3, options=0x30000002, comp_mask=0x0}
ip-10-32-4-110:160575:160667 [0] NCCL INFO NET/IB: ncclIbAccept Max Nqps=4, localNqps=4, remoteNqps=4
ip-10-32-4-110:160575:160667 [0] NCCL INFO NET/IB : QP 0x7fd6264ca608 (qpn=0xBE61) src UDP port set to 60000 (qIndex=0)
ip-10-32-4-110:160575:160667 [0] NCCL INFO NET/IB : QP 0x7fd6264ca9d8 (qpn=0xBE63) src UDP port set to 60051 (qIndex=1)
ip-10-32-4-110:160575:160667 [0] NCCL INFO NET/IB : QP 0x7fd6267873d8 (qpn=0xBE64) src UDP port set to 57663 (qIndex=2)
ip-10-32-4-110:160575:160667 [0] NCCL INFO NET/IB : QP 0x7fd626757398 (qpn=0xBE66) src UDP port set to 57804 (qIndex=3)
ip-10-32-4-110:160575:160667 [0] NCCL INFO NET/IB : QP 0x7fd6268b4348 (qpn=0xBE69) src UDP port set to 60000 (qIndex=-1)
ip-10-32-4-110:160575:160667 [0] NCCL INFO NET/IB: ncclIbConnect isP2p=1
ip-10-32-4-110:160575:160667 [0] NCCL INFO NET/IB: ncclIbConnect Max Nqps=4, localNqps=4, remoteNqps=4
ip-10-32-4-110:160575:160667 [0] NCCL INFO NET/IB: NCCL Dev 0 IbDev 0 Port 1 qpn 48748 mtu 5 GID 3 (0/E627081AFFFF0000) fifoRkey=0x17d381 fifoLkey=0x17d381
ip-10-32-4-110:160575:160667 [0] NCCL INFO NET/IB: IbDev 0 Port 1 qpn 48748 query_ece={supported=1, vendor_id=0x15b3, options=0x30000002, comp_mask=0x0}
ip-10-32-4-110:160575:160667 [0] NCCL INFO NET/IB: NCCL Dev 0 IbDev 0 Port 1 qpn 48749 mtu 5 GID 3 (0/E627081AFFFF0000) fifoRkey=0x17d381 fifoLkey=0x17d381
ip-10-32-4-110:160575:160667 [0] NCCL INFO NET/IB: IbDev 0 Port 1 qpn 48749 query_ece={supported=1, vendor_id=0x15b3, options=0x30000002, comp_mask=0x0}
ip-10-32-4-110:160575:160667 [0] NCCL INFO NET/IB: NCCL Dev 0 IbDev 0 Port 1 qpn 48750 mtu 5 GID 3 (0/E627081AFFFF0000) fifoRkey=0x17d381 fifoLkey=0x17d381
ip-10-32-4-110:160575:160667 [0] NCCL INFO NET/IB: IbDev 0 Port 1 qpn 48750 query_ece={supported=1, vendor_id=0x15b3, options=0x30000002, comp_mask=0x0}
ip-10-32-4-110:160575:160667 [0] NCCL INFO NET/IB: NCCL Dev 0 IbDev 0 Port 1 qpn 48751 mtu 5 GID 3 (0/E627081AFFFF0000) fifoRkey=0x17d381 fifoLkey=0x17d381
ip-10-32-4-110:160575:160667 [0] NCCL INFO NET/IB: IbDev 0 Port 1 qpn 48751 query_ece={supported=1, vendor_id=0x15b3, options=0x30000002, comp_mask=0x0}
ip-10-32-4-110:160575:160667 [0] NCCL INFO NET/IB: ncclIbConnect isP2p=1
ip-10-32-4-110:160575:160667 [0] NCCL INFO NET/IB: ncclIbConnect Max Nqps=4, localNqps=4, remoteNqps=4
ip-10-32-4-110:160575:160667 [0] NCCL INFO NET/IB: NCCL Dev 0 IbDev 0 Port 1 qpn 48753 mtu 5 GID 3 (0/E627081AFFFF0000) fifoRkey=0x1841ef fifoLkey=0x1841ef
ip-10-32-4-110:160575:160667 [0] NCCL INFO NET/IB: IbDev 0 Port 1 qpn 48753 query_ece={supported=1, vendor_id=0x15b3, options=0x30000002, comp_mask=0x0}
ip-10-32-4-110:160575:160667 [0] NCCL INFO NET/IB: NCCL Dev 0 IbDev 0 Port 1 qpn 48754 mtu 5 GID 3 (0/E627081AFFFF0000) fifoRkey=0x1841ef fifoLkey=0x1841ef
ip-10-32-4-110:160575:160667 [0] NCCL INFO NET/IB: IbDev 0 Port 1 qpn 48754 query_ece={supported=1, vendor_id=0x15b3, options=0x30000002, comp_mask=0x0}
ip-10-32-4-110:160575:160667 [0] NCCL INFO NET/IB: NCCL Dev 0 IbDev 0 Port 1 qpn 48755 mtu 5 GID 3 (0/E627081AFFFF0000) fifoRkey=0x1841ef fifoLkey=0x1841ef
ip-10-32-4-110:160575:160667 [0] NCCL INFO NET/IB: IbDev 0 Port 1 qpn 48755 query_ece={supported=1, vendor_id=0x15b3, options=0x30000002, comp_mask=0x0}
ip-10-32-4-110:160575:160667 [0] NCCL INFO NET/IB: NCCL Dev 0 IbDev 0 Port 1 qpn 48757 mtu 5 GID 3 (0/E627081AFFFF0000) fifoRkey=0x1841ef fifoLkey=0x1841ef
ip-10-32-4-110:160575:160667 [0] NCCL INFO NET/IB: IbDev 0 Port 1 qpn 48757 query_ece={supported=1, vendor_id=0x15b3, options=0x30000002, comp_mask=0x0}
ip-10-32-4-110:160575:160667 [0] NCCL INFO NET/IB: ncclIbAccept Max Nqps=4, localNqps=4, remoteNqps=4
ip-10-32-4-110:160575:160667 [0] NCCL INFO NET/IB : QP 0x7fd6267ef198 (qpn=0xBE77) src UDP port set to 60000 (qIndex=0)
ip-10-32-4-110:160575:160667 [0] NCCL INFO NET/IB : QP 0x7fd6267ed158 (qpn=0xBE79) src UDP port set to 60051 (qIndex=1)
ip-10-32-4-110:160575:160667 [0] NCCL INFO NET/IB : QP 0x7fd626721158 (qpn=0xBE7B) src UDP port set to 57663 (qIndex=2)
ip-10-32-4-110:160575:160667 [0] NCCL INFO NET/IB : QP 0x7fd6267bd118 (qpn=0xBE7C) src UDP port set to 57804 (qIndex=3)
ip-10-32-4-110:160575:160667 [0] NCCL INFO NET/IB : QP 0x7fd62636cac8 (qpn=0xBE7F) src UDP port set to 60000 (qIndex=-1)
ip-10-32-4-110:160575:160667 [0] NCCL INFO NET/IB: ncclIbAccept Max Nqps=4, localNqps=4, remoteNqps=4
ip-10-32-4-110:160575:160667 [0] NCCL INFO NET/IB : QP 0x7fd6266f1118 (qpn=0xBE81) src UDP port set to 60000 (qIndex=0)
ip-10-32-4-110:160575:160667 [0] NCCL INFO NET/IB : QP 0x7fd6262560d8 (qpn=0xBE83) src UDP port set to 60051 (qIndex=1)
ip-10-32-4-110:160575:160667 [0] NCCL INFO NET/IB : QP 0x7fd626a5e0b8 (qpn=0xBE85) src UDP port set to 57663 (qIndex=2)
ip-10-32-4-110:160575:160667 [0] NCCL INFO NET/IB : QP 0x7fd626ab20b8 (qpn=0xBE86) src UDP port set to 57804 (qIndex=3)
ip-10-32-4-110:160575:160667 [0] NCCL INFO NET/IB : QP 0x7fd626ba30b8 (qpn=0xBE89) src UDP port set to 60000 (qIndex=-1)
ip-10-32-4-110:160575:160667 [0] NCCL INFO NET/IB: ncclIbAccept Max Nqps=4, localNqps=4, remoteNqps=4
ip-10-32-4-110:160575:160667 [0] NCCL INFO NET/IB : QP 0x7fd626c8e0b8 (qpn=0xBE8B) src UDP port set to 60000 (qIndex=0)
ip-10-32-4-110:160575:160667 [0] NCCL INFO NET/IB : QP 0x7fd626bf70b8 (qpn=0xBE8D) src UDP port set to 60051 (qIndex=1)
ip-10-32-4-110:160575:160667 [0] NCCL INFO NET/IB : QP 0x7fd62699f0b8 (qpn=0xBE8F) src UDP port set to 57663 (qIndex=2)
ip-10-32-4-110:160575:160667 [0] NCCL INFO NET/IB : QP 0x7fd626481098 (qpn=0xBE90) src UDP port set to 57804 (qIndex=3)
ip-10-32-4-110:160575:160667 [0] NCCL INFO NET/IB : QP 0x7fd62694b088 (qpn=0xBE92) src UDP port set to 60000 (qIndex=-1)
ip-10-32-4-110:160575:160667 [0] NCCL INFO NET/IB: ncclIbAccept Max Nqps=4, localNqps=4, remoteNqps=4
ip-10-32-4-110:160575:160667 [0] NCCL INFO NET/IB : QP 0x7fd626d2e088 (qpn=0xBE94) src UDP port set to 60000 (qIndex=0)
ip-10-32-4-110:160575:160667 [0] NCCL INFO NET/IB : QP 0x7fd626b4f088 (qpn=0xBE96) src UDP port set to 60051 (qIndex=1)
ip-10-32-4-110:160575:160667 [0] NCCL INFO NET/IB : QP 0x7fd6269eb088 (qpn=0xBE98) src UDP port set to 57663 (qIndex=2)
ip-10-32-4-110:160575:160667 [0] NCCL INFO NET/IB : QP 0x7fd626e45088 (qpn=0xBE9A) src UDP port set to 57804 (qIndex=3)
ip-10-32-4-110:160575:160667 [0] NCCL INFO NET/IB : QP 0x7fd626e90088 (qpn=0xBE9C) src UDP port set to 60000 (qIndex=-1)
ip-10-32-4-110:160575:160667 [0] NCCL INFO NET/IB: ncclIbAccept Max Nqps=4, localNqps=4, remoteNqps=4
ip-10-32-4-110:160575:160667 [0] NCCL INFO NET/IB : QP 0x7fd626f5a088 (qpn=0xBE9E) src UDP port set to 60000 (qIndex=0)
ip-10-32-4-110:160575:160667 [0] NCCL INFO NET/IB : QP 0x7fd626fa5088 (qpn=0xBEA0) src UDP port set to 60051 (qIndex=1)
ip-10-32-4-110:160575:160667 [0] NCCL INFO NET/IB : QP 0x7fd626140088 (qpn=0xBEA2) src UDP port set to 57663 (qIndex=2)
ip-10-32-4-110:160575:160667 [0] NCCL INFO NET/IB : QP 0x7fd625ee4058 (qpn=0xBEA4) src UDP port set to 57804 (qIndex=3)
ip-10-32-4-110:160575:160667 [0] NCCL INFO NET/IB : QP 0x7fd625f40758 (qpn=0xBEA6) src UDP port set to 60000 (qIndex=-1)
ip-10-32-4-110:160575:160667 [0] NCCL INFO NET/IB: ncclIbAccept Max Nqps=4, localNqps=4, remoteNqps=4
ip-10-32-4-110:160575:160667 [0] NCCL INFO NET/IB : QP 0x7fd625ee4c38 (qpn=0xBEA7) src UDP port set to 60000 (qIndex=0)
ip-10-32-4-110:160575:160667 [0] NCCL INFO NET/IB : QP 0x7fd625f40b28 (qpn=0xBEA8) src UDP port set to 60051 (qIndex=1)
ip-10-32-4-110:160575:160667 [0] NCCL INFO NET/IB : QP 0x7fd625f40058 (qpn=0xBEA9) src UDP port set to 57663 (qIndex=2)
ip-10-32-4-110:160575:160667 [0] NCCL INFO NET/IB : QP 0x7fd625f12868 (qpn=0xBEAA) src UDP port set to 57804 (qIndex=3)
ip-10-32-4-110:160575:160667 [0] NCCL INFO NET/IB : QP 0x7fd6270ba898 (qpn=0xBEAD) src UDP port set to 60000 (qIndex=-1)
ip-10-32-4-110:160575:160667 [0] NCCL INFO NET/IB: ncclIbAccept Max Nqps=4, localNqps=4, remoteNqps=4
ip-10-32-4-110:160575:160667 [0] NCCL INFO NET/IB : QP 0x7fd62706f898 (qpn=0xBEB0) src UDP port set to 60000 (qIndex=0)
ip-10-32-4-110:160575:160667 [0] NCCL INFO NET/IB : QP 0x7fd627184898 (qpn=0xBEB2) src UDP port set to 60051 (qIndex=1)
ip-10-32-4-110:160575:160667 [0] NCCL INFO NET/IB : QP 0x7fd6271cf898 (qpn=0xBEB4) src UDP port set to 57663 (qIndex=2)
ip-10-32-4-110:160575:160667 [0] NCCL INFO NET/IB : QP 0x7fd626257868 (qpn=0xBEB6) src UDP port set to 57804 (qIndex=3)
ip-10-32-4-110:160575:160667 [0] NCCL INFO NET/IB : QP 0x7fd6265f6868 (qpn=0xBEB8) src UDP port set to 60000 (qIndex=-1)
ip-10-32-4-110:160575:160667 [0] NCCL INFO NET/IB: ncclIbAccept Max Nqps=4, localNqps=4, remoteNqps=4
ip-10-32-4-110:160575:160667 [0] NCCL INFO NET/IB : QP 0x7fd626257c38 (qpn=0xBEBA) src UDP port set to 60000 (qIndex=0)
ip-10-32-4-110:160575:160667 [0] NCCL INFO NET/IB : QP 0x7fd626628868 (qpn=0xBEBB) src UDP port set to 60051 (qIndex=1)
ip-10-32-4-110:160575:160667 [0] NCCL INFO NET/IB : QP 0x7fd627299898 (qpn=0xBEBC) src UDP port set to 57663 (qIndex=2)
ip-10-32-4-110:160575:160667 [0] NCCL INFO NET/IB : QP 0x7fd62730c8f8 (qpn=0xBEBD) src UDP port set to 57804 (qIndex=3)
ip-10-32-4-110:160575:160667 [0] NCCL INFO NET/IB : QP 0x7fd6272e2888 (qpn=0xBEBE) src UDP port set to 60000 (qIndex=-1)
ip-10-32-4-110:160575:160667 [0] NCCL INFO NET/IB: ncclIbAccept Max Nqps=4, localNqps=4, remoteNqps=4
ip-10-32-4-110:160575:160667 [0] NCCL INFO NET/IB : QP 0x7fd6273608c8 (qpn=0xBEC2) src UDP port set to 60000 (qIndex=0)
ip-10-32-4-110:160575:160667 [0] NCCL INFO NET/IB : QP 0x7fd6273ac898 (qpn=0xBEC4) src UDP port set to 60051 (qIndex=1)
ip-10-32-4-110:160575:160667 [0] NCCL INFO NET/IB : QP 0x7fd6273f7898 (qpn=0xBEC7) src UDP port set to 57663 (qIndex=2)
ip-10-32-4-110:160575:160667 [0] NCCL INFO NET/IB : QP 0x7fd6266be868 (qpn=0xBECA) src UDP port set to 57804 (qIndex=3)
ip-10-32-4-110:160575:160667 [0] NCCL INFO NET/IB : QP 0x7fd62665a868 (qpn=0xBECE) src UDP port set to 60000 (qIndex=-1)
ip-10-32-4-110:160575:160667 [0] NCCL INFO NET/IB: IbDev 0 Port 1 qpn 48726 set_ece={supported=1, vendor_id=0x15b3, options=0x30000002, comp_mask=0x0}
ip-10-32-4-110:160575:160667 [0] NCCL INFO NET/IB : QP 0x7fd6260f48c8 (qpn=0xBE56) src UDP port set to 60000 (qIndex=0)
ip-10-32-4-110:160575:160667 [0] NCCL INFO NET/IB: IbDev 0 Port 1 qpn 48728 set_ece={supported=1, vendor_id=0x15b3, options=0x30000002, comp_mask=0x0}
ip-10-32-4-110:160575:160667 [0] NCCL INFO NET/IB : QP 0x7fd62631e8c8 (qpn=0xBE58) src UDP port set to 60051 (qIndex=1)
ip-10-32-4-110:160575:160667 [0] NCCL INFO NET/IB: IbDev 0 Port 1 qpn 48729 set_ece={supported=1, vendor_id=0x15b3, options=0x30000002, comp_mask=0x0}
ip-10-32-4-110:160575:160667 [0] NCCL INFO NET/IB : QP 0x7fd6260a08c8 (qpn=0xBE59) src UDP port set to 57663 (qIndex=2)
ip-10-32-4-110:160575:160667 [0] NCCL INFO NET/IB: IbDev 0 Port 1 qpn 48731 set_ece={supported=1, vendor_id=0x15b3, options=0x30000002, comp_mask=0x0}
ip-10-32-4-110:160575:160667 [0] NCCL INFO NET/IB : QP 0x7fd62618b898 (qpn=0xBE5B) src UDP port set to 57804 (qIndex=3)
ip-10-32-4-110:160575:160667 [0] NCCL INFO NET/IB: ncclIbAccept Max Nqps=4, localNqps=4, remoteNqps=4
ip-10-32-4-110:160575:160667 [0] NCCL INFO NET/IB : QP 0x7fd626c1b868 (qpn=0xBED6) src UDP port set to 60000 (qIndex=0)
ip-10-32-4-110:160575:160667 [0] NCCL INFO NET/IB : QP 0x7fd6274c1898 (qpn=0xBED9) src UDP port set to 60051 (qIndex=1)
ip-10-32-4-110:160575:160667 [0] NCCL INFO NET/IB : QP 0x7fd62750c898 (qpn=0xBEDB) src UDP port set to 57663 (qIndex=2)
ip-10-32-4-110:160575:160667 [0] NCCL INFO NET/IB : QP 0x7fd626b04868 (qpn=0xBEDE) src UDP port set to 57804 (qIndex=3)
ip-10-32-4-110:160575:160667 [0] NCCL INFO NET/IB : QP 0x7fd6275608c8 (qpn=0xBEE2) src UDP port set to 60000 (qIndex=-1)
ip-10-32-4-110:160575:160667 [0] NCCL INFO NET/IB: ncclIbConnect isP2p=1
ip-10-32-4-110:160575:160667 [0] NCCL INFO NET/IB: ncclIbConnect Max Nqps=4, localNqps=4, remoteNqps=4
ip-10-32-4-110:160575:160667 [0] NCCL INFO NET/IB: NCCL Dev 0 IbDev 0 Port 1 qpn 48869 mtu 5 GID 3 (0/E627081AFFFF0000) fifoRkey=0x2241fb fifoLkey=0x2241fb
ip-10-32-4-110:160575:160667 [0] NCCL INFO NET/IB: IbDev 0 Port 1 qpn 48869 query_ece={supported=1, vendor_id=0x15b3, options=0x30000002, comp_mask=0x0}
ip-10-32-4-110:160575:160667 [0] NCCL INFO NET/IB: NCCL Dev 0 IbDev 0 Port 1 qpn 48871 mtu 5 GID 3 (0/E627081AFFFF0000) fifoRkey=0x2241fb fifoLkey=0x2241fb
ip-10-32-4-110:160575:160667 [0] NCCL INFO NET/IB: IbDev 0 Port 1 qpn 48871 query_ece={supported=1, vendor_id=0x15b3, options=0x30000002, comp_mask=0x0}
ip-10-32-4-110:160575:160667 [0] NCCL INFO NET/IB: NCCL Dev 0 IbDev 0 Port 1 qpn 48872 mtu 5 GID 3 (0/E627081AFFFF0000) fifoRkey=0x2241fb fifoLkey=0x2241fb
ip-10-32-4-110:160575:160667 [0] NCCL INFO NET/IB: IbDev 0 Port 1 qpn 48872 query_ece={supported=1, vendor_id=0x15b3, options=0x30000002, comp_mask=0x0}
ip-10-32-4-110:160575:160667 [0] NCCL INFO NET/IB: NCCL Dev 0 IbDev 0 Port 1 qpn 48874 mtu 5 GID 3 (0/E627081AFFFF0000) fifoRkey=0x2241fb fifoLkey=0x2241fb
ip-10-32-4-110:160575:160667 [0] NCCL INFO NET/IB: IbDev 0 Port 1 qpn 48874 query_ece={supported=1, vendor_id=0x15b3, options=0x30000002, comp_mask=0x0}
ip-10-32-4-110:160575:160667 [0] NCCL INFO NET/IB: ncclIbAccept Max Nqps=4, localNqps=4, remoteNqps=4
ip-10-32-4-110:160575:160667 [0] NCCL INFO NET/IB : QP 0x7fd6275d6898 (qpn=0xBEEC) src UDP port set to 60000 (qIndex=0)
ip-10-32-4-110:160575:160667 [0] NCCL INFO NET/IB : QP 0x7fd625eb6868 (qpn=0xBEEE) src UDP port set to 60051 (qIndex=1)
ip-10-32-4-110:160575:160667 [0] NCCL INFO NET/IB : QP 0x7fd625eb6c38 (qpn=0xBEEF) src UDP port set to 57663 (qIndex=2)
ip-10-32-4-110:160575:160667 [0] NCCL INFO NET/IB : QP 0x7fd62770a898 (qpn=0xBEF1) src UDP port set to 57804 (qIndex=3)
ip-10-32-4-110:160575:160667 [0] NCCL INFO NET/IB : QP 0x7fd625706858 (qpn=0xBEF4) src UDP port set to 60000 (qIndex=-1)
ip-10-32-4-110:160575:160667 [0] NCCL INFO NET/IB: ncclIbConnect isP2p=1
ip-10-32-4-110:160575:160667 [0] NCCL INFO NET/IB: ncclIbConnect Max Nqps=4, localNqps=4, remoteNqps=4
ip-10-32-4-110:160575:160667 [0] NCCL INFO NET/IB: NCCL Dev 0 IbDev 0 Port 1 qpn 48887 mtu 5 GID 3 (0/E627081AFFFF0000) fifoRkey=0x2234ee fifoLkey=0x2234ee
ip-10-32-4-110:160575:160667 [0] NCCL INFO NET/IB: IbDev 0 Port 1 qpn 48887 query_ece={supported=1, vendor_id=0x15b3, options=0x30000002, comp_mask=0x0}
ip-10-32-4-110:160575:160667 [0] NCCL INFO NET/IB: NCCL Dev 0 IbDev 0 Port 1 qpn 48889 mtu 5 GID 3 (0/E627081AFFFF0000) fifoRkey=0x2234ee fifoLkey=0x2234ee
ip-10-32-4-110:160575:160667 [0] NCCL INFO NET/IB: IbDev 0 Port 1 qpn 48889 query_ece={supported=1, vendor_id=0x15b3, options=0x30000002, comp_mask=0x0}
ip-10-32-4-110:160575:160667 [0] NCCL INFO NET/IB: NCCL Dev 0 IbDev 0 Port 1 qpn 48890 mtu 5 GID 3 (0/E627081AFFFF0000) fifoRkey=0x2234ee fifoLkey=0x2234ee
ip-10-32-4-110:160575:160667 [0] NCCL INFO NET/IB: IbDev 0 Port 1 qpn 48890 query_ece={supported=1, vendor_id=0x15b3, options=0x30000002, comp_mask=0x0}
ip-10-32-4-110:160575:160667 [0] NCCL INFO NET/IB: NCCL Dev 0 IbDev 0 Port 1 qpn 48892 mtu 5 GID 3 (0/E627081AFFFF0000) fifoRkey=0x2234ee fifoLkey=0x2234ee
ip-10-32-4-110:160575:160667 [0] NCCL INFO NET/IB: IbDev 0 Port 1 qpn 48892 query_ece={supported=1, vendor_id=0x15b3, options=0x30000002, comp_mask=0x0}
ip-10-32-4-110:160575:160667 [0] NCCL INFO NET/IB: ncclIbConnect isP2p=1
ip-10-32-4-110:160575:160667 [0] NCCL INFO NET/IB: ncclIbConnect Max Nqps=4, localNqps=4, remoteNqps=4
ip-10-32-4-110:160575:160667 [0] NCCL INFO NET/IB: NCCL Dev 0 IbDev 0 Port 1 qpn 48894 mtu 5 GID 3 (0/E627081AFFFF0000) fifoRkey=0x2244fe fifoLkey=0x2244fe
ip-10-32-4-110:160575:160667 [0] NCCL INFO NET/IB: IbDev 0 Port 1 qpn 48894 query_ece={supported=1, vendor_id=0x15b3, options=0x30000002, comp_mask=0x0}
ip-10-32-4-110:160575:160667 [0] NCCL INFO NET/IB: NCCL Dev 0 IbDev 0 Port 1 qpn 48895 mtu 5 GID 3 (0/E627081AFFFF0000) fifoRkey=0x2244fe fifoLkey=0x2244fe
ip-10-32-4-110:160575:160667 [0] NCCL INFO NET/IB: IbDev 0 Port 1 qpn 48895 query_ece={supported=1, vendor_id=0x15b3, options=0x30000002, comp_mask=0x0}
ip-10-32-4-110:160575:160667 [0] NCCL INFO NET/IB: NCCL Dev 0 IbDev 0 Port 1 qpn 48897 mtu 5 GID 3 (0/E627081AFFFF0000) fifoRkey=0x2244fe fifoLkey=0x2244fe
ip-10-32-4-110:160575:160667 [0] NCCL INFO NET/IB: IbDev 0 Port 1 qpn 48897 query_ece={supported=1, vendor_id=0x15b3, options=0x30000002, comp_mask=0x0}
ip-10-32-4-110:160575:160667 [0] NCCL INFO NET/IB: NCCL Dev 0 IbDev 0 Port 1 qpn 48898 mtu 5 GID 3 (0/E627081AFFFF0000) fifoRkey=0x2244fe fifoLkey=0x2244fe
ip-10-32-4-110:160575:160667 [0] NCCL INFO NET/IB: IbDev 0 Port 1 qpn 48898 query_ece={supported=1, vendor_id=0x15b3, options=0x30000002, comp_mask=0x0}
ip-10-32-4-110:160575:160667 [0] NCCL INFO NET/IB: ncclIbConnect isP2p=1
ip-10-32-4-110:160575:160667 [0] NCCL INFO NET/IB: ncclIbConnect Max Nqps=4, localNqps=4, remoteNqps=4
ip-10-32-4-110:160575:160667 [0] NCCL INFO NET/IB: NCCL Dev 0 IbDev 0 Port 1 qpn 48899 mtu 5 GID 3 (0/E627081AFFFF0000) fifoRkey=0x223df7 fifoLkey=0x223df7
ip-10-32-4-110:160575:160667 [0] NCCL INFO NET/IB: IbDev 0 Port 1 qpn 48899 query_ece={supported=1, vendor_id=0x15b3, options=0x30000002, comp_mask=0x0}
ip-10-32-4-110:160575:160667 [0] NCCL INFO NET/IB: NCCL Dev 0 IbDev 0 Port 1 qpn 48901 mtu 5 GID 3 (0/E627081AFFFF0000) fifoRkey=0x223df7 fifoLkey=0x223df7
ip-10-32-4-110:160575:160667 [0] NCCL INFO NET/IB: IbDev 0 Port 1 qpn 48901 query_ece={supported=1, vendor_id=0x15b3, options=0x30000002, comp_mask=0x0}
ip-10-32-4-110:160575:160667 [0] NCCL INFO NET/IB: NCCL Dev 0 IbDev 0 Port 1 qpn 48902 mtu 5 GID 3 (0/E627081AFFFF0000) fifoRkey=0x223df7 fifoLkey=0x223df7
ip-10-32-4-110:160575:160667 [0] NCCL INFO NET/IB: IbDev 0 Port 1 qpn 48902 query_ece={supported=1, vendor_id=0x15b3, options=0x30000002, comp_mask=0x0}
ip-10-32-4-110:160575:160667 [0] NCCL INFO NET/IB: NCCL Dev 0 IbDev 0 Port 1 qpn 48904 mtu 5 GID 3 (0/E627081AFFFF0000) fifoRkey=0x223df7 fifoLkey=0x223df7
ip-10-32-4-110:160575:160667 [0] NCCL INFO NET/IB: IbDev 0 Port 1 qpn 48904 query_ece={supported=1, vendor_id=0x15b3, options=0x30000002, comp_mask=0x0}
ip-10-32-4-110:160575:160667 [0] NCCL INFO NET/IB: ncclIbConnect isP2p=1
ip-10-32-4-110:160575:160667 [0] NCCL INFO NET/IB: ncclIbConnect Max Nqps=4, localNqps=4, remoteNqps=4
ip-10-32-4-110:160575:160667 [0] NCCL INFO NET/IB: NCCL Dev 0 IbDev 0 Port 1 qpn 48907 mtu 5 GID 3 (0/E627081AFFFF0000) fifoRkey=0x2245ff fifoLkey=0x2245ff
ip-10-32-4-110:160575:160667 [0] NCCL INFO NET/IB: IbDev 0 Port 1 qpn 48907 query_ece={supported=1, vendor_id=0x15b3, options=0x30000002, comp_mask=0x0}
ip-10-32-4-110:160575:160667 [0] NCCL INFO NET/IB: NCCL Dev 0 IbDev 0 Port 1 qpn 48909 mtu 5 GID 3 (0/E627081AFFFF0000) fifoRkey=0x2245ff fifoLkey=0x2245ff
ip-10-32-4-110:160575:160667 [0] NCCL INFO NET/IB: IbDev 0 Port 1 qpn 48909 query_ece={supported=1, vendor_id=0x15b3, options=0x30000002, comp_mask=0x0}
ip-10-32-4-110:160575:160667 [0] NCCL INFO NET/IB: NCCL Dev 0 IbDev 0 Port 1 qpn 48910 mtu 5 GID 3 (0/E627081AFFFF0000) fifoRkey=0x2245ff fifoLkey=0x2245ff
ip-10-32-4-110:160575:160667 [0] NCCL INFO NET/IB: IbDev 0 Port 1 qpn 48910 query_ece={supported=1, vendor_id=0x15b3, options=0x30000002, comp_mask=0x0}
ip-10-32-4-110:160575:160667 [0] NCCL INFO NET/IB: NCCL Dev 0 IbDev 0 Port 1 qpn 48912 mtu 5 GID 3 (0/E627081AFFFF0000) fifoRkey=0x2245ff fifoLkey=0x2245ff
ip-10-32-4-110:160575:160667 [0] NCCL INFO NET/IB: IbDev 0 Port 1 qpn 48912 query_ece={supported=1, vendor_id=0x15b3, options=0x30000002, comp_mask=0x0}
ip-10-32-4-110:160575:160667 [0] NCCL INFO NET/IB: ncclIbConnect isP2p=1
ip-10-32-4-110:160575:160667 [0] NCCL INFO NET/IB: ncclIbConnect Max Nqps=4, localNqps=4, remoteNqps=4
ip-10-32-4-110:160575:160667 [0] NCCL INFO NET/IB: NCCL Dev 0 IbDev 0 Port 1 qpn 48914 mtu 5 GID 3 (0/E627081AFFFF0000) fifoRkey=0x180ab9 fifoLkey=0x180ab9
ip-10-32-4-110:160575:160667 [0] NCCL INFO NET/IB: IbDev 0 Port 1 qpn 48914 query_ece={supported=1, vendor_id=0x15b3, options=0x30000002, comp_mask=0x0}
ip-10-32-4-110:160575:160667 [0] NCCL INFO NET/IB: NCCL Dev 0 IbDev 0 Port 1 qpn 48915 mtu 5 GID 3 (0/E627081AFFFF0000) fifoRkey=0x180ab9 fifoLkey=0x180ab9
ip-10-32-4-110:160575:160667 [0] NCCL INFO NET/IB: IbDev 0 Port 1 qpn 48915 query_ece={supported=1, vendor_id=0x15b3, options=0x30000002, comp_mask=0x0}
ip-10-32-4-110:160575:160667 [0] NCCL INFO NET/IB: NCCL Dev 0 IbDev 0 Port 1 qpn 48917 mtu 5 GID 3 (0/E627081AFFFF0000) fifoRkey=0x180ab9 fifoLkey=0x180ab9
ip-10-32-4-110:160575:160667 [0] NCCL INFO NET/IB: IbDev 0 Port 1 qpn 48917 query_ece={supported=1, vendor_id=0x15b3, options=0x30000002, comp_mask=0x0}
ip-10-32-4-110:160575:160667 [0] NCCL INFO NET/IB: NCCL Dev 0 IbDev 0 Port 1 qpn 48918 mtu 5 GID 3 (0/E627081AFFFF0000) fifoRkey=0x180ab9 fifoLkey=0x180ab9
ip-10-32-4-110:160575:160667 [0] NCCL INFO NET/IB: IbDev 0 Port 1 qpn 48918 query_ece={supported=1, vendor_id=0x15b3, options=0x30000002, comp_mask=0x0}
ip-10-32-4-110:160575:160667 [0] NCCL INFO NET/IB: ncclIbConnect isP2p=1
ip-10-32-4-110:160575:160667 [0] NCCL INFO NET/IB: ncclIbConnect Max Nqps=4, localNqps=4, remoteNqps=4
ip-10-32-4-110:160575:160667 [0] NCCL INFO NET/IB: NCCL Dev 0 IbDev 0 Port 1 qpn 48920 mtu 5 GID 3 (0/E627081AFFFF0000) fifoRkey=0x177c2b fifoLkey=0x177c2b
ip-10-32-4-110:160575:160667 [0] NCCL INFO NET/IB: IbDev 0 Port 1 qpn 48920 query_ece={supported=1, vendor_id=0x15b3, options=0x30000002, comp_mask=0x0}
ip-10-32-4-110:160575:160667 [0] NCCL INFO NET/IB: NCCL Dev 0 IbDev 0 Port 1 qpn 48921 mtu 5 GID 3 (0/E627081AFFFF0000) fifoRkey=0x177c2b fifoLkey=0x177c2b
ip-10-32-4-110:160575:160667 [0] NCCL INFO NET/IB: IbDev 0 Port 1 qpn 48921 query_ece={supported=1, vendor_id=0x15b3, options=0x30000002, comp_mask=0x0}
ip-10-32-4-110:160575:160667 [0] NCCL INFO NET/IB: NCCL Dev 0 IbDev 0 Port 1 qpn 48922 mtu 5 GID 3 (0/E627081AFFFF0000) fifoRkey=0x177c2b fifoLkey=0x177c2b
ip-10-32-4-110:160575:160667 [0] NCCL INFO NET/IB: IbDev 0 Port 1 qpn 48922 query_ece={supported=1, vendor_id=0x15b3, options=0x30000002, comp_mask=0x0}
ip-10-32-4-110:160575:160667 [0] NCCL INFO NET/IB: NCCL Dev 0 IbDev 0 Port 1 qpn 48923 mtu 5 GID 3 (0/E627081AFFFF0000) fifoRkey=0x177c2b fifoLkey=0x177c2b
ip-10-32-4-110:160575:160667 [0] NCCL INFO NET/IB: IbDev 0 Port 1 qpn 48923 query_ece={supported=1, vendor_id=0x15b3, options=0x30000002, comp_mask=0x0}
ip-10-32-4-110:160575:160667 [0] NCCL INFO NET/IB: IbDev 0 Port 1 qpn 48748 set_ece={supported=1, vendor_id=0x15b3, options=0x30000002, comp_mask=0x0}
ip-10-32-4-110:160575:160667 [0] NCCL INFO NET/IB : QP 0x7fd6268b4718 (qpn=0xBE6C) src UDP port set to 60000 (qIndex=0)
ip-10-32-4-110:160575:160667 [0] NCCL INFO NET/IB: IbDev 0 Port 1 qpn 48749 set_ece={supported=1, vendor_id=0x15b3, options=0x30000002, comp_mask=0x0}
ip-10-32-4-110:160575:160667 [0] NCCL INFO NET/IB : QP 0x7fd626900c08 (qpn=0xBE6D) src UDP port set to 60051 (qIndex=1)
ip-10-32-4-110:160575:160667 [0] NCCL INFO NET/IB: IbDev 0 Port 1 qpn 48750 set_ece={supported=1, vendor_id=0x15b3, options=0x30000002, comp_mask=0x0}
ip-10-32-4-110:160575:160667 [0] NCCL INFO NET/IB : QP 0x7fd6268debc8 (qpn=0xBE6E) src UDP port set to 57663 (qIndex=2)
ip-10-32-4-110:160575:160667 [0] NCCL INFO NET/IB: IbDev 0 Port 1 qpn 48751 set_ece={supported=1, vendor_id=0x15b3, options=0x30000002, comp_mask=0x0}
ip-10-32-4-110:160575:160667 [0] NCCL INFO NET/IB : QP 0x7fd625dcfac8 (qpn=0xBE6F) src UDP port set to 57804 (qIndex=3)
ip-10-32-4-110:160575:160667 [0] NCCL INFO NET/IB: IbDev 0 Port 1 qpn 48753 set_ece={supported=1, vendor_id=0x15b3, options=0x30000002, comp_mask=0x0}
ip-10-32-4-110:160575:160667 [0] NCCL INFO NET/IB : QP 0x7fd626860268 (qpn=0xBE71) src UDP port set to 60000 (qIndex=0)
ip-10-32-4-110:160575:160667 [0] NCCL INFO NET/IB: IbDev 0 Port 1 qpn 48754 set_ece={supported=1, vendor_id=0x15b3, options=0x30000002, comp_mask=0x0}
ip-10-32-4-110:160575:160667 [0] NCCL INFO NET/IB : QP 0x7fd626724258 (qpn=0xBE72) src UDP port set to 60051 (qIndex=1)
ip-10-32-4-110:160575:160667 [0] NCCL INFO NET/IB: IbDev 0 Port 1 qpn 48755 set_ece={supported=1, vendor_id=0x15b3, options=0x30000002, comp_mask=0x0}
ip-10-32-4-110:160575:160667 [0] NCCL INFO NET/IB : QP 0x7fd625da1238 (qpn=0xBE73) src UDP port set to 57663 (qIndex=2)
ip-10-32-4-110:160575:160667 [0] NCCL INFO NET/IB: IbDev 0 Port 1 qpn 48757 set_ece={supported=1, vendor_id=0x15b3, options=0x30000002, comp_mask=0x0}
ip-10-32-4-110:160575:160667 [0] NCCL INFO NET/IB : QP 0x7fd6268361f8 (qpn=0xBE75) src UDP port set to 57804 (qIndex=3)
ip-10-32-4-110:160575:160667 [0] NCCL INFO NET/IB: ncclIbConnect isP2p=1
ip-10-32-4-110:160575:160667 [0] NCCL INFO NET/IB: ncclIbConnect Max Nqps=4, localNqps=4, remoteNqps=4
ip-10-32-4-110:160575:160667 [0] NCCL INFO NET/IB: NCCL Dev 0 IbDev 0 Port 1 qpn 48931 mtu 5 GID 3 (0/E627081AFFFF0000) fifoRkey=0x1710bf fifoLkey=0x1710bf
ip-10-32-4-110:160575:160667 [0] NCCL INFO NET/IB: IbDev 0 Port 1 qpn 48931 query_ece={supported=1, vendor_id=0x15b3, options=0x30000002, comp_mask=0x0}
ip-10-32-4-110:160575:160667 [0] NCCL INFO NET/IB: NCCL Dev 0 IbDev 0 Port 1 qpn 48932 mtu 5 GID 3 (0/E627081AFFFF0000) fifoRkey=0x1710bf fifoLkey=0x1710bf
ip-10-32-4-110:160575:160667 [0] NCCL INFO NET/IB: IbDev 0 Port 1 qpn 48932 query_ece={supported=1, vendor_id=0x15b3, options=0x30000002, comp_mask=0x0}
ip-10-32-4-110:160575:160667 [0] NCCL INFO NET/IB: NCCL Dev 0 IbDev 0 Port 1 qpn 48934 mtu 5 GID 3 (0/E627081AFFFF0000) fifoRkey=0x1710bf fifoLkey=0x1710bf
ip-10-32-4-110:160575:160667 [0] NCCL INFO NET/IB: IbDev 0 Port 1 qpn 48934 query_ece={supported=1, vendor_id=0x15b3, options=0x30000002, comp_mask=0x0}
ip-10-32-4-110:160575:160667 [0] NCCL INFO NET/IB: NCCL Dev 0 IbDev 0 Port 1 qpn 48935 mtu 5 GID 3 (0/E627081AFFFF0000) fifoRkey=0x1710bf fifoLkey=0x1710bf
ip-10-32-4-110:160575:160667 [0] NCCL INFO NET/IB: IbDev 0 Port 1 qpn 48935 query_ece={supported=1, vendor_id=0x15b3, options=0x30000002, comp_mask=0x0}
ip-10-32-4-110:160575:160667 [0] NCCL INFO NET/IB: ncclIbConnect isP2p=1
ip-10-32-4-110:160575:160667 [0] NCCL INFO NET/IB: ncclIbConnect Max Nqps=4, localNqps=4, remoteNqps=4
ip-10-32-4-110:160575:160667 [0] NCCL INFO NET/IB: NCCL Dev 0 IbDev 0 Port 1 qpn 48937 mtu 5 GID 3 (0/E627081AFFFF0000) fifoRkey=0x17b967 fifoLkey=0x17b967
ip-10-32-4-110:160575:160667 [0] NCCL INFO NET/IB: IbDev 0 Port 1 qpn 48937 query_ece={supported=1, vendor_id=0x15b3, options=0x30000002, comp_mask=0x0}
ip-10-32-4-110:160575:160667 [0] NCCL INFO NET/IB: NCCL Dev 0 IbDev 0 Port 1 qpn 48938 mtu 5 GID 3 (0/E627081AFFFF0000) fifoRkey=0x17b967 fifoLkey=0x17b967
ip-10-32-4-110:160575:160667 [0] NCCL INFO NET/IB: IbDev 0 Port 1 qpn 48938 query_ece={supported=1, vendor_id=0x15b3, options=0x30000002, comp_mask=0x0}
ip-10-32-4-110:160575:160667 [0] NCCL INFO NET/IB: NCCL Dev 0 IbDev 0 Port 1 qpn 48939 mtu 5 GID 3 (0/E627081AFFFF0000) fifoRkey=0x17b967 fifoLkey=0x17b967
ip-10-32-4-110:160575:160667 [0] NCCL INFO NET/IB: IbDev 0 Port 1 qpn 48939 query_ece={supported=1, vendor_id=0x15b3, options=0x30000002, comp_mask=0x0}
ip-10-32-4-110:160575:160667 [0] NCCL INFO NET/IB: NCCL Dev 0 IbDev 0 Port 1 qpn 48941 mtu 5 GID 3 (0/E627081AFFFF0000) fifoRkey=0x17b967 fifoLkey=0x17b967
ip-10-32-4-110:160575:160667 [0] NCCL INFO NET/IB: IbDev 0 Port 1 qpn 48941 query_ece={supported=1, vendor_id=0x15b3, options=0x30000002, comp_mask=0x0}
ip-10-32-4-110:160575:160667 [0] NCCL INFO NET/IB: ncclIbConnect isP2p=1
ip-10-32-4-110:160575:160667 [0] NCCL INFO NET/IB: ncclIbConnect Max Nqps=4, localNqps=4, remoteNqps=4
ip-10-32-4-110:160575:160667 [0] NCCL INFO NET/IB: NCCL Dev 0 IbDev 0 Port 1 qpn 48942 mtu 5 GID 3 (0/E627081AFFFF0000) fifoRkey=0x17dc8b fifoLkey=0x17dc8b
ip-10-32-4-110:160575:160667 [0] NCCL INFO NET/IB: IbDev 0 Port 1 qpn 48942 query_ece={supported=1, vendor_id=0x15b3, options=0x30000002, comp_mask=0x0}
ip-10-32-4-110:160575:160667 [0] NCCL INFO NET/IB: NCCL Dev 0 IbDev 0 Port 1 qpn 48944 mtu 5 GID 3 (0/E627081AFFFF0000) fifoRkey=0x17dc8b fifoLkey=0x17dc8b
ip-10-32-4-110:160575:160667 [0] NCCL INFO NET/IB: IbDev 0 Port 1 qpn 48944 query_ece={supported=1, vendor_id=0x15b3, options=0x30000002, comp_mask=0x0}
ip-10-32-4-110:160575:160667 [0] NCCL INFO NET/IB: NCCL Dev 0 IbDev 0 Port 1 qpn 48946 mtu 5 GID 3 (0/E627081AFFFF0000) fifoRkey=0x17dc8b fifoLkey=0x17dc8b
ip-10-32-4-110:160575:160667 [0] NCCL INFO NET/IB: IbDev 0 Port 1 qpn 48946 query_ece={supported=1, vendor_id=0x15b3, options=0x30000002, comp_mask=0x0}
ip-10-32-4-110:160575:160667 [0] NCCL INFO NET/IB: NCCL Dev 0 IbDev 0 Port 1 qpn 48948 mtu 5 GID 3 (0/E627081AFFFF0000) fifoRkey=0x17dc8b fifoLkey=0x17dc8b
ip-10-32-4-110:160575:160667 [0] NCCL INFO NET/IB: IbDev 0 Port 1 qpn 48948 query_ece={supported=1, vendor_id=0x15b3, options=0x30000002, comp_mask=0x0}
ip-10-32-4-110:160575:160667 [0] NCCL INFO NET/IB: IbDev 0 Port 1 qpn 48869 set_ece={supported=1, vendor_id=0x15b3, options=0x30000002, comp_mask=0x0}
ip-10-32-4-110:160575:160667 [0] NCCL INFO NET/IB : QP 0x7fd626b04c38 (qpn=0xBEE5) src UDP port set to 60000 (qIndex=0)
ip-10-32-4-110:160575:160667 [0] NCCL INFO NET/IB: IbDev 0 Port 1 qpn 48871 set_ece={supported=1, vendor_id=0x15b3, options=0x30000002, comp_mask=0x0}
ip-10-32-4-110:160575:160667 [0] NCCL INFO NET/IB : QP 0x7fd626d32868 (qpn=0xBEE7) src UDP port set to 60051 (qIndex=1)
ip-10-32-4-110:160575:160667 [0] NCCL INFO NET/IB: IbDev 0 Port 1 qpn 48872 set_ece={supported=1, vendor_id=0x15b3, options=0x30000002, comp_mask=0x0}
ip-10-32-4-110:160575:160667 [0] NCCL INFO NET/IB : QP 0x7fd626596868 (qpn=0xBEE8) src UDP port set to 57663 (qIndex=2)
ip-10-32-4-110:160575:160667 [0] NCCL INFO NET/IB: IbDev 0 Port 1 qpn 48874 set_ece={supported=1, vendor_id=0x15b3, options=0x30000002, comp_mask=0x0}
ip-10-32-4-110:160575:160667 [0] NCCL INFO NET/IB : QP 0x7fd627621898 (qpn=0xBEEA) src UDP port set to 57804 (qIndex=3)
ip-10-32-4-110:160575:160667 [0] NCCL INFO NET/IB: IbDev 0 Port 1 qpn 48899 set_ece={supported=1, vendor_id=0x15b3, options=0x30000002, comp_mask=0x0}
ip-10-32-4-110:160575:160667 [0] NCCL INFO NET/IB : QP 0x7fd6257ef858 (qpn=0xBF03) src UDP port set to 60000 (qIndex=0)
ip-10-32-4-110:160575:160667 [0] NCCL INFO NET/IB: IbDev 0 Port 1 qpn 48901 set_ece={supported=1, vendor_id=0x15b3, options=0x30000002, comp_mask=0x0}
ip-10-32-4-110:160575:160667 [0] NCCL INFO NET/IB : QP 0x7fd6257efc28 (qpn=0xBF05) src UDP port set to 60051 (qIndex=1)
ip-10-32-4-110:160575:160667 [0] NCCL INFO NET/IB: IbDev 0 Port 1 qpn 48902 set_ece={supported=1, vendor_id=0x15b3, options=0x30000002, comp_mask=0x0}
ip-10-32-4-110:160575:160667 [0] NCCL INFO NET/IB : QP 0x7fd6279f3898 (qpn=0xBF06) src UDP port set to 57663 (qIndex=2)
ip-10-32-4-110:160575:160667 [0] NCCL INFO NET/IB: IbDev 0 Port 1 qpn 48904 set_ece={supported=1, vendor_id=0x15b3, options=0x30000002, comp_mask=0x0}
ip-10-32-4-110:160575:160667 [0] NCCL INFO NET/IB : QP 0x7fd6258ae858 (qpn=0xBF08) src UDP port set to 57804 (qIndex=3)
ip-10-32-4-110:160575:160667 [0] NCCL INFO NET/IB: IbDev 0 Port 1 qpn 48907 set_ece={supported=1, vendor_id=0x15b3, options=0x30000002, comp_mask=0x0}
ip-10-32-4-110:160575:160667 [0] NCCL INFO NET/IB : QP 0x7fd6258aec28 (qpn=0xBF0B) src UDP port set to 60000 (qIndex=0)
ip-10-32-4-110:160575:160667 [0] NCCL INFO NET/IB: IbDev 0 Port 1 qpn 48909 set_ece={supported=1, vendor_id=0x15b3, options=0x30000002, comp_mask=0x0}
ip-10-32-4-110:160575:160667 [0] NCCL INFO NET/IB : QP 0x7fd625884858 (qpn=0xBF0D) src UDP port set to 60051 (qIndex=1)
ip-10-32-4-110:160575:160667 [0] NCCL INFO NET/IB: IbDev 0 Port 1 qpn 48910 set_ece={supported=1, vendor_id=0x15b3, options=0x30000002, comp_mask=0x0}
ip-10-32-4-110:160575:160667 [0] NCCL INFO NET/IB : QP 0x7fd625884c28 (qpn=0xBF0E) src UDP port set to 57663 (qIndex=2)
ip-10-32-4-110:160575:160667 [0] NCCL INFO NET/IB: IbDev 0 Port 1 qpn 48912 set_ece={supported=1, vendor_id=0x15b3, options=0x30000002, comp_mask=0x0}
ip-10-32-4-110:160575:160667 [0] NCCL INFO NET/IB : QP 0x7fd627adc898 (qpn=0xBF10) src UDP port set to 57804 (qIndex=3)
ip-10-32-4-110:160575:160667 [0] NCCL INFO NET/IB: IbDev 0 Port 1 qpn 48914 set_ece={supported=1, vendor_id=0x15b3, options=0x30000002, comp_mask=0x0}
ip-10-32-4-110:160575:160667 [0] NCCL INFO NET/IB : QP 0x7fd6258d8858 (qpn=0xBF12) src UDP port set to 60000 (qIndex=0)
ip-10-32-4-110:160575:160667 [0] NCCL INFO NET/IB: IbDev 0 Port 1 qpn 48915 set_ece={supported=1, vendor_id=0x15b3, options=0x30000002, comp_mask=0x0}
ip-10-32-4-110:160575:160667 [0] NCCL INFO NET/IB : QP 0x7fd6258d8c28 (qpn=0xBF13) src UDP port set to 60051 (qIndex=1)
ip-10-32-4-110:160575:160667 [0] NCCL INFO NET/IB: IbDev 0 Port 1 qpn 48917 set_ece={supported=1, vendor_id=0x15b3, options=0x30000002, comp_mask=0x0}
ip-10-32-4-110:160575:160667 [0] NCCL INFO NET/IB : QP 0x7fd627bc5898 (qpn=0xBF15) src UDP port set to 57663 (qIndex=2)
ip-10-32-4-110:160575:160667 [0] NCCL INFO NET/IB: IbDev 0 Port 1 qpn 48918 set_ece={supported=1, vendor_id=0x15b3, options=0x30000002, comp_mask=0x0}
ip-10-32-4-110:160575:160667 [0] NCCL INFO NET/IB : QP 0x7fd625997858 (qpn=0xBF16) src UDP port set to 57804 (qIndex=3)
ip-10-32-4-110:160575:160667 [0] NCCL INFO NET/IB: IbDev 0 Port 1 qpn 48931 set_ece={supported=1, vendor_id=0x15b3, options=0x30000002, comp_mask=0x0}
ip-10-32-4-110:160575:160667 [0] NCCL INFO NET/IB : QP 0x7fd6259eb858 (qpn=0xBF23) src UDP port set to 60000 (qIndex=0)
ip-10-32-4-110:160575:160667 [0] NCCL INFO NET/IB: IbDev 0 Port 1 qpn 48932 set_ece={supported=1, vendor_id=0x15b3, options=0x30000002, comp_mask=0x0}
ip-10-32-4-110:160575:160667 [0] NCCL INFO NET/IB : QP 0x7fd6259ebc28 (qpn=0xBF24) src UDP port set to 60051 (qIndex=1)
ip-10-32-4-110:160575:160667 [0] NCCL INFO NET/IB: IbDev 0 Port 1 qpn 48934 set_ece={supported=1, vendor_id=0x15b3, options=0x30000002, comp_mask=0x0}
ip-10-32-4-110:160575:160667 [0] NCCL INFO NET/IB : QP 0x7fd627d97898 (qpn=0xBF26) src UDP port set to 57663 (qIndex=2)
ip-10-32-4-110:160575:160667 [0] NCCL INFO NET/IB: IbDev 0 Port 1 qpn 48935 set_ece={supported=1, vendor_id=0x15b3, options=0x30000002, comp_mask=0x0}
ip-10-32-4-110:160575:160667 [0] NCCL INFO NET/IB : QP 0x7fd625aac858 (qpn=0xBF27) src UDP port set to 57804 (qIndex=3)
ip-10-32-4-110:160575:160667 [0] NCCL INFO NET/IB: IbDev 0 Port 1 qpn 48937 set_ece={supported=1, vendor_id=0x15b3, options=0x30000002, comp_mask=0x0}
ip-10-32-4-110:160575:160667 [0] NCCL INFO NET/IB : QP 0x7fd625aacc28 (qpn=0xBF29) src UDP port set to 60000 (qIndex=0)
ip-10-32-4-110:160575:160667 [0] NCCL INFO NET/IB: IbDev 0 Port 1 qpn 48938 set_ece={supported=1, vendor_id=0x15b3, options=0x30000002, comp_mask=0x0}
ip-10-32-4-110:160575:160667 [0] NCCL INFO NET/IB : QP 0x7fd627deb8c8 (qpn=0xBF2A) src UDP port set to 60051 (qIndex=1)
ip-10-32-4-110:160575:160667 [0] NCCL INFO NET/IB: IbDev 0 Port 1 qpn 48939 set_ece={supported=1, vendor_id=0x15b3, options=0x30000002, comp_mask=0x0}
ip-10-32-4-110:160575:160667 [0] NCCL INFO NET/IB : QP 0x7fd627e37898 (qpn=0xBF2B) src UDP port set to 57663 (qIndex=2)
ip-10-32-4-110:160575:160667 [0] NCCL INFO NET/IB: IbDev 0 Port 1 qpn 48941 set_ece={supported=1, vendor_id=0x15b3, options=0x30000002, comp_mask=0x0}
ip-10-32-4-110:160575:160667 [0] NCCL INFO NET/IB : QP 0x7fd625ad6858 (qpn=0xBF2D) src UDP port set to 57804 (qIndex=3)
ip-10-32-4-110:160575:160667 [0] NCCL INFO NET/IB: IbDev 0 Port 1 qpn 48942 set_ece={supported=1, vendor_id=0x15b3, options=0x30000002, comp_mask=0x0}
ip-10-32-4-110:160575:160667 [0] NCCL INFO NET/IB : QP 0x7fd625ad6c28 (qpn=0xBF2E) src UDP port set to 60000 (qIndex=0)
ip-10-32-4-110:160575:160667 [0] NCCL INFO NET/IB: IbDev 0 Port 1 qpn 48944 set_ece={supported=1, vendor_id=0x15b3, options=0x30000002, comp_mask=0x0}
ip-10-32-4-110:160575:160667 [0] NCCL INFO NET/IB : QP 0x7fd625b95858 (qpn=0xBF30) src UDP port set to 60051 (qIndex=1)
ip-10-32-4-110:160575:160667 [0] NCCL INFO NET/IB: IbDev 0 Port 1 qpn 48946 set_ece={supported=1, vendor_id=0x15b3, options=0x30000002, comp_mask=0x0}
ip-10-32-4-110:160575:160667 [0] NCCL INFO NET/IB : QP 0x7fd625b95c28 (qpn=0xBF32) src UDP port set to 57663 (qIndex=2)
ip-10-32-4-110:160575:160667 [0] NCCL INFO NET/IB: IbDev 0 Port 1 qpn 48948 set_ece={supported=1, vendor_id=0x15b3, options=0x30000002, comp_mask=0x0}
ip-10-32-4-110:160575:160667 [0] NCCL INFO NET/IB : QP 0x7fd627f69898 (qpn=0xBF34) src UDP port set to 57804 (qIndex=3)
ip-10-32-4-110:160575:160667 [0] NCCL INFO NET/IB: ncclIbConnect isP2p=1
ip-10-32-4-110:160575:160667 [0] NCCL INFO NET/IB: ncclIbConnect Max Nqps=4, localNqps=4, remoteNqps=4
ip-10-32-4-110:160575:160667 [0] NCCL INFO NET/IB: NCCL Dev 0 IbDev 0 Port 1 qpn 48962 mtu 5 GID 3 (0/E627081AFFFF0000) fifoRkey=0x20c48e fifoLkey=0x20c48e
ip-10-32-4-110:160575:160667 [0] NCCL INFO NET/IB: IbDev 0 Port 1 qpn 48962 query_ece={supported=1, vendor_id=0x15b3, options=0x30000002, comp_mask=0x0}
ip-10-32-4-110:160575:160667 [0] NCCL INFO NET/IB: NCCL Dev 0 IbDev 0 Port 1 qpn 48963 mtu 5 GID 3 (0/E627081AFFFF0000) fifoRkey=0x20c48e fifoLkey=0x20c48e
ip-10-32-4-110:160575:160667 [0] NCCL INFO NET/IB: IbDev 0 Port 1 qpn 48963 query_ece={supported=1, vendor_id=0x15b3, options=0x30000002, comp_mask=0x0}
ip-10-32-4-110:160575:160667 [0] NCCL INFO NET/IB: NCCL Dev 0 IbDev 0 Port 1 qpn 48964 mtu 5 GID 3 (0/E627081AFFFF0000) fifoRkey=0x20c48e fifoLkey=0x20c48e
ip-10-32-4-110:160575:160667 [0] NCCL INFO NET/IB: IbDev 0 Port 1 qpn 48964 query_ece={supported=1, vendor_id=0x15b3, options=0x30000002, comp_mask=0x0}
ip-10-32-4-110:160575:160667 [0] NCCL INFO NET/IB: NCCL Dev 0 IbDev 0 Port 1 qpn 48965 mtu 5 GID 3 (0/E627081AFFFF0000) fifoRkey=0x20c48e fifoLkey=0x20c48e
ip-10-32-4-110:160575:160667 [0] NCCL INFO NET/IB: IbDev 0 Port 1 qpn 48965 query_ece={supported=1, vendor_id=0x15b3, options=0x30000002, comp_mask=0x0}
ip-10-32-4-110:160575:160667 [0] NCCL INFO NET/IB: IbDev 0 Port 1 qpn 48887 set_ece={supported=1, vendor_id=0x15b3, options=0x30000002, comp_mask=0x0}
ip-10-32-4-110:160575:160667 [0] NCCL INFO NET/IB : QP 0x7fd625706c28 (qpn=0xBEF7) src UDP port set to 60000 (qIndex=0)
ip-10-32-4-110:160575:160667 [0] NCCL INFO NET/IB: IbDev 0 Port 1 qpn 48889 set_ece={supported=1, vendor_id=0x15b3, options=0x30000002, comp_mask=0x0}
ip-10-32-4-110:160575:160667 [0] NCCL INFO NET/IB : QP 0x7fd6254e0858 (qpn=0xBEF9) src UDP port set to 60051 (qIndex=1)
ip-10-32-4-110:160575:160667 [0] NCCL INFO NET/IB: IbDev 0 Port 1 qpn 48890 set_ece={supported=1, vendor_id=0x15b3, options=0x30000002, comp_mask=0x0}
ip-10-32-4-110:160575:160667 [0] NCCL INFO NET/IB : QP 0x7fd62781f898 (qpn=0xBEFA) src UDP port set to 57663 (qIndex=2)
ip-10-32-4-110:160575:160667 [0] NCCL INFO NET/IB: IbDev 0 Port 1 qpn 48892 set_ece={supported=1, vendor_id=0x15b3, options=0x30000002, comp_mask=0x0}
ip-10-32-4-110:160575:160667 [0] NCCL INFO NET/IB : QP 0x7fd6277d4898 (qpn=0xBEFC) src UDP port set to 57804 (qIndex=3)
ip-10-32-4-110:160575:160667 [0] NCCL INFO NET/IB: IbDev 0 Port 1 qpn 48894 set_ece={supported=1, vendor_id=0x15b3, options=0x30000002, comp_mask=0x0}
ip-10-32-4-110:160575:160667 [0] NCCL INFO NET/IB : QP 0x7fd625819858 (qpn=0xBEFE) src UDP port set to 60000 (qIndex=0)
ip-10-32-4-110:160575:160667 [0] NCCL INFO NET/IB: IbDev 0 Port 1 qpn 48895 set_ece={supported=1, vendor_id=0x15b3, options=0x30000002, comp_mask=0x0}
ip-10-32-4-110:160575:160667 [0] NCCL INFO NET/IB : QP 0x7fd625819c28 (qpn=0xBEFF) src UDP port set to 60051 (qIndex=1)
ip-10-32-4-110:160575:160667 [0] NCCL INFO NET/IB: IbDev 0 Port 1 qpn 48897 set_ece={supported=1, vendor_id=0x15b3, options=0x30000002, comp_mask=0x0}
ip-10-32-4-110:160575:160667 [0] NCCL INFO NET/IB : QP 0x7fd6278c1868 (qpn=0xBF01) src UDP port set to 57663 (qIndex=2)
ip-10-32-4-110:160575:160667 [0] NCCL INFO NET/IB: IbDev 0 Port 1 qpn 48898 set_ece={supported=1, vendor_id=0x15b3, options=0x30000002, comp_mask=0x0}
ip-10-32-4-110:160575:160667 [0] NCCL INFO NET/IB : QP 0x7fd6278c1c38 (qpn=0xBF02) src UDP port set to 57804 (qIndex=3)
ip-10-32-4-110:160575:160667 [0] NCCL INFO NET/IB: IbDev 0 Port 1 qpn 48920 set_ece={supported=1, vendor_id=0x15b3, options=0x30000002, comp_mask=0x0}
ip-10-32-4-110:160575:160667 [0] NCCL INFO NET/IB : QP 0x7fd625997c28 (qpn=0xBF18) src UDP port set to 60000 (qIndex=0)
ip-10-32-4-110:160575:160667 [0] NCCL INFO NET/IB: IbDev 0 Port 1 qpn 48921 set_ece={supported=1, vendor_id=0x15b3, options=0x30000002, comp_mask=0x0}
ip-10-32-4-110:160575:160667 [0] NCCL INFO NET/IB : QP 0x7fd6259c1858 (qpn=0xBF19) src UDP port set to 60051 (qIndex=1)
ip-10-32-4-110:160575:160667 [0] NCCL INFO NET/IB: IbDev 0 Port 1 qpn 48922 set_ece={supported=1, vendor_id=0x15b3, options=0x30000002, comp_mask=0x0}
ip-10-32-4-110:160575:160667 [0] NCCL INFO NET/IB : QP 0x7fd6259c1c28 (qpn=0xBF1A) src UDP port set to 57663 (qIndex=2)
ip-10-32-4-110:160575:160667 [0] NCCL INFO NET/IB: IbDev 0 Port 1 qpn 48923 set_ece={supported=1, vendor_id=0x15b3, options=0x30000002, comp_mask=0x0}
ip-10-32-4-110:160575:160667 [0] NCCL INFO NET/IB : QP 0x7fd627cae898 (qpn=0xBF1B) src UDP port set to 57804 (qIndex=3)
ip-10-32-4-110:160575:160667 [0] NCCL INFO NET/IB: ncclIbConnect isP2p=1
ip-10-32-4-110:160575:160667 [0] NCCL INFO NET/IB: ncclIbConnect Max Nqps=4, localNqps=4, remoteNqps=4
ip-10-32-4-110:160575:160667 [0] NCCL INFO NET/IB: NCCL Dev 0 IbDev 0 Port 1 qpn 48966 mtu 5 GID 3 (0/E627081AFFFF0000) fifoRkey=0x164af9 fifoLkey=0x164af9
ip-10-32-4-110:160575:160667 [0] NCCL INFO NET/IB: IbDev 0 Port 1 qpn 48966 query_ece={supported=1, vendor_id=0x15b3, options=0x30000002, comp_mask=0x0}
ip-10-32-4-110:160575:160667 [0] NCCL INFO NET/IB: NCCL Dev 0 IbDev 0 Port 1 qpn 48967 mtu 5 GID 3 (0/E627081AFFFF0000) fifoRkey=0x164af9 fifoLkey=0x164af9
ip-10-32-4-110:160575:160667 [0] NCCL INFO NET/IB: IbDev 0 Port 1 qpn 48967 query_ece={supported=1, vendor_id=0x15b3, options=0x30000002, comp_mask=0x0}
ip-10-32-4-110:160575:160667 [0] NCCL INFO NET/IB: NCCL Dev 0 IbDev 0 Port 1 qpn 48968 mtu 5 GID 3 (0/E627081AFFFF0000) fifoRkey=0x164af9 fifoLkey=0x164af9
ip-10-32-4-110:160575:160667 [0] NCCL INFO NET/IB: IbDev 0 Port 1 qpn 48968 query_ece={supported=1, vendor_id=0x15b3, options=0x30000002, comp_mask=0x0}
ip-10-32-4-110:160575:160667 [0] NCCL INFO NET/IB: NCCL Dev 0 IbDev 0 Port 1 qpn 48969 mtu 5 GID 3 (0/E627081AFFFF0000) fifoRkey=0x164af9 fifoLkey=0x164af9
ip-10-32-4-110:160575:160667 [0] NCCL INFO NET/IB: IbDev 0 Port 1 qpn 48969 query_ece={supported=1, vendor_id=0x15b3, options=0x30000002, comp_mask=0x0}
ip-10-32-4-110:160575:160667 [0] NCCL INFO NET/IB: ncclIbConnect isP2p=1
ip-10-32-4-110:160575:160667 [0] NCCL INFO NET/IB: ncclIbConnect Max Nqps=4, localNqps=4, remoteNqps=4
ip-10-32-4-110:160575:160667 [0] NCCL INFO NET/IB: NCCL Dev 0 IbDev 0 Port 1 qpn 48970 mtu 5 GID 3 (0/E627081AFFFF0000) fifoRkey=0x20be88 fifoLkey=0x20be88
ip-10-32-4-110:160575:160667 [0] NCCL INFO NET/IB: IbDev 0 Port 1 qpn 48970 query_ece={supported=1, vendor_id=0x15b3, options=0x30000002, comp_mask=0x0}
ip-10-32-4-110:160575:160667 [0] NCCL INFO NET/IB: NCCL Dev 0 IbDev 0 Port 1 qpn 48971 mtu 5 GID 3 (0/E627081AFFFF0000) fifoRkey=0x20be88 fifoLkey=0x20be88
ip-10-32-4-110:160575:160667 [0] NCCL INFO NET/IB: IbDev 0 Port 1 qpn 48971 query_ece={supported=1, vendor_id=0x15b3, options=0x30000002, comp_mask=0x0}
ip-10-32-4-110:160575:160667 [0] NCCL INFO NET/IB: NCCL Dev 0 IbDev 0 Port 1 qpn 48972 mtu 5 GID 3 (0/E627081AFFFF0000) fifoRkey=0x20be88 fifoLkey=0x20be88
ip-10-32-4-110:160575:160667 [0] NCCL INFO NET/IB: IbDev 0 Port 1 qpn 48972 query_ece={supported=1, vendor_id=0x15b3, options=0x30000002, comp_mask=0x0}
ip-10-32-4-110:160575:160667 [0] NCCL INFO NET/IB: NCCL Dev 0 IbDev 0 Port 1 qpn 48973 mtu 5 GID 3 (0/E627081AFFFF0000) fifoRkey=0x20be88 fifoLkey=0x20be88
ip-10-32-4-110:160575:160667 [0] NCCL INFO NET/IB: IbDev 0 Port 1 qpn 48973 query_ece={supported=1, vendor_id=0x15b3, options=0x30000002, comp_mask=0x0}
ip-10-32-4-110:160575:160667 [0] NCCL INFO NET/IB: IbDev 0 Port 1 qpn 48962 set_ece={supported=1, vendor_id=0x15b3, options=0x30000002, comp_mask=0x0}
ip-10-32-4-110:160575:160667 [0] NCCL INFO NET/IB : QP 0x7fd626433858 (qpn=0xBF42) src UDP port set to 60000 (qIndex=0)
ip-10-32-4-110:160575:160667 [0] NCCL INFO NET/IB: IbDev 0 Port 1 qpn 48963 set_ece={supported=1, vendor_id=0x15b3, options=0x30000002, comp_mask=0x0}
ip-10-32-4-110:160575:160667 [0] NCCL INFO NET/IB : QP 0x7fd626433c28 (qpn=0xBF43) src UDP port set to 60051 (qIndex=1)
ip-10-32-4-110:160575:160667 [0] NCCL INFO NET/IB: IbDev 0 Port 1 qpn 48964 set_ece={supported=1, vendor_id=0x15b3, options=0x30000002, comp_mask=0x0}
ip-10-32-4-110:160575:160667 [0] NCCL INFO NET/IB : QP 0x7fd5ac099878 (qpn=0xBF44) src UDP port set to 57663 (qIndex=2)
ip-10-32-4-110:160575:160667 [0] NCCL INFO NET/IB: IbDev 0 Port 1 qpn 48965 set_ece={supported=1, vendor_id=0x15b3, options=0x30000002, comp_mask=0x0}
ip-10-32-4-110:160575:160667 [0] NCCL INFO NET/IB : QP 0x7fd627fe7858 (qpn=0xBF45) src UDP port set to 57804 (qIndex=3)
ip-10-32-4-110:160575:160667 [0] NCCL INFO NET/IB: IbDev 0 Port 1 qpn 48966 set_ece={supported=1, vendor_id=0x15b3, options=0x30000002, comp_mask=0x0}
ip-10-32-4-110:160575:160667 [0] NCCL INFO NET/IB : QP 0x7fd5ac052ac8 (qpn=0xBF46) src UDP port set to 60000 (qIndex=0)
ip-10-32-4-110:160575:160667 [0] NCCL INFO NET/IB: IbDev 0 Port 1 qpn 48967 set_ece={supported=1, vendor_id=0x15b3, options=0x30000002, comp_mask=0x0}
ip-10-32-4-110:160575:160667 [0] NCCL INFO NET/IB : QP 0x7fd5ac139898 (qpn=0xBF47) src UDP port set to 60051 (qIndex=1)
ip-10-32-4-110:160575:160667 [0] NCCL INFO NET/IB: IbDev 0 Port 1 qpn 48968 set_ece={supported=1, vendor_id=0x15b3, options=0x30000002, comp_mask=0x0}
ip-10-32-4-110:160575:160667 [0] NCCL INFO NET/IB : QP 0x7fd5ac19d868 (qpn=0xBF48) src UDP port set to 57663 (qIndex=2)
ip-10-32-4-110:160575:160667 [0] NCCL INFO NET/IB: IbDev 0 Port 1 qpn 48969 set_ece={supported=1, vendor_id=0x15b3, options=0x30000002, comp_mask=0x0}
ip-10-32-4-110:160575:160667 [0] NCCL INFO NET/IB : QP 0x7fd5ac19dc38 (qpn=0xBF49) src UDP port set to 57804 (qIndex=3)
ip-10-32-4-110:160575:160667 [0] NCCL INFO NET/IB: IbDev 0 Port 1 qpn 48970 set_ece={supported=1, vendor_id=0x15b3, options=0x30000002, comp_mask=0x0}
ip-10-32-4-110:160575:160667 [0] NCCL INFO NET/IB : QP 0x7fd5ac2108c8 (qpn=0xBF4A) src UDP port set to 60000 (qIndex=0)
ip-10-32-4-110:160575:160667 [0] NCCL INFO NET/IB: IbDev 0 Port 1 qpn 48971 set_ece={supported=1, vendor_id=0x15b3, options=0x30000002, comp_mask=0x0}
ip-10-32-4-110:160575:160667 [0] NCCL INFO NET/IB : QP 0x7fd5ac2648c8 (qpn=0xBF4B) src UDP port set to 60051 (qIndex=1)
ip-10-32-4-110:160575:160667 [0] NCCL INFO NET/IB: IbDev 0 Port 1 qpn 48972 set_ece={supported=1, vendor_id=0x15b3, options=0x30000002, comp_mask=0x0}
ip-10-32-4-110:160575:160667 [0] NCCL INFO NET/IB : QP 0x7fd5ac2cf898 (qpn=0xBF4C) src UDP port set to 57663 (qIndex=2)
ip-10-32-4-110:160575:160667 [0] NCCL INFO NET/IB: IbDev 0 Port 1 qpn 48973 set_ece={supported=1, vendor_id=0x15b3, options=0x30000002, comp_mask=0x0}
ip-10-32-4-110:160575:160667 [0] NCCL INFO NET/IB : QP 0x7fd5ac16b868 (qpn=0xBF4D) src UDP port set to 57804 (qIndex=3)
ip-10-32-4-110:160575:160678 [0] NCCL INFO recvProxyProgress: issued GDR flush
     1048576         16384     float    none      -1    86.40   12.14   11.38      0    81.12   12.93   12.12    N/A
     2097152         32768     float    none      -1    106.0   19.78   18.54      0    105.8   19.82   18.58    N/A
     4194304         65536     float    none      -1    156.2   26.84   25.17      0    156.0   26.88   25.20    N/A
     8388608        131072     float    none      -1    274.3   30.58   28.67      0    277.1   30.27   28.38    N/A
    16777216        262144     float    none      -1    517.3   32.43   30.41      0    496.7   33.78   31.67    N/A
    33554432        524288     float    none      -1    963.6   34.82   32.65      0    970.5   34.57   32.41    N/A
    67108864       1048576     float    none      -1   1746.1   38.43   36.03      0   1746.4   38.43   36.03    N/A
   134217728       2097152     float    none      -1   3258.5   41.19   38.62      0   3275.5   40.98   38.42    N/A
   268435456       4194304     float    none      -1   6240.4   43.02   40.33      0   6252.3   42.93   40.25    N/A
   536870912       8388608     float    none      -1    12080   44.44   41.67      0    12117   44.31   41.54    N/A
  1073741824      16777216     float    none      -1    24154   44.45   41.68      0    24158   44.45   41.67    N/A
  2147483648      33554432     float    none      -1    46881   45.81   42.94      0    47450   45.26   42.43    N/A
  4294967296      67108864     float    none      -1    95731   44.87   42.06      0    96427   44.54   41.76    N/A
ip-10-32-4-110:160575:160714 [0] NCCL INFO comm 0x7fe0b2705010 rank 0 nranks 16 cudaDev 0 busId 5000 - Destroy COMPLETE
# Errors with asterisks indicate errors that have exceeded the maximum threshold.
# Out of bounds values : 0 OK
# Avg bus bandwidth    : 33.0985 
#
# Collective test concluded: alltoall_perf

